<?xml version = '1.0' encoding = 'UTF-8'?>
<ns0:simpleDataObject xmlns:ns0="http://xmlns.oracle.com/bam/bam12">
<name>ORACLE_PROCESSANALYTICS_TASK</name>
<id>/dataobject/ORACLE_PROCESSANALYTICS_TASK</id>
<displayName>/oracle/processanalytics/internal/physical/HWF Task (physical)</displayName>
<internal>false</internal>
<useHive>false</useHive>
<systemManaged>false</systemManaged>
<createdDate>2016-09-28T11:29:45.484-04:00</createdDate>
<modifiedDate>2016-09-28T11:29:45.484-04:00</modifiedDate>
<createdBy>OracleSystemUser</createdBy>
<modifiedBy>OracleSystemUser</modifiedBy>
<alias>BPM_PV_HWF_TASK_V</alias>
<flexTableConfigured>true</flexTableConfigured>
<category>HWF</category>
<calculatedFields/>
<timeHierarchies/>
<cqType>RELATION</cqType>
<cqArchived>true</cqArchived>
<cqSource>jms:topic/oracle.beam.server.event.dataobject</cqSource>
<cqStampType>SYSTEM</cqStampType>
<slowChangingDimension>false</slowChangingDimension>
<physicalName>BEAM_VIEW_13</physicalName>
<eventId>BEAM_ID</eventId>
<replayAmount>0</replayAmount>
<hidden>false</hidden>
<columns>
<column>
<name>BEAM_ID</name>
<id>21054f7ccf72471f8ab30ff3e81b3781</id>
<displayName>BEAM_ID</displayName>
<internal>false</internal>
<useHive>false</useHive>
<systemManaged>false</systemManaged>
<isEditable>true</isEditable>
<length>2000</length>
<nullable>true</nullable>
<unique>false</unique>
<precision>38</precision>
<scale>10</scale>
<dataType>INT</dataType>
<columnType>ATTRIBUTE</columnType>
<hidden>false</hidden>
<editable>false</editable>
</column>
<column>
<name>DATAOBJECT_CREATED</name>
<id>70b447ac60f849f2892ed7be9483d976</id>
<displayName>DATAOBJECT_CREATED</displayName>
<internal>false</internal>
<useHive>false</useHive>
<systemManaged>false</systemManaged>
<isEditable>true</isEditable>
<length>2000</length>
<nullable>true</nullable>
<unique>false</unique>
<precision>38</precision>
<scale>10</scale>
<dataType>DATETIME</dataType>
<columnType>ATTRIBUTE</columnType>
<hidden>false</hidden>
<editable>false</editable>
</column>
<column>
<name>DATAOBJECT_MODIFIED</name>
<id>656045c969ee4002aa8f5f19e378d5ee</id>
<displayName>DATAOBJECT_MODIFIED</displayName>
<internal>false</internal>
<useHive>false</useHive>
<systemManaged>false</systemManaged>
<isEditable>true</isEditable>
<length>2000</length>
<nullable>true</nullable>
<unique>false</unique>
<precision>38</precision>
<scale>10</scale>
<dataType>DATETIME</dataType>
<columnType>ATTRIBUTE</columnType>
<hidden>false</hidden>
<editable>false</editable>
</column>
<column>
<name>ROOT_TASK_ID</name>
<id>8ebdde4045fd4311884a584ba3f7005f</id>
<displayName>Root Task ID</displayName>
<internal>false</internal>
<useHive>false</useHive>
<systemManaged>false</systemManaged>
<isEditable>true</isEditable>
<length>200</length>
<nullable>false</nullable>
<unique>false</unique>
<precision>38</precision>
<scale>10</scale>
<dataType>VARCHAR</dataType>
<columnType>ATTRIBUTE</columnType>
<label>Root Task Id</label>
<hidden>false</hidden>
<editable>false</editable>
</column>
<column>
<name>TASK_NUMBER</name>
<id>0284a4150d674ef387fa1e1674431cf0</id>
<displayName>Task Number</displayName>
<internal>false</internal>
<useHive>false</useHive>
<systemManaged>false</systemManaged>
<isEditable>true</isEditable>
<length>100</length>
<nullable>false</nullable>
<unique>false</unique>
<precision>38</precision>
<scale>10</scale>
<dataType>INT</dataType>
<columnType>DIMENSION</columnType>
<label>Task Number</label>
<hidden>false</hidden>
<editable>false</editable>
</column>
<column>
<name>TASK_DEFINITION_ID</name>
<id>fc70dcf9f76640cea3dc1340a87ec7c1</id>
<displayName>Task Definition ID</displayName>
<internal>false</internal>
<useHive>false</useHive>
<systemManaged>false</systemManaged>
<isEditable>true</isEditable>
<length>100</length>
<nullable>false</nullable>
<unique>false</unique>
<precision>38</precision>
<scale>10</scale>
<dataType>INT</dataType>
<columnType>ATTRIBUTE</columnType>
<label>Task Definition Beam Id</label>
<hidden>false</hidden>
<editable>false</editable>
</column>
<column>
<name>COMPOSITE_DEFINITION_ID</name>
<id>001163504fe1410ab884286d282a37f7</id>
<displayName>Composite Definition ID</displayName>
<internal>false</internal>
<useHive>false</useHive>
<systemManaged>false</systemManaged>
<isEditable>true</isEditable>
<length>100</length>
<nullable>true</nullable>
<unique>false</unique>
<precision>38</precision>
<scale>10</scale>
<dataType>INT</dataType>
<columnType>ATTRIBUTE</columnType>
<label>Composite Definition Beam Id</label>
<hidden>false</hidden>
<editable>false</editable>
</column>
<column>
<name>COMPOSITE_INSTANCE_ID</name>
<id>90f798f9577e4a6c834befee76ab3e69</id>
<displayName>Composite Instance ID</displayName>
<internal>false</internal>
<useHive>false</useHive>
<systemManaged>false</systemManaged>
<isEditable>true</isEditable>
<length>200</length>
<nullable>true</nullable>
<unique>false</unique>
<precision>38</precision>
<scale>10</scale>
<dataType>VARCHAR</dataType>
<columnType>ATTRIBUTE</columnType>
<label>Composite Instance Id</label>
<hidden>false</hidden>
<editable>false</editable>
</column>
<column>
<name>PROCESS_DEFINITION_ID</name>
<id>6e0ff89eca834139880a7c1bf000663a</id>
<displayName>Process Definition ID</displayName>
<internal>false</internal>
<useHive>false</useHive>
<systemManaged>false</systemManaged>
<isEditable>true</isEditable>
<length>100</length>
<nullable>true</nullable>
<unique>false</unique>
<precision>38</precision>
<scale>10</scale>
<dataType>INT</dataType>
<columnType>ATTRIBUTE</columnType>
<label>Process Definition Beam Id</label>
<hidden>false</hidden>
<editable>false</editable>
</column>
<column>
<name>PROCESS_INSTANCE_ID</name>
<id>6766823601b740c298c075b413a2f620</id>
<displayName>Process Instance ID</displayName>
<internal>false</internal>
<useHive>false</useHive>
<systemManaged>false</systemManaged>
<isEditable>true</isEditable>
<length>200</length>
<nullable>true</nullable>
<unique>false</unique>
<precision>38</precision>
<scale>10</scale>
<dataType>VARCHAR</dataType>
<columnType>DIMENSION</columnType>
<label>Process Instance Id</label>
<hidden>false</hidden>
<editable>false</editable>
</column>
<column>
<name>ACTIVITY_DEFINITION_ID</name>
<id>79328f363b564d169d84df09d22aea79</id>
<displayName>Activity Definition ID</displayName>
<internal>false</internal>
<useHive>false</useHive>
<systemManaged>false</systemManaged>
<isEditable>true</isEditable>
<length>100</length>
<nullable>true</nullable>
<unique>false</unique>
<precision>38</precision>
<scale>10</scale>
<dataType>INT</dataType>
<columnType>ATTRIBUTE</columnType>
<label>Activity Definition Beam Id</label>
<hidden>false</hidden>
<editable>false</editable>
</column>
<column>
<name>START_DATE</name>
<id>64ad24bd430647abaa8edf65017fe2a4</id>
<displayName>Start Date</displayName>
<internal>false</internal>
<useHive>false</useHive>
<systemManaged>false</systemManaged>
<isEditable>true</isEditable>
<length>100</length>
<nullable>true</nullable>
<unique>false</unique>
<precision>38</precision>
<scale>10</scale>
<dataType>DATETIME</dataType>
<columnType>DIMENSION</columnType>
<label>Start Date</label>
<hidden>false</hidden>
<editable>false</editable>
</column>
<column>
<name>END_DATE</name>
<id>df62de6b4c514ea7ba238eba8c634b79</id>
<displayName>End Date</displayName>
<internal>false</internal>
<useHive>false</useHive>
<systemManaged>false</systemManaged>
<isEditable>true</isEditable>
<length>100</length>
<nullable>true</nullable>
<unique>false</unique>
<precision>38</precision>
<scale>10</scale>
<dataType>DATETIME</dataType>
<columnType>DIMENSION</columnType>
<label>End Date</label>
<hidden>false</hidden>
<editable>false</editable>
</column>
<column>
<name>DUE_DATE</name>
<id>41fea79367264d25a7506ae154d41d45</id>
<displayName>Due Date</displayName>
<internal>false</internal>
<useHive>false</useHive>
<systemManaged>false</systemManaged>
<isEditable>true</isEditable>
<length>100</length>
<nullable>true</nullable>
<unique>false</unique>
<precision>38</precision>
<scale>10</scale>
<dataType>DATETIME</dataType>
<columnType>ATTRIBUTE</columnType>
<label>Due Date</label>
<hidden>false</hidden>
<editable>false</editable>
</column>
<column>
<name>EXPIRATION_DATE</name>
<id>4e4045380c3a4a7cae83a3e280b52ddb</id>
<displayName>Expiration Date</displayName>
<internal>false</internal>
<useHive>false</useHive>
<systemManaged>false</systemManaged>
<isEditable>true</isEditable>
<length>100</length>
<nullable>true</nullable>
<unique>false</unique>
<precision>38</precision>
<scale>10</scale>
<dataType>DATETIME</dataType>
<columnType>ATTRIBUTE</columnType>
<label>Expiration Date</label>
<hidden>false</hidden>
<editable>false</editable>
</column>
<column>
<name>TASK_STATE</name>
<id>7f1d95df22d540cabbf32a004e55134a</id>
<displayName>Task State</displayName>
<internal>false</internal>
<useHive>false</useHive>
<systemManaged>false</systemManaged>
<isEditable>true</isEditable>
<length>200</length>
<nullable>false</nullable>
<unique>false</unique>
<precision>38</precision>
<scale>10</scale>
<dataType>VARCHAR</dataType>
<columnType>DIMENSION</columnType>
<label>Task State</label>
<hidden>false</hidden>
<editable>false</editable>
</column>
<column>
<name>TASK_STATE_TYPE</name>
<id>5084f0ed3eca481b85e084bcd7afe2b7</id>
<displayName>Task State Type</displayName>
<internal>false</internal>
<useHive>false</useHive>
<systemManaged>false</systemManaged>
<isEditable>true</isEditable>
<length>200</length>
<nullable>true</nullable>
<unique>false</unique>
<precision>38</precision>
<scale>10</scale>
<dataType>VARCHAR</dataType>
<columnType>DIMENSION</columnType>
<label>Task State Type</label>
<hidden>false</hidden>
<editable>false</editable>
</column>
<column>
<name>TASK_UNATTENDED_TIME</name>
<id>1950995a05894f5fb0f98433c2eba369</id>
<displayName>Task Unattended Time</displayName>
<internal>false</internal>
<useHive>false</useHive>
<systemManaged>false</systemManaged>
<isEditable>true</isEditable>
<length>100</length>
<nullable>true</nullable>
<unique>false</unique>
<precision>38</precision>
<scale>10</scale>
<dataType>INT</dataType>
<columnType>MEASURE</columnType>
<label>Unattended Time</label>
<hidden>false</hidden>
<editable>false</editable>
</column>
<column>
<name>TASK_WAITING_TIME</name>
<id>f882746a83a54444a6a80c7c97e0d564</id>
<displayName>Task Waiting Time</displayName>
<internal>false</internal>
<useHive>false</useHive>
<systemManaged>false</systemManaged>
<isEditable>true</isEditable>
<length>100</length>
<nullable>true</nullable>
<unique>false</unique>
<precision>38</precision>
<scale>10</scale>
<dataType>INT</dataType>
<columnType>MEASURE</columnType>
<label>Waiting Time</label>
<hidden>false</hidden>
<editable>false</editable>
</column>
<column>
<name>TASK_PROCESSING_TIME</name>
<id>8388e4764a0541dfb5195863719affef</id>
<displayName>Task Processing Time</displayName>
<internal>false</internal>
<useHive>false</useHive>
<systemManaged>false</systemManaged>
<isEditable>true</isEditable>
<length>100</length>
<nullable>true</nullable>
<unique>false</unique>
<precision>38</precision>
<scale>10</scale>
<dataType>INT</dataType>
<columnType>MEASURE</columnType>
<label>Processing Time</label>
<hidden>false</hidden>
<editable>false</editable>
</column>
<column>
<name>TASK_SUSPENDED_TIME</name>
<id>6b7e0142a2c843858428e01d64fead7b</id>
<displayName>Task Suspended Time</displayName>
<internal>false</internal>
<useHive>false</useHive>
<systemManaged>false</systemManaged>
<isEditable>true</isEditable>
<length>100</length>
<nullable>true</nullable>
<unique>false</unique>
<precision>38</precision>
<scale>10</scale>
<dataType>INT</dataType>
<columnType>MEASURE</columnType>
<label>Suspended Time</label>
<hidden>false</hidden>
<editable>false</editable>
</column>
<column>
<name>TASK_TOTAL_TIME</name>
<id>f9a2348fc05f45e1b15662514f0f220e</id>
<displayName>Task Total Time</displayName>
<internal>false</internal>
<useHive>false</useHive>
<systemManaged>false</systemManaged>
<isEditable>true</isEditable>
<length>100</length>
<nullable>true</nullable>
<unique>false</unique>
<precision>38</precision>
<scale>10</scale>
<dataType>INT</dataType>
<columnType>MEASURE</columnType>
<label>Total Time</label>
<hidden>false</hidden>
<editable>false</editable>
</column>
<column>
<name>OUTCOME</name>
<id>5d6aa0e0597b4056aaddaf10151dc2aa</id>
<displayName>Outcome</displayName>
<internal>false</internal>
<useHive>false</useHive>
<systemManaged>false</systemManaged>
<isEditable>true</isEditable>
<length>200</length>
<nullable>true</nullable>
<unique>false</unique>
<precision>38</precision>
<scale>10</scale>
<dataType>VARCHAR</dataType>
<columnType>DIMENSION</columnType>
<label>Task Outcome</label>
<hidden>false</hidden>
<editable>false</editable>
</column>
<column>
<name>TENANT_ID</name>
<id>08aaae57642c4ce19ebc849d8b48f6fc</id>
<displayName>Tenant ID</displayName>
<internal>false</internal>
<useHive>false</useHive>
<systemManaged>false</systemManaged>
<isEditable>true</isEditable>
<length>100</length>
<nullable>true</nullable>
<unique>false</unique>
<precision>38</precision>
<scale>10</scale>
<dataType>INT</dataType>
<columnType>ATTRIBUTE</columnType>
<label>Tenant Id</label>
<hidden>false</hidden>
<editable>false</editable>
</column>
<column>
<name>CASE_ID</name>
<id>151e7406f2f74c02852233ab6b6b8e18</id>
<displayName>Case ID</displayName>
<internal>false</internal>
<useHive>false</useHive>
<systemManaged>false</systemManaged>
<isEditable>true</isEditable>
<length>200</length>
<nullable>true</nullable>
<unique>false</unique>
<precision>38</precision>
<scale>10</scale>
<dataType>VARCHAR</dataType>
<columnType>ATTRIBUTE</columnType>
<label>Case Id</label>
<hidden>false</hidden>
<editable>false</editable>
</column>
<column>
<name>OWNER</name>
<id>70734a652a4445b2a115649c82485b27</id>
<displayName>Owner</displayName>
<internal>false</internal>
<useHive>false</useHive>
<systemManaged>false</systemManaged>
<isEditable>true</isEditable>
<length>200</length>
<nullable>true</nullable>
<unique>false</unique>
<precision>38</precision>
<scale>10</scale>
<dataType>VARCHAR</dataType>
<columnType>ATTRIBUTE</columnType>
<label>Task Owner</label>
<hidden>false</hidden>
<editable>false</editable>
</column>
<column>
<name>CREATOR</name>
<id>f0f19e8ac7c14f4f852e8280df10dd64</id>
<displayName>Creator</displayName>
<internal>false</internal>
<useHive>false</useHive>
<systemManaged>false</systemManaged>
<isEditable>true</isEditable>
<length>200</length>
<nullable>true</nullable>
<unique>false</unique>
<precision>38</precision>
<scale>10</scale>
<dataType>VARCHAR</dataType>
<columnType>ATTRIBUTE</columnType>
<label>Task Creator</label>
<hidden>false</hidden>
<editable>false</editable>
</column>
<column>
<name>TITLE</name>
<id>08f10a55ae5d46b4955dd86ff60476c2</id>
<displayName>Title</displayName>
<internal>false</internal>
<useHive>false</useHive>
<systemManaged>false</systemManaged>
<isEditable>true</isEditable>
<length>200</length>
<nullable>true</nullable>
<unique>false</unique>
<precision>38</precision>
<scale>10</scale>
<dataType>VARCHAR</dataType>
<columnType>DIMENSION</columnType>
<label>Task Title</label>
<hidden>false</hidden>
<editable>false</editable>
</column>
<column>
<name>PRIORITY</name>
<id>2d0659b504ea4497801b0a98974d2c59</id>
<displayName>Priority</displayName>
<internal>false</internal>
<useHive>false</useHive>
<systemManaged>false</systemManaged>
<isEditable>true</isEditable>
<length>100</length>
<nullable>true</nullable>
<unique>false</unique>
<precision>38</precision>
<scale>10</scale>
<dataType>INT</dataType>
<columnType>DIMENSION</columnType>
<label>Task Priority</label>
<hidden>false</hidden>
<editable>false</editable>
</column>
<column>
<name>CATEGORY</name>
<id>19f243f1d8cc454d97debe21eacf91e9</id>
<displayName>Category</displayName>
<internal>false</internal>
<useHive>false</useHive>
<systemManaged>false</systemManaged>
<isEditable>true</isEditable>
<length>200</length>
<nullable>true</nullable>
<unique>false</unique>
<precision>38</precision>
<scale>10</scale>
<dataType>VARCHAR</dataType>
<columnType>ATTRIBUTE</columnType>
<label>Category</label>
<hidden>false</hidden>
<editable>false</editable>
</column>
<column>
<name>ORGANIZATIONAL_UNIT_ID</name>
<id>3c65bbba258e47f795773d6c81e2a980</id>
<displayName>Organizational Unit ID</displayName>
<internal>false</internal>
<useHive>false</useHive>
<systemManaged>false</systemManaged>
<isEditable>true</isEditable>
<length>200</length>
<nullable>true</nullable>
<unique>false</unique>
<precision>38</precision>
<scale>10</scale>
<dataType>VARCHAR</dataType>
<columnType>ATTRIBUTE</columnType>
<label>Organizational Unit Id</label>
<hidden>false</hidden>
<editable>false</editable>
</column>
<column>
<name>CASE_DEFINITION_ID</name>
<id>098e60a28416443e84e069c9bb68a949</id>
<displayName>Case Definition ID</displayName>
<internal>false</internal>
<useHive>false</useHive>
<systemManaged>false</systemManaged>
<isEditable>true</isEditable>
<length>2000</length>
<nullable>true</nullable>
<unique>false</unique>
<precision>38</precision>
<scale>10</scale>
<dataType>INT</dataType>
<columnType>ATTRIBUTE</columnType>
<hidden>false</hidden>
<editable>false</editable>
</column>
</columns>
<indexes>
<index>
<name>ORA_PA_TASK_IDX0</name>
<id>802984887a8049cd8861a80736e7654f</id>
<internal>false</internal>
<useHive>false</useHive>
<systemManaged>false</systemManaged>
<isEditable>true</isEditable>
<unique>false</unique>
<columns>
<columnRef>
<dataObject>ORACLE_PROCESSANALYTICS_TASK</dataObject>
<column>TASK_DEFINITION_ID</column>
</columnRef>
</columns>
</index>
<index>
<name>ORA_PA_TASK_IDX1</name>
<id>283d1c5807b4433cade089cc2db7d14d</id>
<internal>false</internal>
<useHive>false</useHive>
<systemManaged>false</systemManaged>
<isEditable>true</isEditable>
<unique>false</unique>
<columns>
<columnRef>
<dataObject>ORACLE_PROCESSANALYTICS_TASK</dataObject>
<column>COMPOSITE_DEFINITION_ID</column>
</columnRef>
</columns>
</index>
<index>
<name>ORA_PA_TASK_IDX2</name>
<id>b963e99fd740482d91305a7d49470b23</id>
<internal>false</internal>
<useHive>false</useHive>
<systemManaged>false</systemManaged>
<isEditable>true</isEditable>
<unique>false</unique>
<columns>
<columnRef>
<dataObject>ORACLE_PROCESSANALYTICS_TASK</dataObject>
<column>COMPOSITE_INSTANCE_ID</column>
</columnRef>
</columns>
</index>
<index>
<name>ORA_PA_TASK_IDX3</name>
<id>d7a9884480f540c4b7ad8bf73888dd32</id>
<internal>false</internal>
<useHive>false</useHive>
<systemManaged>false</systemManaged>
<isEditable>true</isEditable>
<unique>false</unique>
<columns>
<columnRef>
<dataObject>ORACLE_PROCESSANALYTICS_TASK</dataObject>
<column>PROCESS_DEFINITION_ID</column>
</columnRef>
</columns>
</index>
<index>
<name>ORA_PA_TASK_IDX4</name>
<id>33034c9bb6aa4380a441d8fa6fc1ccf1</id>
<internal>false</internal>
<useHive>false</useHive>
<systemManaged>false</systemManaged>
<isEditable>true</isEditable>
<unique>false</unique>
<columns>
<columnRef>
<dataObject>ORACLE_PROCESSANALYTICS_TASK</dataObject>
<column>PROCESS_INSTANCE_ID</column>
</columnRef>
</columns>
</index>
<index>
<name>ORA_PA_TASK_IDX5</name>
<id>367504c6b049491aa70a4609ee018971</id>
<internal>false</internal>
<useHive>false</useHive>
<systemManaged>false</systemManaged>
<isEditable>true</isEditable>
<unique>false</unique>
<columns>
<columnRef>
<dataObject>ORACLE_PROCESSANALYTICS_TASK</dataObject>
<column>ACTIVITY_DEFINITION_ID</column>
</columnRef>
</columns>
</index>
<index>
<name>ORA_PA_TASK_IDX6</name>
<id>677f140eb36c43a9b9f8942bca23bdb0</id>
<internal>false</internal>
<useHive>false</useHive>
<systemManaged>false</systemManaged>
<isEditable>true</isEditable>
<unique>false</unique>
<columns>
<columnRef>
<dataObject>ORACLE_PROCESSANALYTICS_TASK</dataObject>
<column>START_DATE</column>
</columnRef>
</columns>
</index>
<index>
<name>ORA_PA_TASK_IDX7</name>
<id>31e97c38dfc14843b000a63cdad1ed9b</id>
<internal>false</internal>
<useHive>false</useHive>
<systemManaged>false</systemManaged>
<isEditable>true</isEditable>
<unique>false</unique>
<columns>
<columnRef>
<dataObject>ORACLE_PROCESSANALYTICS_TASK</dataObject>
<column>END_DATE</column>
</columnRef>
</columns>
</index>
<index>
<name>ORA_PA_TASK_IDX8</name>
<id>4488733c979643b2b5ec30719810ceaf</id>
<internal>false</internal>
<useHive>false</useHive>
<systemManaged>false</systemManaged>
<isEditable>true</isEditable>
<unique>false</unique>
<columns>
<columnRef>
<dataObject>ORACLE_PROCESSANALYTICS_TASK</dataObject>
<column>DUE_DATE</column>
</columnRef>
</columns>
</index>
<index>
<name>ORA_PA_TASK_IDX9</name>
<id>d7e00b4daa634deebe24be19eb37ef07</id>
<internal>false</internal>
<useHive>false</useHive>
<systemManaged>false</systemManaged>
<isEditable>true</isEditable>
<unique>false</unique>
<columns>
<columnRef>
<dataObject>ORACLE_PROCESSANALYTICS_TASK</dataObject>
<column>EXPIRATION_DATE</column>
</columnRef>
</columns>
</index>
<index>
<name>ORA_PA_TASK_IDX10</name>
<id>6e18e036353e4575a3f74dcddec4053d</id>
<internal>false</internal>
<useHive>false</useHive>
<systemManaged>false</systemManaged>
<isEditable>true</isEditable>
<unique>false</unique>
<columns>
<columnRef>
<dataObject>ORACLE_PROCESSANALYTICS_TASK</dataObject>
<column>TASK_STATE</column>
</columnRef>
</columns>
</index>
<index>
<name>ORA_PA_TASK_IDX11</name>
<id>2f568524b58e46b5afacc9f091a47563</id>
<internal>false</internal>
<useHive>false</useHive>
<systemManaged>false</systemManaged>
<isEditable>true</isEditable>
<unique>false</unique>
<columns>
<columnRef>
<dataObject>ORACLE_PROCESSANALYTICS_TASK</dataObject>
<column>TASK_STATE_TYPE</column>
</columnRef>
</columns>
</index>
<index>
<name>ORA_PA_TASK_IDX12</name>
<id>2bbd3af5390146a0933f8d515e74a803</id>
<internal>false</internal>
<useHive>false</useHive>
<systemManaged>false</systemManaged>
<isEditable>true</isEditable>
<unique>false</unique>
<columns>
<columnRef>
<dataObject>ORACLE_PROCESSANALYTICS_TASK</dataObject>
<column>OUTCOME</column>
</columnRef>
</columns>
</index>
<index>
<name>ORA_PA_TASK_IDX13</name>
<id>07281cad9e5d4e6e843c0f486fd84299</id>
<internal>false</internal>
<useHive>false</useHive>
<systemManaged>false</systemManaged>
<isEditable>true</isEditable>
<unique>false</unique>
<columns>
<columnRef>
<dataObject>ORACLE_PROCESSANALYTICS_TASK</dataObject>
<column>PRIORITY</column>
</columnRef>
</columns>
</index>
<index>
<name>ORA_PA_TASK_IDX14</name>
<id>d9df55def6544abe96496420f4f3f78f</id>
<internal>false</internal>
<useHive>false</useHive>
<systemManaged>false</systemManaged>
<isEditable>true</isEditable>
<unique>false</unique>
<columns>
<columnRef>
<dataObject>ORACLE_PROCESSANALYTICS_TASK</dataObject>
<column>CATEGORY</column>
</columnRef>
</columns>
</index>
<index>
<name>ORA_PA_TASK_IDX15</name>
<id>1e1a5b522be44a0cbadf19cc529ba5a3</id>
<internal>false</internal>
<useHive>false</useHive>
<systemManaged>false</systemManaged>
<isEditable>true</isEditable>
<unique>false</unique>
<columns>
<columnRef>
<dataObject>ORACLE_PROCESSANALYTICS_TASK</dataObject>
<column>ORGANIZATIONAL_UNIT_ID</column>
</columnRef>
</columns>
</index>
<index>
<name>i11_PA_TASK_IDX16</name>
<id>63676fc3a9564b66a3dfc2102b1e3e3c</id>
<internal>false</internal>
<useHive>false</useHive>
<systemManaged>false</systemManaged>
<isEditable>true</isEditable>
<unique>false</unique>
<columns>
<columnRef>
<dataObject>ORACLE_PROCESSANALYTICS_TASK</dataObject>
<column>ROOT_TASK_ID</column>
</columnRef>
</columns>
</index>
</indexes>
<hierarchies/>
<flexLimitation>
<totalDecimals>25</totalDecimals>
<totalStrings>25</totalStrings>
<totalIntegers>25</totalIntegers>
<totalFloats>25</totalFloats>
<totalDates>10</totalDates>
<totalLongStrings>25</totalLongStrings>
</flexLimitation>
</ns0:simpleDataObject>