<?xml version = '1.0' encoding = 'UTF-8'?>
<ns0:simpleDataObject xmlns:ns0="http://xmlns.oracle.com/bam/bam12">
<name>EmsHistory</name>
<id>/dataobject/EmsHistory</id>
<displayName>/oracle/bam/internal/EmsHistory</displayName>
<internal>false</internal>
<useHive>false</useHive>
<systemManaged>true</systemManaged>
<createdDate>2016-09-28T11:28:49.885-04:00</createdDate>
<modifiedDate>2016-09-28T11:28:49.885-04:00</modifiedDate>
<createdBy>OracleSystemUser</createdBy>
<modifiedBy>OracleSystemUser</modifiedBy>
<flexTableConfigured>false</flexTableConfigured>
<calculatedFields/>
<timeHierarchies/>
<cqType>RELATION</cqType>
<cqArchived>true</cqArchived>
<cqSource>jms:topic/oracle.beam.server.event.dataobject</cqSource>
<cqStampType>SYSTEM</cqStampType>
<slowChangingDimension>false</slowChangingDimension>
<physicalName>BEAM_VIEW_5</physicalName>
<eventId>BEAM_ID</eventId>
<replayAmount>0</replayAmount>
<hidden>false</hidden>
<columns>
<column>
<name>BEAM_ID</name>
<id>00b1681421a94c98ba27085d2b6d8eff</id>
<internal>false</internal>
<useHive>false</useHive>
<systemManaged>false</systemManaged>
<isEditable>true</isEditable>
<nullable>false</nullable>
<unique>false</unique>
<dataType>INT</dataType>
<columnType>ATTRIBUTE</columnType>
<hidden>false</hidden>
<editable>true</editable>
</column>
<column>
<name>DATAOBJECT_CREATED</name>
<id>4002c8ca50c14c53a9a7f68892df6060</id>
<internal>false</internal>
<useHive>false</useHive>
<systemManaged>false</systemManaged>
<isEditable>true</isEditable>
<nullable>false</nullable>
<unique>false</unique>
<dataType>DATETIME</dataType>
<columnType>DIMENSION</columnType>
<hidden>false</hidden>
<editable>true</editable>
</column>
<column>
<name>DATAOBJECT_MODIFIED</name>
<id>c68ee6bc752a4fe59bfa3dfbaf50d2d2</id>
<internal>false</internal>
<useHive>false</useHive>
<systemManaged>false</systemManaged>
<isEditable>true</isEditable>
<nullable>false</nullable>
<unique>false</unique>
<dataType>DATETIME</dataType>
<columnType>DIMENSION</columnType>
<hidden>false</hidden>
<editable>true</editable>
</column>
<column>
<name>NAME</name>
<id>8359a1bb1e674be28f2c709a1f23c1fe</id>
<displayName>EMS NAME</displayName>
<internal>false</internal>
<useHive>false</useHive>
<systemManaged>false</systemManaged>
<isEditable>true</isEditable>
<length>2000</length>
<nullable>true</nullable>
<unique>false</unique>
<dataType>VARCHAR</dataType>
<columnType>DIMENSION</columnType>
<hidden>false</hidden>
<editable>true</editable>
</column>
<column>
<name>SERVER_NAME</name>
<id>13fd35a6db224fb08180a09391adeca7</id>
<displayName>SERVER_NAME</displayName>
<internal>false</internal>
<useHive>false</useHive>
<systemManaged>false</systemManaged>
<isEditable>true</isEditable>
<length>2000</length>
<nullable>true</nullable>
<unique>false</unique>
<dataType>VARCHAR</dataType>
<columnType>DIMENSION</columnType>
<hidden>false</hidden>
<editable>true</editable>
</column>
<column>
<name>METHOD_NAME</name>
<id>245694a9ef8944d5a60ff190825ef94f</id>
<displayName>METHOD_NAME</displayName>
<internal>false</internal>
<useHive>false</useHive>
<systemManaged>false</systemManaged>
<isEditable>true</isEditable>
<length>2000</length>
<nullable>true</nullable>
<unique>false</unique>
<dataType>VARCHAR</dataType>
<columnType>DIMENSION</columnType>
<hidden>false</hidden>
<editable>true</editable>
</column>
<column>
<name>ERROR_OCCURED_TIME</name>
<id>65e8ee4f8a034aa7845de524678f02f7</id>
<displayName>ERROR_OCCURED_TIME</displayName>
<internal>false</internal>
<useHive>false</useHive>
<systemManaged>false</systemManaged>
<isEditable>true</isEditable>
<nullable>true</nullable>
<unique>false</unique>
<dataType>DATETIME</dataType>
<columnType>DIMENSION</columnType>
<hidden>false</hidden>
<editable>true</editable>
</column>
<column>
<name>ERROR</name>
<id>3259e0332be04d61856b914f343c3a41</id>
<displayName>ERROR</displayName>
<internal>false</internal>
<useHive>false</useHive>
<systemManaged>false</systemManaged>
<isEditable>true</isEditable>
<length>2000</length>
<nullable>true</nullable>
<unique>false</unique>
<dataType>VARCHAR</dataType>
<columnType>ATTRIBUTE</columnType>
<hidden>false</hidden>
<editable>true</editable>
</column>
</columns>
<indexes/>
<hierarchies/>
</ns0:simpleDataObject>