<?xml version = '1.0' encoding = 'UTF-8'?>
<ns0:simpleDataObject xmlns:ns0="http://xmlns.oracle.com/bam/bam12">
<name>ORACLE_PROCESSANALYTICS_TASK_DEFINITION</name>
<id>/dataobject/ORACLE_PROCESSANALYTICS_TASK_DEFINITION</id>
<displayName>/oracle/processanalytics/internal/physical/HWF Task Definition</displayName>
<internal>false</internal>
<useHive>false</useHive>
<systemManaged>false</systemManaged>
<createdDate>2016-09-28T11:30:21.102-04:00</createdDate>
<modifiedDate>2016-09-28T11:30:21.102-04:00</modifiedDate>
<createdBy>OracleSystemUser</createdBy>
<modifiedBy>OracleSystemUser</modifiedBy>
<alias>BPM_PV_HWF_TASK_DEFINITION_V</alias>
<flexTableConfigured>true</flexTableConfigured>
<category>HWF</category>
<calculatedFields/>
<timeHierarchies/>
<cqType>RELATION</cqType>
<cqArchived>true</cqArchived>
<cqSource>jms:topic/oracle.beam.server.event.dataobject</cqSource>
<cqStampType>SYSTEM</cqStampType>
<slowChangingDimension>true</slowChangingDimension>
<physicalName>BEAM_VIEW_15</physicalName>
<eventId>BEAM_ID</eventId>
<replayAmount>0</replayAmount>
<hidden>false</hidden>
<columns>
<column>
<name>BEAM_ID</name>
<id>080bbafac6394f28923dffecf32c60be</id>
<displayName>BEAM_ID</displayName>
<internal>false</internal>
<useHive>false</useHive>
<systemManaged>false</systemManaged>
<isEditable>true</isEditable>
<length>2000</length>
<nullable>true</nullable>
<unique>false</unique>
<precision>38</precision>
<scale>10</scale>
<dataType>INT</dataType>
<columnType>ATTRIBUTE</columnType>
<hidden>false</hidden>
<editable>false</editable>
</column>
<column>
<name>DATAOBJECT_CREATED</name>
<id>b9273ad942c4499bb69fee8b83da6ae3</id>
<displayName>DATAOBJECT_CREATED</displayName>
<internal>false</internal>
<useHive>false</useHive>
<systemManaged>false</systemManaged>
<isEditable>true</isEditable>
<length>2000</length>
<nullable>true</nullable>
<unique>false</unique>
<precision>38</precision>
<scale>10</scale>
<dataType>DATETIME</dataType>
<columnType>ATTRIBUTE</columnType>
<hidden>false</hidden>
<editable>false</editable>
</column>
<column>
<name>DATAOBJECT_MODIFIED</name>
<id>f714d650e8664921a3170d0732465563</id>
<displayName>DATAOBJECT_MODIFIED</displayName>
<internal>false</internal>
<useHive>false</useHive>
<systemManaged>false</systemManaged>
<isEditable>true</isEditable>
<length>2000</length>
<nullable>true</nullable>
<unique>false</unique>
<precision>38</precision>
<scale>10</scale>
<dataType>DATETIME</dataType>
<columnType>ATTRIBUTE</columnType>
<hidden>false</hidden>
<editable>false</editable>
</column>
<column>
<name>TASK_DEFINITION_HWF_ID</name>
<id>e857ef65cdc443239ae215c536828ac3</id>
<displayName>Task Definition HWF ID</displayName>
<internal>false</internal>
<useHive>false</useHive>
<systemManaged>false</systemManaged>
<isEditable>true</isEditable>
<length>200</length>
<nullable>true</nullable>
<unique>false</unique>
<precision>38</precision>
<scale>10</scale>
<dataType>VARCHAR</dataType>
<columnType>DIMENSION</columnType>
<label>TASK DEFINITION ID For HWF</label>
<hidden>false</hidden>
<editable>false</editable>
</column>
<column>
<name>COMPOSITE_DEFINITION_ID</name>
<id>14643fbc30da4c7f931a862c1c29caba</id>
<displayName>Composite Definition ID</displayName>
<internal>false</internal>
<useHive>false</useHive>
<systemManaged>false</systemManaged>
<isEditable>true</isEditable>
<length>100</length>
<nullable>true</nullable>
<unique>false</unique>
<precision>38</precision>
<scale>10</scale>
<dataType>INT</dataType>
<columnType>ATTRIBUTE</columnType>
<label>Composite Definition Beam Id</label>
<hidden>false</hidden>
<editable>false</editable>
</column>
<column>
<name>TASK_NAME_SPACE</name>
<id>c4e7f78ca99d4fefad99c164234a1d35</id>
<displayName>Task Name Space</displayName>
<internal>false</internal>
<useHive>false</useHive>
<systemManaged>false</systemManaged>
<isEditable>true</isEditable>
<length>200</length>
<nullable>true</nullable>
<unique>false</unique>
<precision>38</precision>
<scale>10</scale>
<dataType>VARCHAR</dataType>
<columnType>ATTRIBUTE</columnType>
<label>Task Name Space</label>
<hidden>false</hidden>
<editable>false</editable>
</column>
<column>
<name>TASK_DEFINITION_NAME</name>
<id>97f87dc8fe2e4eb1ad118caac05dd908</id>
<displayName>Task Definition Name</displayName>
<internal>false</internal>
<useHive>false</useHive>
<systemManaged>false</systemManaged>
<isEditable>true</isEditable>
<length>200</length>
<nullable>true</nullable>
<unique>false</unique>
<precision>38</precision>
<scale>10</scale>
<dataType>VARCHAR</dataType>
<columnType>DIMENSION</columnType>
<label>Task Definition Name</label>
<hidden>false</hidden>
<editable>false</editable>
</column>
<column>
<name>TASK_DEFINITION_STATUS</name>
<id>b841fc4b69a24c50a3fddeec84006c76</id>
<displayName>Task Definition Status</displayName>
<internal>false</internal>
<useHive>false</useHive>
<systemManaged>false</systemManaged>
<isEditable>true</isEditable>
<length>100</length>
<nullable>true</nullable>
<unique>false</unique>
<precision>38</precision>
<scale>10</scale>
<dataType>VARCHAR</dataType>
<columnType>DIMENSION</columnType>
<label>Task Definition Status</label>
<hidden>false</hidden>
<editable>false</editable>
</column>
<column>
<name>REVISION_ID</name>
<id>a284eec7e1ee4ec5a7f6be1087970140</id>
<displayName>Revision ID</displayName>
<internal>false</internal>
<useHive>false</useHive>
<systemManaged>false</systemManaged>
<isEditable>true</isEditable>
<length>2000</length>
<nullable>true</nullable>
<unique>false</unique>
<precision>38</precision>
<scale>10</scale>
<dataType>VARCHAR</dataType>
<columnType>ATTRIBUTE</columnType>
<label>Revision Id</label>
<hidden>false</hidden>
<editable>false</editable>
</column>
<column>
<name>LAST_UPDATE_DATE</name>
<id>3632c027ba7c419c8e757151c9ea3390</id>
<displayName>Last Update Date</displayName>
<internal>false</internal>
<useHive>false</useHive>
<systemManaged>false</systemManaged>
<isEditable>true</isEditable>
<length>2000</length>
<nullable>true</nullable>
<unique>false</unique>
<precision>38</precision>
<scale>10</scale>
<dataType>DATETIME</dataType>
<columnType>ATTRIBUTE</columnType>
<label>Last Update Date</label>
<hidden>false</hidden>
<editable>false</editable>
</column>
</columns>
<indexes>
<index>
<name>ORA_PA_TASK_DEFINITION_IDX0</name>
<id>4d73fd6d2d2b488896d310d9da09ffbd</id>
<internal>false</internal>
<useHive>false</useHive>
<systemManaged>false</systemManaged>
<isEditable>true</isEditable>
<unique>false</unique>
<columns>
<columnRef>
<dataObject>ORACLE_PROCESSANALYTICS_TASK_DEFINITION</dataObject>
<column>TASK_DEFINITION_HWF_ID</column>
</columnRef>
</columns>
</index>
<index>
<name>ORA_PA_TASK_DEFINITION_IDX1</name>
<id>47d7180ba76c4d2da8224bdc8a454aab</id>
<internal>false</internal>
<useHive>false</useHive>
<systemManaged>false</systemManaged>
<isEditable>true</isEditable>
<unique>false</unique>
<columns>
<columnRef>
<dataObject>ORACLE_PROCESSANALYTICS_TASK_DEFINITION</dataObject>
<column>COMPOSITE_DEFINITION_ID</column>
</columnRef>
</columns>
</index>
<index>
<name>ORA_PA_TASK_DEFINITION_IDX2</name>
<id>7e2aa0223c6943a9b7c6488878d5e3d8</id>
<internal>false</internal>
<useHive>false</useHive>
<systemManaged>false</systemManaged>
<isEditable>true</isEditable>
<unique>false</unique>
<columns>
<columnRef>
<dataObject>ORACLE_PROCESSANALYTICS_TASK_DEFINITION</dataObject>
<column>REVISION_ID</column>
</columnRef>
</columns>
</index>
</indexes>
<hierarchies/>
<flexLimitation>
<totalDecimals>25</totalDecimals>
<totalStrings>25</totalStrings>
<totalIntegers>25</totalIntegers>
<totalFloats>25</totalFloats>
<totalDates>10</totalDates>
<totalLongStrings>25</totalLongStrings>
</flexLimitation>
</ns0:simpleDataObject>