BEAM_ID,LAST_UPDATE_DATE,COMPOSITE_DEFINITION_ID,TASK_DEFINITION_NAME,TASK_NAME_SPACE,TASK_DEFINITION_HWF_ID,TASK_DEFINITION_STATUS,REVISION_ID
1,,10000,SampleTaskA00,,,DEPLOY,
2,,10000,SampleTaskB00,,,DEPLOY,
3,,10000,SpecialApproval00,,,DEPLOY,
4,,10000,UnderwriterReview00,,,DEPLOY,
5,,10001,SampleTaskA01,,,DEPLOY,
6,,10001,SampleTaskB01,,,DEPLOY,
7,,10001,SpecialApproval01,,,DEPLOY,
8,,10001,UnderwriterReview01,,,DEPLOY,
9,,10002,SampleTaskA02,,,DEPLOY,
10,,10002,SampleTaskB02,,,DEPLOY,
11,,10002,SpecialApproval02,,,DEPLOY,
12,,10002,UnderwriterReview02,,,DEPLOY,
13,,10003,EnterClaimDetails00,,,DEPLOY,
14,,10003,VerifyLiabilityUS00,,,DEPLOY,
15,,10003,VerifyLiabilityUK00,,,DEPLOY,
16,,10003,VerifyLiabilityAntartica00,,,DEPLOY,
17,,10003,ApproveClaim00,,,DEPLOY,
18,,10004,EnterClaimDetails01,,,DEPLOY,
19,,10004,VerifyLiabilityUS01,,,DEPLOY,
20,,10004,VerifyLiabilityUK01,,,DEPLOY,
21,,10004,VerifyLiabilityAntartica01,,,DEPLOY,
22,,10004,ApproveClaim01,,,DEPLOY,
23,,10005,EnterClaimDetails02,,,DEPLOY,
24,,10005,VerifyLiabilityUS02,,,DEPLOY,
25,,10005,VerifyLiabilityUK02,,,DEPLOY,
26,,10005,VerifyLiabilityAntartica02,,,DEPLOY,
27,,10005,ApproveClaim02,,,DEPLOY,
28,,10006,EnterQuote00,,,DEPLOY,
29,,10006,ApproveTermsUS00,,,DEPLOY,
30,,10006,ApproveTermsUK00,,,DEPLOY,
31,,10006,ApproveTermsAntartica00,,,DEPLOY,
32,,10006,ApproveQuote00,,,DEPLOY,
33,,10007,EnterQuote01,,,DEPLOY,
34,,10007,ApproveTermsUS01,,,DEPLOY,
35,,10007,ApproveTermsUK01,,,DEPLOY,
36,,10007,ApproveTermsAntartica01,,,DEPLOY,
37,,10007,ApproveQuote01,,,DEPLOY,
38,,10008,EnterQuote02,,,DEPLOY,
39,,10008,ApproveTermsUS02,,,DEPLOY,
40,,10008,ApproveTermsUK02,,,DEPLOY,
41,,10008,ApproveTermsAntartica02,,,DEPLOY,
42,,10008,ApproveQuote02,,,DEPLOY,
