<?xml version = '1.0' encoding = 'UTF-8'?>
<ns0:simpleDataObject xmlns:ns0="http://xmlns.oracle.com/bam/bam12">
<name>ORACLE_PROCESSANALYTICS_CASE_ACTIVITY</name>
<id>/dataobject/ORACLE_PROCESSANALYTICS_CASE_ACTIVITY</id>
<displayName>/oracle/processanalytics/internal/physical/CM Case Activity</displayName>
<internal>false</internal>
<useHive>false</useHive>
<systemManaged>false</systemManaged>
<createdDate>2016-09-28T11:30:21.981-04:00</createdDate>
<modifiedDate>2016-09-28T11:30:21.981-04:00</modifiedDate>
<createdBy>OracleSystemUser</createdBy>
<modifiedBy>OracleSystemUser</modifiedBy>
<alias>BPM_PV_CASE_ACTIVITY_V</alias>
<flexTableConfigured>true</flexTableConfigured>
<category>CASE</category>
<calculatedFields/>
<timeHierarchies/>
<cqType>RELATION</cqType>
<cqArchived>true</cqArchived>
<cqSource>jms:topic/oracle.beam.server.event.dataobject</cqSource>
<cqStampType>SYSTEM</cqStampType>
<slowChangingDimension>false</slowChangingDimension>
<physicalName>BEAM_VIEW_17</physicalName>
<eventId>BEAM_ID</eventId>
<replayAmount>0</replayAmount>
<hidden>false</hidden>
<columns>
<column>
<name>BEAM_ID</name>
<id>d4d3589d75be4a80a6b6639498220b2d</id>
<displayName>BEAM_ID</displayName>
<internal>false</internal>
<useHive>false</useHive>
<systemManaged>false</systemManaged>
<isEditable>true</isEditable>
<length>2000</length>
<nullable>true</nullable>
<unique>false</unique>
<precision>38</precision>
<scale>10</scale>
<dataType>INT</dataType>
<columnType>ATTRIBUTE</columnType>
<hidden>false</hidden>
<editable>false</editable>
</column>
<column>
<name>DATAOBJECT_CREATED</name>
<id>5020dcf1836947428efddf8422990003</id>
<displayName>DATAOBJECT_CREATED</displayName>
<internal>false</internal>
<useHive>false</useHive>
<systemManaged>false</systemManaged>
<isEditable>true</isEditable>
<length>2000</length>
<nullable>true</nullable>
<unique>false</unique>
<precision>38</precision>
<scale>10</scale>
<dataType>DATETIME</dataType>
<columnType>ATTRIBUTE</columnType>
<hidden>false</hidden>
<editable>false</editable>
</column>
<column>
<name>DATAOBJECT_MODIFIED</name>
<id>9b82b016ca4942de90ff61ddc924b650</id>
<displayName>DATAOBJECT_MODIFIED</displayName>
<internal>false</internal>
<useHive>false</useHive>
<systemManaged>false</systemManaged>
<isEditable>true</isEditable>
<length>2000</length>
<nullable>true</nullable>
<unique>false</unique>
<precision>38</precision>
<scale>10</scale>
<dataType>DATETIME</dataType>
<columnType>ATTRIBUTE</columnType>
<hidden>false</hidden>
<editable>false</editable>
</column>
<column>
<name>CASE_ID</name>
<id>983d333f9a594b57b18b775c78cd294a</id>
<displayName>CASE_ID</displayName>
<internal>false</internal>
<useHive>false</useHive>
<systemManaged>false</systemManaged>
<isEditable>true</isEditable>
<length>255</length>
<nullable>false</nullable>
<unique>false</unique>
<precision>38</precision>
<scale>10</scale>
<dataType>VARCHAR</dataType>
<columnType>DIMENSION</columnType>
<label>Case Id</label>
<hidden>false</hidden>
<editable>false</editable>
</column>
<column>
<name>CASE_DEFINITION_BEAM_ID</name>
<id>db1e87c0a70b48aa979cc62155b8bc98</id>
<displayName>CASE_DEFINITION_BEAM_ID</displayName>
<internal>false</internal>
<useHive>false</useHive>
<systemManaged>false</systemManaged>
<isEditable>true</isEditable>
<length>100</length>
<nullable>false</nullable>
<unique>false</unique>
<precision>38</precision>
<scale>10</scale>
<dataType>INT</dataType>
<columnType>ATTRIBUTE</columnType>
<label>Case Definition Beam Id</label>
<hidden>false</hidden>
<editable>false</editable>
</column>
<column>
<name>COMPOSITE_DEFINITION_BEAM_ID</name>
<id>74255ff0c1994133820724637d0ef22f</id>
<displayName>COMPOSITE_DEFINITION_BEAM_ID</displayName>
<internal>false</internal>
<useHive>false</useHive>
<systemManaged>false</systemManaged>
<isEditable>true</isEditable>
<length>100</length>
<nullable>false</nullable>
<unique>false</unique>
<precision>38</precision>
<scale>10</scale>
<dataType>INT</dataType>
<columnType>ATTRIBUTE</columnType>
<label>Composite Definition Beam Id</label>
<hidden>false</hidden>
<editable>false</editable>
</column>
<column>
<name>CASE_ACTIVITY_DEF_BEAM_ID</name>
<id>57d98cf4bb904212b70241444a70c0a3</id>
<displayName>CASE_ACTIVITY_DEF_BEAM_ID</displayName>
<internal>false</internal>
<useHive>false</useHive>
<systemManaged>false</systemManaged>
<isEditable>true</isEditable>
<length>100</length>
<nullable>true</nullable>
<unique>false</unique>
<precision>38</precision>
<scale>10</scale>
<dataType>INT</dataType>
<columnType>DIMENSION</columnType>
<hidden>false</hidden>
<editable>false</editable>
</column>
<column>
<name>CASE_ACTIVITY_NAME</name>
<id>5de1811c31a040169687e74d71380dbb</id>
<displayName>CASE_ACTIVITY_NAME</displayName>
<internal>false</internal>
<useHive>false</useHive>
<systemManaged>false</systemManaged>
<isEditable>true</isEditable>
<length>255</length>
<nullable>true</nullable>
<unique>false</unique>
<precision>38</precision>
<scale>10</scale>
<dataType>VARCHAR</dataType>
<columnType>ATTRIBUTE</columnType>
<hidden>false</hidden>
<editable>false</editable>
</column>
<column>
<name>CASE_ACTIVITY_STATE</name>
<id>df9a990f3d674f90b0e78267fca8d041</id>
<displayName>CASE_ACTIVITY_STATE</displayName>
<internal>false</internal>
<useHive>false</useHive>
<systemManaged>false</systemManaged>
<isEditable>true</isEditable>
<length>40</length>
<nullable>true</nullable>
<unique>false</unique>
<precision>38</precision>
<scale>10</scale>
<dataType>VARCHAR</dataType>
<columnType>DIMENSION</columnType>
<hidden>false</hidden>
<editable>false</editable>
</column>
<column>
<name>CASE_ACTIVITY_START_DATE</name>
<id>ef40b71ed2494cac8f9b8f2793d6d17a</id>
<displayName>CASE_ACTIVITY_START_DATE</displayName>
<internal>false</internal>
<useHive>false</useHive>
<systemManaged>false</systemManaged>
<isEditable>true</isEditable>
<length>2000</length>
<nullable>true</nullable>
<unique>false</unique>
<precision>38</precision>
<scale>10</scale>
<dataType>DATETIME</dataType>
<columnType>DIMENSION</columnType>
<hidden>false</hidden>
<editable>false</editable>
</column>
<column>
<name>CASE_ACTIVITY_END_DATE</name>
<id>8e973af7b08f4325a6027f4b9076d644</id>
<displayName>CASE_ACTIVITY_END_DATE</displayName>
<internal>false</internal>
<useHive>false</useHive>
<systemManaged>false</systemManaged>
<isEditable>true</isEditable>
<length>2000</length>
<nullable>true</nullable>
<unique>false</unique>
<precision>38</precision>
<scale>10</scale>
<dataType>DATETIME</dataType>
<columnType>DIMENSION</columnType>
<hidden>false</hidden>
<editable>false</editable>
</column>
<column>
<name>CASE_ACTIVITY_DUE_DATE</name>
<id>b8d836ad38ac48b7ac125502cef8e8a5</id>
<displayName>CASE_ACTIVITY_DUE_DATE</displayName>
<internal>false</internal>
<useHive>false</useHive>
<systemManaged>false</systemManaged>
<isEditable>true</isEditable>
<length>2000</length>
<nullable>true</nullable>
<unique>false</unique>
<precision>38</precision>
<scale>10</scale>
<dataType>DATETIME</dataType>
<columnType>DIMENSION</columnType>
<hidden>false</hidden>
<editable>false</editable>
</column>
<column>
<name>CASE_ACTIVITY_EVENT_ID</name>
<id>11472c76f9da4f9698c63b600143b6c8</id>
<displayName>CASE_ACTIVITY_EVENT_ID</displayName>
<internal>false</internal>
<useHive>false</useHive>
<systemManaged>false</systemManaged>
<isEditable>true</isEditable>
<length>255</length>
<nullable>true</nullable>
<unique>false</unique>
<precision>38</precision>
<scale>10</scale>
<dataType>VARCHAR</dataType>
<columnType>ATTRIBUTE</columnType>
<hidden>false</hidden>
<editable>false</editable>
</column>
</columns>
<indexes>
<index>
<name>ORA_PA_CASE_ACTIVITY_IDX1</name>
<id>233751930c9a4b989fa1f0b00f2eb203</id>
<internal>false</internal>
<useHive>false</useHive>
<systemManaged>false</systemManaged>
<isEditable>true</isEditable>
<unique>false</unique>
<columns>
<columnRef>
<dataObject>ORACLE_PROCESSANALYTICS_CASE_ACTIVITY</dataObject>
<column>CASE_DEFINITION_BEAM_ID</column>
</columnRef>
</columns>
</index>
<index>
<name>ORA_PA_CASE_ACTIVITY_IDX3</name>
<id>6ce4d3b477204f0084053d05b37dfc7d</id>
<internal>false</internal>
<useHive>false</useHive>
<systemManaged>false</systemManaged>
<isEditable>true</isEditable>
<unique>false</unique>
<columns>
<columnRef>
<dataObject>ORACLE_PROCESSANALYTICS_CASE_ACTIVITY</dataObject>
<column>COMPOSITE_DEFINITION_BEAM_ID</column>
</columnRef>
</columns>
</index>
<index>
<name>ORA_PA_CASE_ACTIVITY_IDX7</name>
<id>b29c6e40b40e49daa90e54174a604d4a</id>
<internal>false</internal>
<useHive>false</useHive>
<systemManaged>false</systemManaged>
<isEditable>true</isEditable>
<unique>false</unique>
<columns>
<columnRef>
<dataObject>ORACLE_PROCESSANALYTICS_CASE_ACTIVITY</dataObject>
<column>CASE_ID</column>
</columnRef>
</columns>
</index>
</indexes>
<hierarchies/>
<flexLimitation>
<totalDecimals>25</totalDecimals>
<totalStrings>25</totalStrings>
<totalIntegers>25</totalIntegers>
<totalFloats>25</totalFloats>
<totalDates>10</totalDates>
<totalLongStrings>25</totalLongStrings>
</flexLimitation>
</ns0:simpleDataObject>