<?xml version = '1.0' encoding = 'UTF-8'?>
<ns0:simpleDataObject xmlns:ns0="http://xmlns.oracle.com/bam/bam12">
<name>AlertHistory</name>
<id>/dataobject/AlertHistory</id>
<displayName>/oracle/bam/internal/AlertHistory</displayName>
<internal>false</internal>
<useHive>false</useHive>
<systemManaged>true</systemManaged>
<createdDate>2016-09-28T11:28:49.101-04:00</createdDate>
<modifiedDate>2016-09-28T11:28:49.101-04:00</modifiedDate>
<createdBy>OracleSystemUser</createdBy>
<modifiedBy>OracleSystemUser</modifiedBy>
<flexTableConfigured>false</flexTableConfigured>
<calculatedFields/>
<timeHierarchies/>
<cqType>RELATION</cqType>
<cqArchived>true</cqArchived>
<cqSource>jms:topic/oracle.beam.server.event.dataobject</cqSource>
<cqStampType>SYSTEM</cqStampType>
<slowChangingDimension>false</slowChangingDimension>
<physicalName>BEAM_VIEW_3</physicalName>
<eventId>BEAM_ID</eventId>
<replayAmount>0</replayAmount>
<hidden>false</hidden>
<columns>
<column>
<name>BEAM_ID</name>
<id>bf39676639a345d0a766e68e4ca2649f</id>
<internal>false</internal>
<useHive>false</useHive>
<systemManaged>false</systemManaged>
<isEditable>true</isEditable>
<nullable>false</nullable>
<unique>false</unique>
<dataType>INT</dataType>
<columnType>ATTRIBUTE</columnType>
<hidden>false</hidden>
<editable>true</editable>
</column>
<column>
<name>DATAOBJECT_CREATED</name>
<id>bec25af8ed7e442bbf4db05f57ad043a</id>
<internal>false</internal>
<useHive>false</useHive>
<systemManaged>false</systemManaged>
<isEditable>true</isEditable>
<nullable>false</nullable>
<unique>false</unique>
<dataType>DATETIME</dataType>
<columnType>DIMENSION</columnType>
<hidden>false</hidden>
<editable>true</editable>
</column>
<column>
<name>DATAOBJECT_MODIFIED</name>
<id>40e282efe8fd40ebad1f67b632bb477b</id>
<internal>false</internal>
<useHive>false</useHive>
<systemManaged>false</systemManaged>
<isEditable>true</isEditable>
<nullable>false</nullable>
<unique>false</unique>
<dataType>DATETIME</dataType>
<columnType>DIMENSION</columnType>
<hidden>false</hidden>
<editable>true</editable>
</column>
<column>
<name>NAME</name>
<id>02ad7b31ec064c67b6a82af71278f81b</id>
<displayName>Name</displayName>
<internal>false</internal>
<useHive>false</useHive>
<systemManaged>false</systemManaged>
<isEditable>true</isEditable>
<length>2000</length>
<nullable>true</nullable>
<unique>false</unique>
<dataType>VARCHAR</dataType>
<columnType>DIMENSION</columnType>
<hidden>false</hidden>
<editable>true</editable>
</column>
<column>
<name>OWNER_ID</name>
<id>918356d2e80044e6814913aa7c0c6226</id>
<displayName>Owner_id</displayName>
<internal>false</internal>
<useHive>false</useHive>
<systemManaged>false</systemManaged>
<isEditable>true</isEditable>
<length>2000</length>
<nullable>true</nullable>
<unique>false</unique>
<dataType>VARCHAR</dataType>
<columnType>DIMENSION</columnType>
<hidden>false</hidden>
<editable>true</editable>
</column>
<column>
<name>MODIFIED_BY</name>
<id>fd157dee1b914272be484b22540d5dfc</id>
<displayName>Modified_by</displayName>
<internal>false</internal>
<useHive>false</useHive>
<systemManaged>false</systemManaged>
<isEditable>true</isEditable>
<length>2000</length>
<nullable>true</nullable>
<unique>false</unique>
<dataType>VARCHAR</dataType>
<columnType>DIMENSION</columnType>
<hidden>false</hidden>
<editable>true</editable>
</column>
<column>
<name>RECIPIENT_ID</name>
<id>7d7bc5e5f4874accbcc485572311d486</id>
<displayName>Recipient_id</displayName>
<internal>false</internal>
<useHive>false</useHive>
<systemManaged>false</systemManaged>
<isEditable>true</isEditable>
<length>2000</length>
<nullable>true</nullable>
<unique>false</unique>
<dataType>VARCHAR</dataType>
<columnType>DIMENSION</columnType>
<hidden>false</hidden>
<editable>true</editable>
</column>
<column>
<name>SENDER_ID</name>
<id>1f30aac75cbd4f2cbf8ca606a659c5d3</id>
<displayName>Sender_id</displayName>
<internal>false</internal>
<useHive>false</useHive>
<systemManaged>false</systemManaged>
<isEditable>true</isEditable>
<length>2000</length>
<nullable>true</nullable>
<unique>false</unique>
<dataType>VARCHAR</dataType>
<columnType>DIMENSION</columnType>
<hidden>false</hidden>
<editable>true</editable>
</column>
<column>
<name>EVENT_TYPE</name>
<id>222486858dcf4ca19e1b01f5208bc0ba</id>
<displayName>Event_type</displayName>
<internal>false</internal>
<useHive>false</useHive>
<systemManaged>false</systemManaged>
<isEditable>true</isEditable>
<length>2000</length>
<nullable>true</nullable>
<unique>false</unique>
<dataType>VARCHAR</dataType>
<columnType>DIMENSION</columnType>
<hidden>false</hidden>
<editable>true</editable>
</column>
<column>
<name>ACTION_TYPE</name>
<id>491f2d7ce1f04775a43a6643ae0731a7</id>
<displayName>Action_type</displayName>
<internal>false</internal>
<useHive>false</useHive>
<systemManaged>false</systemManaged>
<isEditable>true</isEditable>
<length>2000</length>
<nullable>true</nullable>
<unique>false</unique>
<dataType>VARCHAR</dataType>
<columnType>DIMENSION</columnType>
<hidden>false</hidden>
<editable>true</editable>
</column>
<column>
<name>MESSAGE</name>
<id>e9a30f150d3d461aa830af2aaf97cd21</id>
<displayName>Message</displayName>
<internal>false</internal>
<useHive>false</useHive>
<systemManaged>false</systemManaged>
<isEditable>true</isEditable>
<length>2000</length>
<nullable>true</nullable>
<unique>false</unique>
<dataType>VARCHAR</dataType>
<columnType>ATTRIBUTE</columnType>
<hidden>false</hidden>
<editable>true</editable>
</column>
<column>
<name>SUBJECT</name>
<id>84fd93d9cba44f6faef30ffd1362748a</id>
<displayName>Subject</displayName>
<internal>false</internal>
<useHive>false</useHive>
<systemManaged>false</systemManaged>
<isEditable>true</isEditable>
<length>2000</length>
<nullable>true</nullable>
<unique>false</unique>
<dataType>VARCHAR</dataType>
<columnType>ATTRIBUTE</columnType>
<hidden>false</hidden>
<editable>true</editable>
</column>
<column>
<name>SENT</name>
<id>120855c53eee4db69718e72d80544b23</id>
<displayName>Sent</displayName>
<internal>false</internal>
<useHive>false</useHive>
<systemManaged>false</systemManaged>
<isEditable>true</isEditable>
<nullable>true</nullable>
<unique>false</unique>
<dataType>DATETIME</dataType>
<columnType>DIMENSION</columnType>
<hidden>false</hidden>
<editable>true</editable>
</column>
<column>
<name>RECEIVED</name>
<id>e442e1b56d854886af24ff3ad0202dae</id>
<displayName>Received</displayName>
<internal>false</internal>
<useHive>false</useHive>
<systemManaged>false</systemManaged>
<isEditable>true</isEditable>
<nullable>true</nullable>
<unique>false</unique>
<dataType>DATETIME</dataType>
<columnType>DIMENSION</columnType>
<hidden>false</hidden>
<editable>true</editable>
</column>
<column>
<name>ESCALATED</name>
<id>e9cbd2377ef54e8dadf673bd90ae09cd</id>
<displayName>Escalated</displayName>
<internal>false</internal>
<useHive>false</useHive>
<systemManaged>false</systemManaged>
<isEditable>true</isEditable>
<nullable>true</nullable>
<unique>false</unique>
<dataType>INT</dataType>
<columnType>MEASURE</columnType>
<hidden>false</hidden>
<editable>true</editable>
</column>
<column>
<name>SUCCESS</name>
<id>0379a0d72b4e4dfdb0af62fb1ee755d7</id>
<displayName>Success</displayName>
<internal>false</internal>
<useHive>false</useHive>
<systemManaged>false</systemManaged>
<isEditable>true</isEditable>
<nullable>true</nullable>
<unique>false</unique>
<dataType>INT</dataType>
<columnType>MEASURE</columnType>
<hidden>false</hidden>
<editable>true</editable>
</column>
<column>
<name>ERROR</name>
<id>09501e3d7f4c4be89b090d25d7460836</id>
<displayName>Error</displayName>
<internal>false</internal>
<useHive>false</useHive>
<systemManaged>false</systemManaged>
<isEditable>true</isEditable>
<length>2000</length>
<nullable>true</nullable>
<unique>false</unique>
<dataType>VARCHAR</dataType>
<columnType>ATTRIBUTE</columnType>
<hidden>false</hidden>
<editable>true</editable>
</column>
</columns>
<indexes>
<index>
<name>NAME_IDX</name>
<id>ec8c4b0d798749d2a4867e4c6c92331b</id>
<internal>false</internal>
<useHive>false</useHive>
<systemManaged>false</systemManaged>
<isEditable>true</isEditable>
<unique>false</unique>
<columns>
<columnRef>
<dataObject>AlertHistory</dataObject>
<column>NAME</column>
</columnRef>
</columns>
</index>
<index>
<name>MODFD_IDX</name>
<id>74098eb8d3c24c54a8633fa0591c9f5e</id>
<internal>false</internal>
<useHive>false</useHive>
<systemManaged>false</systemManaged>
<isEditable>true</isEditable>
<unique>false</unique>
<columns>
<columnRef>
<dataObject>AlertHistory</dataObject>
<column>DATAOBJECT_MODIFIED</column>
</columnRef>
</columns>
</index>
<index>
<name>OWNR_NAME_IDX</name>
<id>82ca1ce3f8df4823928a449b4540ec94</id>
<internal>false</internal>
<useHive>false</useHive>
<systemManaged>false</systemManaged>
<isEditable>true</isEditable>
<unique>false</unique>
<columns>
<columnRef>
<dataObject>AlertHistory</dataObject>
<column>OWNER_ID</column>
</columnRef>
<columnRef>
<dataObject>AlertHistory</dataObject>
<column>NAME</column>
</columnRef>
</columns>
</index>
<index>
<name>OWNR_MODFD_IDX</name>
<id>c66e81051b2644b9a4191bc0bcef9f44</id>
<internal>false</internal>
<useHive>false</useHive>
<systemManaged>false</systemManaged>
<isEditable>true</isEditable>
<unique>false</unique>
<columns>
<columnRef>
<dataObject>AlertHistory</dataObject>
<column>OWNER_ID</column>
</columnRef>
<columnRef>
<dataObject>AlertHistory</dataObject>
<column>DATAOBJECT_MODIFIED</column>
</columnRef>
</columns>
</index>
</indexes>
<hierarchies/>
</ns0:simpleDataObject>