<?xml version = '1.0' encoding = 'UTF-8'?>
<mds:customization version="12.2.1_20160607.2047" xmlns:mds="http://xmlns.oracle.com/mds" motype_local_name="DataControlConfigs" motype_nsuri="http://xmlns.oracle.com/adfm/configuration">
<mds:insert parent="(xmlns(mds_ns1=http://xmlns.oracle.com/adfm/configuration))/mds_ns1:DataControlConfigs" position="last">
<AdapterDataControl id="Anki_Drone_Status" FactoryClass="oracle.beam.datacontrol.adapter.BeamDataControlFactoryImpl" ImplDef="oracle.beam.datacontrol.adapter.BeamDataControlDefinition" SupportsTransactions="false" SupportsSortCollection="false" SupportsResetState="false" SupportsRangesize="false" SupportsFindMode="false" SupportsUpdates="false" Definition="oracle.beam.datacontrol.definition.Anki_Drone_Status" BeanClass="oracle.beam.datacontrol.definition.Anki_Drone_Status" xmlns="http://xmlns.oracle.com/adfm/datacontrol">
<Source>
<BeamDataControl xmlns="http://xmlns.oracle.com/bam/datacontrol" connection="BAMServerConnection1">
<Modifiers>
<Modifier version="1.0" type="FLAT" dataset="dronestatus" queryName="Drone_Status" subjectArea="Anki" queryId="/project/Anki/businessquery/Drone_Status">
<FieldRefs>
<DatasetField fieldRefID="0" datasetField="BEAM_ID" datasetFieldDisplayName="BEAM_ID" order="0" dataType="INTEGER" isGroupLevel="false"/>
<DatasetField fieldRefID="1" datasetField="DATAOBJECT_CREATED" datasetFieldDisplayName="DATAOBJECT_CREATED" order="1" dataType="DATETIME" isGroupLevel="false"/>
<DatasetField fieldRefID="2" datasetField="DATAOBJECT_MODIFIED" datasetFieldDisplayName="DATAOBJECT_MODIFIED" order="2" dataType="DATETIME" isGroupLevel="false"/>
<DatasetField fieldRefID="3" datasetField="DEMOZONE" datasetFieldDisplayName="Demo Zone" order="3" dataType="STRING" isGroupLevel="false"/>
<DatasetField fieldRefID="4" datasetField="STATUS" datasetFieldDisplayName="Status" order="4" dataType="STRING" isGroupLevel="false"/>
</FieldRefs>
<CalculatedFields/>
<RecordFields>
<RecordField fieldID="0" order="0" fieldRefID="0" datasetField="BEAM_ID" dataType="INTEGER" datasetFieldAlias="BEAM_ID"/>
<RecordField fieldID="1" order="1" fieldRefID="4" datasetField="STATUS" dataType="STRING" datasetFieldAlias="Status"/>
</RecordFields>
<Groups collapsed="true"/>
<Filter>
<Branch name="Root" type="ALL">
<Branch name="internalFilter" type="ALL">
<Entry type="EQ">
<Node type="COLUMN">DEMOZONE</Node>
<Node type="STRING">MADRID</Node>
</Entry>
</Branch>
<Branch name="runtimeFilter" type="ALL"/>
</Branch>
</Filter>
<GroupFilter>
<Branch name="groupFilter" type="ALL"/>
</GroupFilter>
<Sorts/>
<Parameters/>
</Modifier>
<InsertNewRecordPosition>INSERT_AFTER</InsertNewRecordPosition>
<AuthenticationType>USE_BAM_CONNECTION_CREDENTIAL</AuthenticationType>
</Modifiers>
</BeamDataControl>
</Source>
</AdapterDataControl>
</mds:insert>
<mds:modify element="(xmlns(mds_ns1=http://xmlns.oracle.com/adfm/configuration))/mds_ns1:DataControlConfigs">
<mds:attribute name="Package" value="beam.project.Anki.businessquery.Drone_Status.datacontrol.Anki_Drone_Status"/>
<mds:attribute name="id" value="DataControls"/>
</mds:modify>
</mds:customization>