BEAM_ID,DESCRIPTION,CATEGORY,NAME,DISPLAYNAME,TYPE,FOLDER
1,,,ColorThemes,ColorThemes,SIMPLE,/oracle/bam/internal
2,,,AlertHistory,AlertHistory,SIMPLE,/oracle/bam/internal
3,,,PreseedingFileHistory,PreseedingFileHistory,SIMPLE,/oracle/bam/internal
4,,,EmsHistory,EmsHistory,SIMPLE,/oracle/bam/internal
5,,,EmsStatus,EmsStatus,SIMPLE,/oracle/bam/internal
6,,PROCESS,ORACLE_PROCESSANALYTICS_ROLE_DEFINITION,Role Definition (physical),SIMPLE,/oracle/processanalytics/internal/physical
7,,PROCESS,ORACLE_PROCESSANALYTICS_PROCESS_DEFINITION,Process Definition (physical),SIMPLE,/oracle/processanalytics/internal/physical
8,,PROCESS,ORACLE_PROCESSANALYTICS_COMPOSITE_DEFINITION,Composite Definition (physical),SIMPLE,/oracle/processanalytics/internal/physical
9,,PROCESS,ORACLE_PROCESSANALYTICS_ACTIVITY_DEFINITION,Activity Definition (physical),SIMPLE,/oracle/processanalytics/internal/physical
10,,PROCESS,ORACLE_PROCESSANALYTICS_ACTIVITY,Activity (physical),SIMPLE,/oracle/processanalytics/internal/physical
11,,PROCESS,ORACLE_PROCESSANALYTICS_PROCESS,Process (physical),SIMPLE,/oracle/processanalytics/internal/physical
12,,HWF,ORACLE_PROCESSANALYTICS_TASK,HWF Task (physical),SIMPLE,/oracle/processanalytics/internal/physical
13,,HWF,ORACLE_PROCESSANALYTICS_ASSIGNMENT,HWF Assignment (physical),SIMPLE,/oracle/processanalytics/internal/physical
14,,HWF,ORACLE_PROCESSANALYTICS_TASK_DEFINITION,HWF Task Definition,SIMPLE,/oracle/processanalytics/internal/physical
15,,CASE,ORACLE_PROCESSANALYTICS_CASE,CM Case,SIMPLE,/oracle/processanalytics/internal/physical
16,,CASE,ORACLE_PROCESSANALYTICS_CASE_ACTIVITY,CM Case Activity,SIMPLE,/oracle/processanalytics/internal/physical
17,,CASE,ORACLE_PROCESSANALYTICS_CASE_STAKE_HOLDER,CM Case Stake Holder,SIMPLE,/oracle/processanalytics/internal/physical
18,,CASE,ORACLE_PROCESSANALYTICS_CASE_STAKE_HOLDER_MEMBER,CM Case Stake Holder Member,SIMPLE,/oracle/processanalytics/internal/physical
19,,CASE,ORACLE_PROCESSANALYTICS_CASE_ACTIVITY_DEF,CM Case Activity Definition,SIMPLE,/oracle/processanalytics/internal/physical
20,,CASE,ORACLE_PROCESSANALYTICS_CASE_DEFINITION,CM Case Definition,SIMPLE,/oracle/processanalytics/internal/physical
21,Parameter labels for Dashboards.,,ORACLE_PROCESSANALYTICS_PARAMETER_LABELS,Parameter Labels,SIMPLE,/oracle/processanalytics/internal/physical
22,,PROCESS,ORACLE_PROCESSANALYTICS_BPM_PROCESS_SECURED,BPM Process (Secured),LOGICAL,/oracle/processanalytics/internal
23,,PROCESS,ORACLE_PROCESSANALYTICS_BPM_PROCESS,Process,LOGICAL,/oracle/processanalytics
24,,PROCESS,ORACLE_PROCESSANALYTICS_BPM_ACTIVITY,Activity,LOGICAL,/oracle/processanalytics
25,,PROCESS,ORACLE_PROCESSANALYTICS_BPM_ACTIVITY_SECURED,BPM Activity (Secured),LOGICAL,/oracle/processanalytics/internal
26,,HWF,ORACLE_PROCESSANALYTICS_HWF_TASK_ASSIGNMENT,HWF Task Assignment,LOGICAL,oracle/processanalytics
27,,HWF,ORACLE_PROCESSANALYTICS_HWF_TASK,HWF Task,LOGICAL,oracle/processanalytics
28,,CASE,ORACLE_PROCESSANALYTICS_CASE_INSTANCE,CM Case Instance,LOGICAL,/oracle/processanalytics
29,,CASE,ORACLE_PROCESSANALYTICS_CASE_ACTIVITY_INSTANCE,CM Case Activity Instance,LOGICAL,/oracle/processanalytics
30,,CASE,ORACLE_PROCESSANALYTICS_CASE_TASK_ACTIVITY_INSTANCE,CM Case Task Activity Instance,LOGICAL,/oracle/processanalytics
31,,,BasedWriteBackDO,BasedWriteBackDO,SIMPLE,/oracle/writeback
32,,,MonitorCntOutputDDO,MonitorCntOutputDDO,DERIVED,/oracle/writeback
33,,,DupDetectionOutputDDO,DupDetectionOutputDDO,DERIVED,/oracle/writeback
34,,,MissingEventOutputDDO,MissingEventOutputDDO,DERIVED,/oracle/writeback
35,,,TopNOutputDDO,TopNOutputDDO,DERIVED,/oracle/writeback
36,,,TrendingDetectionOuputDDO,TrendingDetectionOuputDDO,DERIVED,/oracle/writeback
37,,,KPIAlertOutputDDO,KPIAlertOutputDDO,DERIVED,/oracle/writeback
38,,,MovAggrOutputDDO,MovAggrOutputDDO,DERIVED,/oracle/writeback
39,Data Object to store data imported for KPI evaluation ,,ORACLE_BUSINESSARCHITECTURE_ENTITY_DATA,BARCH_ENTITY_DATA,SIMPLE,/oracle/businessarchitecture
40,Main Business Architecture DO for KPI's,,ORACLE_BUSINESSARCHITECTURE_KPI,BARCH_KPI,SIMPLE,/oracle/businessarchitecture
41,,,INSIGHT_MILESTONE_TIME_EDO,Insight Milestone Timing EDO,EXTERNAL,/oracle/insight/internal
42,,,BASE_IDENTIFIER_MAPPING,Base Identifier Mapping,SIMPLE,/oracle/insight/internal
43,,,BUSINESS_MODEL,Business Model,SIMPLE,oracle/insight/internal
44,,,INSIGHT_METRICS_EDO,Insight Metrics EDO,EXTERNAL,/oracle/insight/internal
45,,,INSIGHT_BASE_METRICS,Insight base metrics,SIMPLE,oracle/insight/internal
46,,,BUSINESS_MILESTONE,Business Milestone,SIMPLE,oracle/insight/internal
47,,,BASE_INSTANCE_SUMMARY,Base Instance Summary,SIMPLE,oracle/insight/internal
53,,ANKI,BaseEvent,event,SIMPLE,anki/base
54,,ANKI,offtrack,offtrack,DERIVED,anki/alert
55,,ANKI,speed,speed,DERIVED,anki/event
56,,ANKI,lap,lap,DERIVED,anki/event
57,,ANKI,race,race,SIMPLE,/anki
58,,,CQServiceRegistry,CQServiceRegistry,SIMPLE,oracle/bam/internal
59,,ANKI,currentspeed,currentspeed,SIMPLE,/anki/event
60,,ANKI,dronestatus,dronestatus,SIMPLE,/anki/event
