<?xml version = '1.0' encoding = 'UTF-8'?>
<mds:customization version="12.2.1_20160607.2047" xmlns:mds="http://xmlns.oracle.com/mds" motype_local_name="root" motype_nsuri="http://java.sun.com/JSP/Page">
<mds:replace node="mainRow1"/>
<mds:insert parent="mainPanelGrid" position="last">
<gridRow id="mainRow55" height="50%" marginBottom="0px" marginTop="0px" xmlns="http://xmlns.oracle.com/adf/faces/rich">
<gridCell id="mainCell55" width="50%" halign="stretch" valign="stretch" marginEnd="0px" marginStart="0px">
<panelGridLayout id="innerPanelGridLayout55">
<gridRow id="innerrow55" height="50%" marginBottom="0px" marginTop="0px">
<gridCell id="cell60" width="10%" halign="stretch" valign="stretch" marginEnd="0px" marginStart="0px">
<panelGridLayout id="maingrid441">
<gridRow id="mainRow443" height="50%" marginBottom="0px" marginTop="0px">
<gridCell id="mainCell443" width="100%" halign="stretch" valign="stretch" marginEnd="0px" marginStart="0px">
<panelGridLayout id="innergrid443">
<gridRow id="row443" height="100%" marginBottom="0px" marginTop="0px">
<gridCell id="cell446" width="33%" halign="stretch" valign="stretch" marginEnd="0px" marginStart="0px">
<panelGridLayout id="maingrid475">
<gridRow id="mainRow479" height="10%" marginBottom="0px" marginTop="0px">
<gridCell id="mainCell479" width="100%" halign="stretch" valign="stretch" marginEnd="0px" marginStart="0px">
<panelGridLayout id="innergrid479">
<gridRow id="row479" height="100%" marginBottom="0px" marginTop="0px">
<gridCell id="cell481" width="33%" halign="stretch" valign="stretch" marginEnd="0px" marginStart="0px">
<panelGridLayout id="maingrid502">
<gridRow id="mainRow504" height="50%" marginBottom="0px" marginTop="0px">
<gridCell id="mainCell504" width="100%" halign="stretch" valign="stretch" marginEnd="0px" marginStart="0px">
<panelGridLayout id="innergrid504">
<gridRow id="row504" height="100%" marginBottom="0px" marginTop="0px">
<gridCell id="cell507" width="33%" halign="stretch" valign="stretch" marginEnd="0px" marginStart="0px">
<panelGridLayout id="maingrid532">
<gridRow id="mainRow536" height="50%" marginBottom="0px" marginTop="0px">
<gridCell id="mainCell536" width="100%" halign="stretch" valign="stretch" marginEnd="0px" marginStart="0px">
<panelGridLayout id="innergrid536">
<gridRow id="row536" height="100%" marginBottom="0px" marginTop="0px">
<gridCell id="cell538" width="33%" halign="stretch" valign="stretch" marginEnd="0px" marginStart="0px">
<panelGridLayout id="maingrid544">
<gridRow id="mainRow555" height="10%" marginBottom="0px" marginTop="0px">
<gridCell id="mainCell555" width="100%" halign="stretch" valign="stretch" marginEnd="0px" marginStart="0px">
<panelGridLayout id="innergrid555">
<gridRow id="row555" height="100%" marginBottom="0px" marginTop="0px">
<gridCell id="cell559" width="33%" halign="stretch" valign="stretch" marginEnd="0px" marginStart="0px">
<panelGridLayout id="maingrid596">
<gridRow id="mainRow599" height="50%" marginBottom="0px" marginTop="0px">
<gridCell id="mainCell599" width="100%" halign="stretch" valign="stretch" marginEnd="0px" marginStart="0px">
<panelGridLayout id="innergrid599">
<gridRow id="row599" height="100%" marginBottom="0px" marginTop="0px">
<gridCell id="cell601" width="33%" halign="stretch" valign="stretch" marginEnd="0px" marginStart="0px">
<panelGridLayout id="maingrid611">
<gridRow id="mainRow614" height="50%" marginBottom="0px" marginTop="0px">
<gridCell id="mainCell614" width="100%" halign="stretch" valign="stretch" marginEnd="0px" marginStart="0px">
<panelGridLayout id="innergrid614">
<gridRow id="row614" height="100%" marginBottom="0px" marginTop="0px">
<gridCell id="cell618" width="33%" halign="stretch" valign="stretch" marginEnd="0px" marginStart="0px">
<panelStretchLayout id="ph618" topHeight="#{(pageFlowScope.dashboardEditMode)?'20px':'5px'}" inlineStyle="#{pageFlowScope.editorbean.inlineStyle}">
<facet name="center" xmlns="http://java.sun.com/jsf/core">
<region id="region559" value="#{bindings.dynamicRegion559.regionModel}" xmlns="http://xmlns.oracle.com/adf/faces/rich">
<dropTarget dropListener="#{pageFlowScope.editorbean.onNavigatorDrop}" actions="MOVE COPY LINK">
<dataFlavor flavorClass="java.lang.Object" discriminant="navigatorModel"/>
</dropTarget>
</region>
</facet>
<facet name="bottom" xmlns="http://java.sun.com/jsf/core"/>
<facet name="start" xmlns="http://java.sun.com/jsf/core"/>
<facet name="end" xmlns="http://java.sun.com/jsf/core"/>
<facet name="top" xmlns="http://java.sun.com/jsf/core">
<panelGroupLayout layout="horizontal" styleClass="AFStretchWidth" halign="end" id="inpgl618" rendered="#{(pageFlowScope.dashboardEditMode)}" xmlns="http://xmlns.oracle.com/adf/faces/rich">
<commandImageLink text="" id="queryBtn618" shortDesc="#{DesignerBundle.DASHBOARD_OPEN_QUERY_EDITOR}" icon="/images/dashicons/edit_query_ena.png" disabledIcon="/images/dashicons/edit_query_dis.png" depressedIcon="/images/dashicons/edit_query_dwn.png" hoverIcon="/images/dashicons/edit_query_ovr.png" actionListener="#{pageFlowScope.editorbean.showQueryEditorPopUp}" partialSubmit="true" rendered="true">
<showPopupBehavior popupId="queryEditorPopUp" triggerType="click" align="beforeStart" alignId="dummyId"/>
</commandImageLink>
<spacer id="queryBtnS618" width="10" height="1"/>
<commandImageLink text="" id="viewActions618" shortDesc="#{DesignerBundle.DASHBOARD_BUSINESSVIEW_ACTIONS}" icon="/images/dashicons/bv_props_ena.png" disabledIcon="/images/dashicons/bv_props_dis.png" depressedIcon="/images/dashicons/bv_props_dwn.png" hoverIcon="/images/dashicons/bv_props_ovr.png" actionListener="#{pageFlowScope.editorbean.showBusinessViewActions}" partialSubmit="true" rendered="true">
<showPopupBehavior popupId="viewActionsMenu" triggerType="click" align="afterStart" alignId="viewActions618"/>
</commandImageLink>
<spacer id="viewBtnS618" width="10" height="1"/>
<commandImageLink text="" id="dashActions618" shortDesc="#{DesignerBundle.DASHBOARD_ACTIONS}" icon="/images/dashicons/actions_ena.png" disabledIcon="/images/dashicons/actions_dis.png" depressedIcon="/images/dashicons/actions_dwn.png" hoverIcon="/images/dashicons/actions_ovr.png" actionListener="#{pageFlowScope.editorbean.setCurrentCell}" partialSubmit="true" rendered="true">
<showPopupBehavior popupId="dashActionsMenu" triggerType="click" align="afterStart" alignId="dashActions618"/>
</commandImageLink>
<spacer id="dashBtnS618" width="10" height="1"/>
</panelGroupLayout>
</facet>
</panelStretchLayout>
</gridCell>
</gridRow>
</panelGridLayout>
</gridCell>
</gridRow>
<gridRow id="mainRow621" height="50%" marginBottom="0px" marginTop="0px">
<gridCell id="mainCell621" width="100%" halign="stretch" valign="stretch" marginEnd="0px" marginStart="0px">
<panelGridLayout id="innergrid621">
<gridRow id="row621" height="100%" marginBottom="0px" marginTop="0px">
<gridCell id="cell624" width="33%" halign="stretch" valign="stretch" marginEnd="0px" marginStart="0px">
<panelStretchLayout id="ph624" topHeight="#{(pageFlowScope.dashboardEditMode)?'20px':'5px'}" inlineStyle="#{pageFlowScope.editorbean.inlineStyle}">
<facet name="center" xmlns="http://java.sun.com/jsf/core">
<region id="region624" value="#{bindings.dynamicRegion624.regionModel}" xmlns="http://xmlns.oracle.com/adf/faces/rich">
<dropTarget dropListener="#{pageFlowScope.editorbean.onNavigatorDrop}" actions="MOVE COPY LINK">
<dataFlavor flavorClass="java.lang.Object" discriminant="navigatorModel"/>
</dropTarget>
</region>
</facet>
<facet name="bottom" xmlns="http://java.sun.com/jsf/core"/>
<facet name="start" xmlns="http://java.sun.com/jsf/core"/>
<facet name="end" xmlns="http://java.sun.com/jsf/core"/>
<facet name="top" xmlns="http://java.sun.com/jsf/core">
<panelGroupLayout layout="horizontal" styleClass="AFStretchWidth" halign="end" id="inpgl624" rendered="#{(pageFlowScope.dashboardEditMode)}" xmlns="http://xmlns.oracle.com/adf/faces/rich">
<commandImageLink text="" id="queryBtn624" shortDesc="#{DesignerBundle.DASHBOARD_OPEN_QUERY_EDITOR}" icon="/images/dashicons/edit_query_ena.png" disabledIcon="/images/dashicons/edit_query_dis.png" depressedIcon="/images/dashicons/edit_query_dwn.png" hoverIcon="/images/dashicons/edit_query_ovr.png" actionListener="#{pageFlowScope.editorbean.showQueryEditorPopUp}" partialSubmit="true" rendered="true">
<showPopupBehavior popupId="queryEditorPopUp" triggerType="click" align="beforeStart" alignId="dummyId"/>
</commandImageLink>
<spacer id="queryBtnS624" width="10" height="1"/>
<commandImageLink text="" id="viewActions624" shortDesc="#{DesignerBundle.DASHBOARD_BUSINESSVIEW_ACTIONS}" icon="/images/dashicons/bv_props_ena.png" disabledIcon="/images/dashicons/bv_props_dis.png" depressedIcon="/images/dashicons/bv_props_dwn.png" hoverIcon="/images/dashicons/bv_props_ovr.png" actionListener="#{pageFlowScope.editorbean.showBusinessViewActions}" partialSubmit="true" rendered="true">
<showPopupBehavior popupId="viewActionsMenu" triggerType="click" align="afterStart" alignId="viewActions624"/>
</commandImageLink>
<spacer id="viewBtnS624" width="10" height="1"/>
<commandImageLink text="" id="dashActions624" shortDesc="#{DesignerBundle.DASHBOARD_ACTIONS}" icon="/images/dashicons/actions_ena.png" disabledIcon="/images/dashicons/actions_dis.png" depressedIcon="/images/dashicons/actions_dwn.png" hoverIcon="/images/dashicons/actions_ovr.png" actionListener="#{pageFlowScope.editorbean.setCurrentCell}" partialSubmit="true" rendered="true">
<showPopupBehavior popupId="dashActionsMenu" triggerType="click" align="afterStart" alignId="dashActions624"/>
</commandImageLink>
<spacer id="dashBtnS624" width="10" height="1"/>
</panelGroupLayout>
</facet>
</panelStretchLayout>
</gridCell>
</gridRow>
</panelGridLayout>
</gridCell>
</gridRow>
</panelGridLayout>
</gridCell>
</gridRow>
</panelGridLayout>
</gridCell>
</gridRow>
<gridRow id="mainRow605" height="50%" marginBottom="0px" marginTop="0px">
<gridCell id="mainCell605" width="100%" halign="stretch" valign="stretch" marginEnd="0px" marginStart="0px">
<panelGridLayout id="innergrid605">
<gridRow id="row605" height="100%" marginBottom="0px" marginTop="0px">
<gridCell id="cell609" width="33%" halign="stretch" valign="stretch" marginEnd="0px" marginStart="0px">
<panelStretchLayout id="ph609" topHeight="#{(pageFlowScope.dashboardEditMode)?'20px':'5px'}" inlineStyle="#{pageFlowScope.editorbean.inlineStyle}">
<facet name="center" xmlns="http://java.sun.com/jsf/core">
<region id="region609" value="#{bindings.dynamicRegion609.regionModel}" xmlns="http://xmlns.oracle.com/adf/faces/rich">
<dropTarget dropListener="#{pageFlowScope.editorbean.onNavigatorDrop}" actions="MOVE COPY LINK">
<dataFlavor flavorClass="java.lang.Object" discriminant="navigatorModel"/>
</dropTarget>
</region>
</facet>
<facet name="bottom" xmlns="http://java.sun.com/jsf/core"/>
<facet name="start" xmlns="http://java.sun.com/jsf/core"/>
<facet name="end" xmlns="http://java.sun.com/jsf/core"/>
<facet name="top" xmlns="http://java.sun.com/jsf/core">
<panelGroupLayout layout="horizontal" styleClass="AFStretchWidth" halign="end" id="inpgl609" rendered="#{(pageFlowScope.dashboardEditMode)}" xmlns="http://xmlns.oracle.com/adf/faces/rich">
<commandImageLink text="" id="queryBtn609" shortDesc="#{DesignerBundle.DASHBOARD_OPEN_QUERY_EDITOR}" icon="/images/dashicons/edit_query_ena.png" disabledIcon="/images/dashicons/edit_query_dis.png" depressedIcon="/images/dashicons/edit_query_dwn.png" hoverIcon="/images/dashicons/edit_query_ovr.png" actionListener="#{pageFlowScope.editorbean.showQueryEditorPopUp}" partialSubmit="true" rendered="true">
<showPopupBehavior popupId="queryEditorPopUp" triggerType="click" align="beforeStart" alignId="dummyId"/>
</commandImageLink>
<spacer id="queryBtnS609" width="10" height="1"/>
<commandImageLink text="" id="viewActions609" shortDesc="#{DesignerBundle.DASHBOARD_BUSINESSVIEW_ACTIONS}" icon="/images/dashicons/bv_props_ena.png" disabledIcon="/images/dashicons/bv_props_dis.png" depressedIcon="/images/dashicons/bv_props_dwn.png" hoverIcon="/images/dashicons/bv_props_ovr.png" actionListener="#{pageFlowScope.editorbean.showBusinessViewActions}" partialSubmit="true" rendered="true">
<showPopupBehavior popupId="viewActionsMenu" triggerType="click" align="afterStart" alignId="viewActions609"/>
</commandImageLink>
<spacer id="viewBtnS609" width="10" height="1"/>
<commandImageLink text="" id="dashActions609" shortDesc="#{DesignerBundle.DASHBOARD_ACTIONS}" icon="/images/dashicons/actions_ena.png" disabledIcon="/images/dashicons/actions_dis.png" depressedIcon="/images/dashicons/actions_dwn.png" hoverIcon="/images/dashicons/actions_ovr.png" actionListener="#{pageFlowScope.editorbean.setCurrentCell}" partialSubmit="true" rendered="true">
<showPopupBehavior popupId="dashActionsMenu" triggerType="click" align="afterStart" alignId="dashActions609"/>
</commandImageLink>
<spacer id="dashBtnS609" width="10" height="1"/>
</panelGroupLayout>
</facet>
</panelStretchLayout>
</gridCell>
</gridRow>
</panelGridLayout>
</gridCell>
</gridRow>
</panelGridLayout>
</gridCell>
</gridRow>
</panelGridLayout>
</gridCell>
</gridRow>
</panelGridLayout>
</gridCell>
</gridRow>
</panelGridLayout>
</gridCell>
</gridRow>
</panelGridLayout>
</gridCell>
</gridRow>
</panelGridLayout>
</gridCell>
</gridRow>
</panelGridLayout>
</gridCell>
</gridRow>
</panelGridLayout>
</gridCell>
</gridRow>
</panelGridLayout>
</gridCell>
</gridRow>
</panelGridLayout>
</gridCell>
</gridRow>
</panelGridLayout>
</gridCell>
<gridCell id="cell58" width="33%" halign="stretch" valign="stretch" marginEnd="0px" marginStart="0px">
<panelGridLayout id="maingrid101">
<gridRow id="mainRow109" height="50%" marginBottom="0px" marginTop="0px">
<gridCell id="mainCell109" width="100%" halign="stretch" valign="stretch" marginEnd="0px" marginStart="0px">
<panelGridLayout id="innergrid109">
<gridRow id="row109" height="100%" marginBottom="0px" marginTop="0px">
<gridCell id="cell111" width="75%" halign="stretch" valign="stretch" marginEnd="0px" marginStart="0px">
<panelGridLayout id="maingrid151">
<gridRow id="mainRow153" height="50%" marginBottom="0px" marginTop="0px">
<gridCell id="mainCell153" width="100%" halign="stretch" valign="stretch" marginEnd="0px" marginStart="0px">
<panelGridLayout id="innergrid153">
<gridRow id="row153" height="100%" marginBottom="0px" marginTop="0px">
<gridCell id="cell157" width="33%" halign="stretch" valign="stretch" marginEnd="0px" marginStart="0px">
<panelGridLayout id="maingrid215">
<gridRow id="mainRow217" height="30%" marginBottom="0px" marginTop="0px">
<gridCell id="mainCell217" width="100%" halign="stretch" valign="stretch" marginEnd="0px" marginStart="0px">
<panelGridLayout id="innergrid217">
<gridRow id="row217" height="100%" marginBottom="0px" marginTop="0px">
<gridCell id="cell219" width="100%" halign="stretch" valign="stretch" marginEnd="0px" marginStart="0px">
<panelGridLayout id="maingrid320">
<gridRow id="mainRow324" height="30%" marginBottom="0px" marginTop="0px">
<gridCell id="mainCell324" width="100%" halign="stretch" valign="stretch" marginEnd="0px" marginStart="0px">
<panelGridLayout id="innergrid324">
<gridRow id="row324" height="100%" marginBottom="0px" marginTop="0px">
<gridCell id="cell328" width="33%" halign="stretch" valign="stretch" marginEnd="0px" marginStart="0px">
<panelStretchLayout id="ph328" topHeight="#{(pageFlowScope.dashboardEditMode)?'20px':'5px'}" inlineStyle="#{pageFlowScope.editorbean.inlineStyle}">
<facet name="center" xmlns="http://java.sun.com/jsf/core">
<region id="region111" value="#{bindings.dynamicRegion111.regionModel}" xmlns="http://xmlns.oracle.com/adf/faces/rich">
<dropTarget dropListener="#{pageFlowScope.editorbean.onNavigatorDrop}" actions="MOVE COPY LINK">
<dataFlavor flavorClass="java.lang.Object" discriminant="navigatorModel"/>
</dropTarget>
</region>
</facet>
<facet name="bottom" xmlns="http://java.sun.com/jsf/core"/>
<facet name="start" xmlns="http://java.sun.com/jsf/core"/>
<facet name="end" xmlns="http://java.sun.com/jsf/core"/>
<facet name="top" xmlns="http://java.sun.com/jsf/core">
<panelGroupLayout layout="horizontal" styleClass="AFStretchWidth" halign="end" id="inpgl328" rendered="#{(pageFlowScope.dashboardEditMode)}" xmlns="http://xmlns.oracle.com/adf/faces/rich">
<commandImageLink text="" id="queryBtn328" shortDesc="#{DesignerBundle.DASHBOARD_OPEN_QUERY_EDITOR}" icon="/images/dashicons/edit_query_ena.png" disabledIcon="/images/dashicons/edit_query_dis.png" depressedIcon="/images/dashicons/edit_query_dwn.png" hoverIcon="/images/dashicons/edit_query_ovr.png" actionListener="#{pageFlowScope.editorbean.showQueryEditorPopUp}" partialSubmit="true" rendered="true">
<showPopupBehavior popupId="queryEditorPopUp" triggerType="click" align="beforeStart" alignId="dummyId"/>
</commandImageLink>
<spacer id="queryBtnS328" width="10" height="1"/>
<commandImageLink text="" id="viewActions328" shortDesc="#{DesignerBundle.DASHBOARD_BUSINESSVIEW_ACTIONS}" icon="/images/dashicons/bv_props_ena.png" disabledIcon="/images/dashicons/bv_props_dis.png" depressedIcon="/images/dashicons/bv_props_dwn.png" hoverIcon="/images/dashicons/bv_props_ovr.png" actionListener="#{pageFlowScope.editorbean.showBusinessViewActions}" partialSubmit="true" rendered="true">
<showPopupBehavior popupId="viewActionsMenu" triggerType="click" align="afterStart" alignId="viewActions328"/>
</commandImageLink>
<spacer id="viewBtnS328" width="10" height="1"/>
<commandImageLink text="" id="dashActions328" shortDesc="#{DesignerBundle.DASHBOARD_ACTIONS}" icon="/images/dashicons/actions_ena.png" disabledIcon="/images/dashicons/actions_dis.png" depressedIcon="/images/dashicons/actions_dwn.png" hoverIcon="/images/dashicons/actions_ovr.png" actionListener="#{pageFlowScope.editorbean.setCurrentCell}" partialSubmit="true" rendered="true">
<showPopupBehavior popupId="dashActionsMenu" triggerType="click" align="afterStart" alignId="dashActions328"/>
</commandImageLink>
<spacer id="dashBtnS328" width="10" height="1"/>
</panelGroupLayout>
</facet>
</panelStretchLayout>
</gridCell>
<gridCell id="cell336" width="33%" halign="stretch" valign="stretch" marginEnd="0px" marginStart="0px">
<panelStretchLayout id="ph336" topHeight="#{(pageFlowScope.dashboardEditMode)?'20px':'5px'}" inlineStyle="#{pageFlowScope.editorbean.inlineStyle}">
<facet name="center" xmlns="http://java.sun.com/jsf/core">
<region id="region336" value="#{bindings.dynamicRegion336.regionModel}" xmlns="http://xmlns.oracle.com/adf/faces/rich">
<dropTarget dropListener="#{pageFlowScope.editorbean.onNavigatorDrop}" actions="MOVE COPY LINK">
<dataFlavor flavorClass="java.lang.Object" discriminant="navigatorModel"/>
</dropTarget>
</region>
</facet>
<facet name="bottom" xmlns="http://java.sun.com/jsf/core"/>
<facet name="start" xmlns="http://java.sun.com/jsf/core"/>
<facet name="end" xmlns="http://java.sun.com/jsf/core"/>
<facet name="top" xmlns="http://java.sun.com/jsf/core">
<panelGroupLayout layout="horizontal" styleClass="AFStretchWidth" halign="end" id="inpgl336" rendered="#{(pageFlowScope.dashboardEditMode)}" xmlns="http://xmlns.oracle.com/adf/faces/rich">
<commandImageLink text="" id="queryBtn336" shortDesc="#{DesignerBundle.DASHBOARD_OPEN_QUERY_EDITOR}" icon="/images/dashicons/edit_query_ena.png" disabledIcon="/images/dashicons/edit_query_dis.png" depressedIcon="/images/dashicons/edit_query_dwn.png" hoverIcon="/images/dashicons/edit_query_ovr.png" actionListener="#{pageFlowScope.editorbean.showQueryEditorPopUp}" partialSubmit="true" rendered="true">
<showPopupBehavior popupId="queryEditorPopUp" triggerType="click" align="beforeStart" alignId="dummyId"/>
</commandImageLink>
<spacer id="queryBtnS336" width="10" height="1"/>
<commandImageLink text="" id="viewActions336" shortDesc="#{DesignerBundle.DASHBOARD_BUSINESSVIEW_ACTIONS}" icon="/images/dashicons/bv_props_ena.png" disabledIcon="/images/dashicons/bv_props_dis.png" depressedIcon="/images/dashicons/bv_props_dwn.png" hoverIcon="/images/dashicons/bv_props_ovr.png" actionListener="#{pageFlowScope.editorbean.showBusinessViewActions}" partialSubmit="true" rendered="true">
<showPopupBehavior popupId="viewActionsMenu" triggerType="click" align="afterStart" alignId="viewActions336"/>
</commandImageLink>
<spacer id="viewBtnS336" width="10" height="1"/>
<commandImageLink text="" id="dashActions336" shortDesc="#{DesignerBundle.DASHBOARD_ACTIONS}" icon="/images/dashicons/actions_ena.png" disabledIcon="/images/dashicons/actions_dis.png" depressedIcon="/images/dashicons/actions_dwn.png" hoverIcon="/images/dashicons/actions_ovr.png" actionListener="#{pageFlowScope.editorbean.setCurrentCell}" partialSubmit="true" rendered="true">
<showPopupBehavior popupId="dashActionsMenu" triggerType="click" align="afterStart" alignId="dashActions336"/>
</commandImageLink>
<spacer id="dashBtnS336" width="10" height="1"/>
</panelGroupLayout>
</facet>
</panelStretchLayout>
</gridCell>
<gridCell id="cell348" width="33%" halign="stretch" valign="stretch" marginEnd="0px" marginStart="0px">
<panelStretchLayout id="ph348" topHeight="#{(pageFlowScope.dashboardEditMode)?'20px':'5px'}" inlineStyle="#{pageFlowScope.editorbean.inlineStyle}">
<facet name="center" xmlns="http://java.sun.com/jsf/core">
<region id="region348" value="#{bindings.dynamicRegion348.regionModel}" xmlns="http://xmlns.oracle.com/adf/faces/rich">
<dropTarget dropListener="#{pageFlowScope.editorbean.onNavigatorDrop}" actions="MOVE COPY LINK">
<dataFlavor flavorClass="java.lang.Object" discriminant="navigatorModel"/>
</dropTarget>
</region>
</facet>
<facet name="bottom" xmlns="http://java.sun.com/jsf/core"/>
<facet name="start" xmlns="http://java.sun.com/jsf/core"/>
<facet name="end" xmlns="http://java.sun.com/jsf/core"/>
<facet name="top" xmlns="http://java.sun.com/jsf/core">
<panelGroupLayout layout="horizontal" styleClass="AFStretchWidth" halign="end" id="inpgl348" rendered="#{(pageFlowScope.dashboardEditMode)}" xmlns="http://xmlns.oracle.com/adf/faces/rich">
<commandImageLink text="" id="queryBtn348" shortDesc="#{DesignerBundle.DASHBOARD_OPEN_QUERY_EDITOR}" icon="/images/dashicons/edit_query_ena.png" disabledIcon="/images/dashicons/edit_query_dis.png" depressedIcon="/images/dashicons/edit_query_dwn.png" hoverIcon="/images/dashicons/edit_query_ovr.png" actionListener="#{pageFlowScope.editorbean.showQueryEditorPopUp}" partialSubmit="true" rendered="true">
<showPopupBehavior popupId="queryEditorPopUp" triggerType="click" align="beforeStart" alignId="dummyId"/>
</commandImageLink>
<spacer id="queryBtnS348" width="10" height="1"/>
<commandImageLink text="" id="viewActions348" shortDesc="#{DesignerBundle.DASHBOARD_BUSINESSVIEW_ACTIONS}" icon="/images/dashicons/bv_props_ena.png" disabledIcon="/images/dashicons/bv_props_dis.png" depressedIcon="/images/dashicons/bv_props_dwn.png" hoverIcon="/images/dashicons/bv_props_ovr.png" actionListener="#{pageFlowScope.editorbean.showBusinessViewActions}" partialSubmit="true" rendered="true">
<showPopupBehavior popupId="viewActionsMenu" triggerType="click" align="afterStart" alignId="viewActions348"/>
</commandImageLink>
<spacer id="viewBtnS348" width="10" height="1"/>
<commandImageLink text="" id="dashActions348" shortDesc="#{DesignerBundle.DASHBOARD_ACTIONS}" icon="/images/dashicons/actions_ena.png" disabledIcon="/images/dashicons/actions_dis.png" depressedIcon="/images/dashicons/actions_dwn.png" hoverIcon="/images/dashicons/actions_ovr.png" actionListener="#{pageFlowScope.editorbean.setCurrentCell}" partialSubmit="true" rendered="true">
<showPopupBehavior popupId="dashActionsMenu" triggerType="click" align="afterStart" alignId="dashActions348"/>
</commandImageLink>
<spacer id="dashBtnS348" width="10" height="1"/>
</panelGroupLayout>
</facet>
</panelStretchLayout>
</gridCell>
<gridCell id="cell352" width="33%" halign="stretch" valign="stretch" marginEnd="0px" marginStart="0px">
<panelStretchLayout id="ph352" topHeight="#{(pageFlowScope.dashboardEditMode)?'20px':'5px'}" inlineStyle="#{pageFlowScope.editorbean.inlineStyle}">
<facet name="center" xmlns="http://java.sun.com/jsf/core">
<region id="region352" value="#{bindings.dynamicRegion352.regionModel}" xmlns="http://xmlns.oracle.com/adf/faces/rich">
<dropTarget dropListener="#{pageFlowScope.editorbean.onNavigatorDrop}" actions="MOVE COPY LINK">
<dataFlavor flavorClass="java.lang.Object" discriminant="navigatorModel"/>
</dropTarget>
</region>
</facet>
<facet name="bottom" xmlns="http://java.sun.com/jsf/core"/>
<facet name="start" xmlns="http://java.sun.com/jsf/core"/>
<facet name="end" xmlns="http://java.sun.com/jsf/core"/>
<facet name="top" xmlns="http://java.sun.com/jsf/core">
<panelGroupLayout layout="horizontal" styleClass="AFStretchWidth" halign="end" id="inpgl352" rendered="#{(pageFlowScope.dashboardEditMode)}" xmlns="http://xmlns.oracle.com/adf/faces/rich">
<commandImageLink text="" id="queryBtn352" shortDesc="#{DesignerBundle.DASHBOARD_OPEN_QUERY_EDITOR}" icon="/images/dashicons/edit_query_ena.png" disabledIcon="/images/dashicons/edit_query_dis.png" depressedIcon="/images/dashicons/edit_query_dwn.png" hoverIcon="/images/dashicons/edit_query_ovr.png" actionListener="#{pageFlowScope.editorbean.showQueryEditorPopUp}" partialSubmit="true" rendered="true">
<showPopupBehavior popupId="queryEditorPopUp" triggerType="click" align="beforeStart" alignId="dummyId"/>
</commandImageLink>
<spacer id="queryBtnS352" width="10" height="1"/>
<commandImageLink text="" id="viewActions352" shortDesc="#{DesignerBundle.DASHBOARD_BUSINESSVIEW_ACTIONS}" icon="/images/dashicons/bv_props_ena.png" disabledIcon="/images/dashicons/bv_props_dis.png" depressedIcon="/images/dashicons/bv_props_dwn.png" hoverIcon="/images/dashicons/bv_props_ovr.png" actionListener="#{pageFlowScope.editorbean.showBusinessViewActions}" partialSubmit="true" rendered="true">
<showPopupBehavior popupId="viewActionsMenu" triggerType="click" align="afterStart" alignId="viewActions352"/>
</commandImageLink>
<spacer id="viewBtnS352" width="10" height="1"/>
<commandImageLink text="" id="dashActions352" shortDesc="#{DesignerBundle.DASHBOARD_ACTIONS}" icon="/images/dashicons/actions_ena.png" disabledIcon="/images/dashicons/actions_dis.png" depressedIcon="/images/dashicons/actions_dwn.png" hoverIcon="/images/dashicons/actions_ovr.png" actionListener="#{pageFlowScope.editorbean.setCurrentCell}" partialSubmit="true" rendered="true">
<showPopupBehavior popupId="dashActionsMenu" triggerType="click" align="afterStart" alignId="dashActions352"/>
</commandImageLink>
<spacer id="dashBtnS352" width="10" height="1"/>
</panelGroupLayout>
</facet>
</panelStretchLayout>
</gridCell>
</gridRow>
</panelGridLayout>
</gridCell>
</gridRow>
<gridRow id="mainRow330" height="50%" marginBottom="0px" marginTop="0px">
<gridCell id="mainCell330" width="100%" halign="stretch" valign="stretch" marginEnd="0px" marginStart="0px">
<panelGridLayout id="innergrid330">
<gridRow id="row330" height="100%" marginBottom="0px" marginTop="0px">
<gridCell id="cell332" width="33%" halign="stretch" valign="stretch" marginEnd="0px" marginStart="0px">
<panelGridLayout id="maingrid355">
<gridRow id="mainRow357" height="50%" marginBottom="0px" marginTop="0px">
<gridCell id="mainCell357" width="100%" halign="stretch" valign="stretch" marginEnd="0px" marginStart="0px">
<panelGridLayout id="innergrid357">
<gridRow id="row357" height="100%" marginBottom="0px" marginTop="0px">
<gridCell id="cell359" width="33%" halign="stretch" valign="stretch" marginEnd="0px" marginStart="0px">
<panelStretchLayout id="ph359" topHeight="#{(pageFlowScope.dashboardEditMode)?'20px':'5px'}" inlineStyle="#{pageFlowScope.editorbean.inlineStyle}">
<facet name="center" xmlns="http://java.sun.com/jsf/core">
<region id="region332" value="#{bindings.dynamicRegion332.regionModel}" xmlns="http://xmlns.oracle.com/adf/faces/rich">
<dropTarget dropListener="#{pageFlowScope.editorbean.onNavigatorDrop}" actions="MOVE COPY LINK">
<dataFlavor flavorClass="java.lang.Object" discriminant="navigatorModel"/>
</dropTarget>
</region>
</facet>
<facet name="bottom" xmlns="http://java.sun.com/jsf/core"/>
<facet name="start" xmlns="http://java.sun.com/jsf/core"/>
<facet name="end" xmlns="http://java.sun.com/jsf/core"/>
<facet name="top" xmlns="http://java.sun.com/jsf/core">
<panelGroupLayout layout="horizontal" styleClass="AFStretchWidth" halign="end" id="inpgl359" rendered="#{(pageFlowScope.dashboardEditMode)}" xmlns="http://xmlns.oracle.com/adf/faces/rich">
<commandImageLink text="" id="queryBtn359" shortDesc="#{DesignerBundle.DASHBOARD_OPEN_QUERY_EDITOR}" icon="/images/dashicons/edit_query_ena.png" disabledIcon="/images/dashicons/edit_query_dis.png" depressedIcon="/images/dashicons/edit_query_dwn.png" hoverIcon="/images/dashicons/edit_query_ovr.png" actionListener="#{pageFlowScope.editorbean.showQueryEditorPopUp}" partialSubmit="true" rendered="true">
<showPopupBehavior popupId="queryEditorPopUp" triggerType="click" align="beforeStart" alignId="dummyId"/>
</commandImageLink>
<spacer id="queryBtnS359" width="10" height="1"/>
<commandImageLink text="" id="viewActions359" shortDesc="#{DesignerBundle.DASHBOARD_BUSINESSVIEW_ACTIONS}" icon="/images/dashicons/bv_props_ena.png" disabledIcon="/images/dashicons/bv_props_dis.png" depressedIcon="/images/dashicons/bv_props_dwn.png" hoverIcon="/images/dashicons/bv_props_ovr.png" actionListener="#{pageFlowScope.editorbean.showBusinessViewActions}" partialSubmit="true" rendered="true">
<showPopupBehavior popupId="viewActionsMenu" triggerType="click" align="afterStart" alignId="viewActions359"/>
</commandImageLink>
<spacer id="viewBtnS359" width="10" height="1"/>
<commandImageLink text="" id="dashActions359" shortDesc="#{DesignerBundle.DASHBOARD_ACTIONS}" icon="/images/dashicons/actions_ena.png" disabledIcon="/images/dashicons/actions_dis.png" depressedIcon="/images/dashicons/actions_dwn.png" hoverIcon="/images/dashicons/actions_ovr.png" actionListener="#{pageFlowScope.editorbean.setCurrentCell}" partialSubmit="true" rendered="true">
<showPopupBehavior popupId="dashActionsMenu" triggerType="click" align="afterStart" alignId="dashActions359"/>
</commandImageLink>
<spacer id="dashBtnS359" width="10" height="1"/>
</panelGroupLayout>
</facet>
</panelStretchLayout>
</gridCell>
<gridCell id="cell371" width="33%" halign="stretch" valign="stretch" marginEnd="0px" marginStart="0px">
<panelStretchLayout id="ph371" topHeight="#{(pageFlowScope.dashboardEditMode)?'20px':'5px'}" inlineStyle="#{pageFlowScope.editorbean.inlineStyle}">
<facet name="center" xmlns="http://java.sun.com/jsf/core">
<region id="region371" value="#{bindings.dynamicRegion371.regionModel}" xmlns="http://xmlns.oracle.com/adf/faces/rich">
<dropTarget dropListener="#{pageFlowScope.editorbean.onNavigatorDrop}" actions="MOVE COPY LINK">
<dataFlavor flavorClass="java.lang.Object" discriminant="navigatorModel"/>
</dropTarget>
</region>
</facet>
<facet name="bottom" xmlns="http://java.sun.com/jsf/core"/>
<facet name="start" xmlns="http://java.sun.com/jsf/core"/>
<facet name="end" xmlns="http://java.sun.com/jsf/core"/>
<facet name="top" xmlns="http://java.sun.com/jsf/core">
<panelGroupLayout layout="horizontal" styleClass="AFStretchWidth" halign="end" id="inpgl371" rendered="#{(pageFlowScope.dashboardEditMode)}" xmlns="http://xmlns.oracle.com/adf/faces/rich">
<commandImageLink text="" id="queryBtn371" shortDesc="#{DesignerBundle.DASHBOARD_OPEN_QUERY_EDITOR}" icon="/images/dashicons/edit_query_ena.png" disabledIcon="/images/dashicons/edit_query_dis.png" depressedIcon="/images/dashicons/edit_query_dwn.png" hoverIcon="/images/dashicons/edit_query_ovr.png" actionListener="#{pageFlowScope.editorbean.showQueryEditorPopUp}" partialSubmit="true" rendered="true">
<showPopupBehavior popupId="queryEditorPopUp" triggerType="click" align="beforeStart" alignId="dummyId"/>
</commandImageLink>
<spacer id="queryBtnS371" width="10" height="1"/>
<commandImageLink text="" id="viewActions371" shortDesc="#{DesignerBundle.DASHBOARD_BUSINESSVIEW_ACTIONS}" icon="/images/dashicons/bv_props_ena.png" disabledIcon="/images/dashicons/bv_props_dis.png" depressedIcon="/images/dashicons/bv_props_dwn.png" hoverIcon="/images/dashicons/bv_props_ovr.png" actionListener="#{pageFlowScope.editorbean.showBusinessViewActions}" partialSubmit="true" rendered="true">
<showPopupBehavior popupId="viewActionsMenu" triggerType="click" align="afterStart" alignId="viewActions371"/>
</commandImageLink>
<spacer id="viewBtnS371" width="10" height="1"/>
<commandImageLink text="" id="dashActions371" shortDesc="#{DesignerBundle.DASHBOARD_ACTIONS}" icon="/images/dashicons/actions_ena.png" disabledIcon="/images/dashicons/actions_dis.png" depressedIcon="/images/dashicons/actions_dwn.png" hoverIcon="/images/dashicons/actions_ovr.png" actionListener="#{pageFlowScope.editorbean.setCurrentCell}" partialSubmit="true" rendered="true">
<showPopupBehavior popupId="dashActionsMenu" triggerType="click" align="afterStart" alignId="dashActions371"/>
</commandImageLink>
<spacer id="dashBtnS371" width="10" height="1"/>
</panelGroupLayout>
</facet>
</panelStretchLayout>
</gridCell>
</gridRow>
</panelGridLayout>
</gridCell>
</gridRow>
<gridRow id="mainRow363" height="50%" marginBottom="0px" marginTop="0px">
<gridCell id="mainCell363" width="100%" halign="stretch" valign="stretch" marginEnd="0px" marginStart="0px">
<panelGridLayout id="innergrid363">
<gridRow id="row363" height="100%" marginBottom="0px" marginTop="0px">
<gridCell id="cell366" width="33%" halign="stretch" valign="stretch" marginEnd="0px" marginStart="0px">
<panelStretchLayout id="ph366" topHeight="#{(pageFlowScope.dashboardEditMode)?'20px':'5px'}" inlineStyle="#{pageFlowScope.editorbean.inlineStyle}">
<facet name="center" xmlns="http://java.sun.com/jsf/core">
<region id="region366" value="#{bindings.dynamicRegion366.regionModel}" xmlns="http://xmlns.oracle.com/adf/faces/rich">
<dropTarget dropListener="#{pageFlowScope.editorbean.onNavigatorDrop}" actions="MOVE COPY LINK">
<dataFlavor flavorClass="java.lang.Object" discriminant="navigatorModel"/>
</dropTarget>
</region>
</facet>
<facet name="bottom" xmlns="http://java.sun.com/jsf/core"/>
<facet name="start" xmlns="http://java.sun.com/jsf/core"/>
<facet name="end" xmlns="http://java.sun.com/jsf/core"/>
<facet name="top" xmlns="http://java.sun.com/jsf/core">
<panelGroupLayout layout="horizontal" styleClass="AFStretchWidth" halign="end" id="inpgl366" rendered="#{(pageFlowScope.dashboardEditMode)}" xmlns="http://xmlns.oracle.com/adf/faces/rich">
<commandImageLink text="" id="queryBtn366" shortDesc="#{DesignerBundle.DASHBOARD_OPEN_QUERY_EDITOR}" icon="/images/dashicons/edit_query_ena.png" disabledIcon="/images/dashicons/edit_query_dis.png" depressedIcon="/images/dashicons/edit_query_dwn.png" hoverIcon="/images/dashicons/edit_query_ovr.png" actionListener="#{pageFlowScope.editorbean.showQueryEditorPopUp}" partialSubmit="true" rendered="true">
<showPopupBehavior popupId="queryEditorPopUp" triggerType="click" align="beforeStart" alignId="dummyId"/>
</commandImageLink>
<spacer id="queryBtnS366" width="10" height="1"/>
<commandImageLink text="" id="viewActions366" shortDesc="#{DesignerBundle.DASHBOARD_BUSINESSVIEW_ACTIONS}" icon="/images/dashicons/bv_props_ena.png" disabledIcon="/images/dashicons/bv_props_dis.png" depressedIcon="/images/dashicons/bv_props_dwn.png" hoverIcon="/images/dashicons/bv_props_ovr.png" actionListener="#{pageFlowScope.editorbean.showBusinessViewActions}" partialSubmit="true" rendered="true">
<showPopupBehavior popupId="viewActionsMenu" triggerType="click" align="afterStart" alignId="viewActions366"/>
</commandImageLink>
<spacer id="viewBtnS366" width="10" height="1"/>
<commandImageLink text="" id="dashActions366" shortDesc="#{DesignerBundle.DASHBOARD_ACTIONS}" icon="/images/dashicons/actions_ena.png" disabledIcon="/images/dashicons/actions_dis.png" depressedIcon="/images/dashicons/actions_dwn.png" hoverIcon="/images/dashicons/actions_ovr.png" actionListener="#{pageFlowScope.editorbean.setCurrentCell}" partialSubmit="true" rendered="true">
<showPopupBehavior popupId="dashActionsMenu" triggerType="click" align="afterStart" alignId="dashActions366"/>
</commandImageLink>
<spacer id="dashBtnS366" width="10" height="1"/>
</panelGroupLayout>
</facet>
</panelStretchLayout>
</gridCell>
<gridCell id="cell377" width="33%" halign="stretch" valign="stretch" marginEnd="0px" marginStart="0px">
<panelStretchLayout id="ph377" topHeight="#{(pageFlowScope.dashboardEditMode)?'20px':'5px'}" inlineStyle="#{pageFlowScope.editorbean.inlineStyle}">
<facet name="center" xmlns="http://java.sun.com/jsf/core">
<region id="region377" value="#{bindings.dynamicRegion377.regionModel}" xmlns="http://xmlns.oracle.com/adf/faces/rich">
<dropTarget dropListener="#{pageFlowScope.editorbean.onNavigatorDrop}" actions="MOVE COPY LINK">
<dataFlavor flavorClass="java.lang.Object" discriminant="navigatorModel"/>
</dropTarget>
</region>
</facet>
<facet name="bottom" xmlns="http://java.sun.com/jsf/core"/>
<facet name="start" xmlns="http://java.sun.com/jsf/core"/>
<facet name="end" xmlns="http://java.sun.com/jsf/core"/>
<facet name="top" xmlns="http://java.sun.com/jsf/core">
<panelGroupLayout layout="horizontal" styleClass="AFStretchWidth" halign="end" id="inpgl377" rendered="#{(pageFlowScope.dashboardEditMode)}" xmlns="http://xmlns.oracle.com/adf/faces/rich">
<commandImageLink text="" id="queryBtn377" shortDesc="#{DesignerBundle.DASHBOARD_OPEN_QUERY_EDITOR}" icon="/images/dashicons/edit_query_ena.png" disabledIcon="/images/dashicons/edit_query_dis.png" depressedIcon="/images/dashicons/edit_query_dwn.png" hoverIcon="/images/dashicons/edit_query_ovr.png" actionListener="#{pageFlowScope.editorbean.showQueryEditorPopUp}" partialSubmit="true" rendered="true">
<showPopupBehavior popupId="queryEditorPopUp" triggerType="click" align="beforeStart" alignId="dummyId"/>
</commandImageLink>
<spacer id="queryBtnS377" width="10" height="1"/>
<commandImageLink text="" id="viewActions377" shortDesc="#{DesignerBundle.DASHBOARD_BUSINESSVIEW_ACTIONS}" icon="/images/dashicons/bv_props_ena.png" disabledIcon="/images/dashicons/bv_props_dis.png" depressedIcon="/images/dashicons/bv_props_dwn.png" hoverIcon="/images/dashicons/bv_props_ovr.png" actionListener="#{pageFlowScope.editorbean.showBusinessViewActions}" partialSubmit="true" rendered="true">
<showPopupBehavior popupId="viewActionsMenu" triggerType="click" align="afterStart" alignId="viewActions377"/>
</commandImageLink>
<spacer id="viewBtnS377" width="10" height="1"/>
<commandImageLink text="" id="dashActions377" shortDesc="#{DesignerBundle.DASHBOARD_ACTIONS}" icon="/images/dashicons/actions_ena.png" disabledIcon="/images/dashicons/actions_dis.png" depressedIcon="/images/dashicons/actions_dwn.png" hoverIcon="/images/dashicons/actions_ovr.png" actionListener="#{pageFlowScope.editorbean.setCurrentCell}" partialSubmit="true" rendered="true">
<showPopupBehavior popupId="dashActionsMenu" triggerType="click" align="afterStart" alignId="dashActions377"/>
</commandImageLink>
<spacer id="dashBtnS377" width="10" height="1"/>
</panelGroupLayout>
</facet>
</panelStretchLayout>
</gridCell>
</gridRow>
</panelGridLayout>
</gridCell>
</gridRow>
</panelGridLayout>
</gridCell>
</gridRow>
</panelGridLayout>
</gridCell>
</gridRow>
</panelGridLayout>
</gridCell>
</gridRow>
</panelGridLayout>
</gridCell>
</gridRow>
</panelGridLayout>
</gridCell>
</gridRow>
</panelGridLayout>
</gridCell>
</gridRow>
</panelGridLayout>
</gridCell>
</gridRow>
</panelGridLayout>
</gridCell>
</gridRow>
</panelGridLayout>
</gridCell>
</gridRow>
</panelGridLayout>
</gridCell>
</gridRow>
</mds:insert>
<mds:modify element="dashboardPSL">
<mds:attribute name="styleClass" value="bam-dashboard-content-Anki-Race"/>
</mds:modify>
</mds:customization>