<?xml version = '1.0' encoding = 'UTF-8'?>
<mds:customization version="12.2.1_20160607.2047" xmlns:mds="http://xmlns.oracle.com/mds" motype_local_name="pageDefinition" motype_nsuri="http://xmlns.oracle.com/adfm/uimodel">
<mds:replace node="dynamicRegion1"/>
<mds:replace node="dynamicRegion2"/>
<mds:replace node="dynamicRegion3"/>
<mds:replace node="dynamicRegion4"/>
<mds:replace node="dynamicRegion5"/>
<mds:replace node="dynamicRegion6"/>
<mds:replace node="dynamicRegion7"/>
<mds:replace node="dynamicRegion8"/>
<mds:replace node="dynamicRegion9"/>
<mds:insert parent="beamDashboardRacePageDef" position="last">
<executables xmlns="http://xmlns.oracle.com/adfm/uimodel"/>
</mds:insert>
<mds:insert parent="beamDashboardRacePageDef(xmlns(mds_ns1=http://xmlns.oracle.com/adfm/uimodel))/mds_ns1:executables" position="last">
<taskFlow id="dynamicRegion111" taskFlowId="/beam/project/Anki/view/Current_Speed_Ground_Shock/taskflow/Current_Speed_Ground_Shock/beamVizCurrent_Speed_Ground_Shock.xml#ps_taskflowid" activation="deferred" xmlns="http://xmlns.oracle.com/adf/controller/binding" RefreshCondition="#{pageFlowScope.editorbean.refreshConditionMap['/beam/project/Anki/view/Current_Speed_Ground_Shock/taskflow/Current_Speed_Ground_Shock/beamVizCurrent_Speed_Ground_Shock.xml#ps_taskflowid'].value}">
<parameters>
<parameter id="dashboardId" value="/project/Anki/dashboard/Race"/>
<parameter id="externalUrl" value=""/>
<parameter id="regionId" value="dynamicRegion111"/>
<parameter id="dashboardRefresh" value="true"/>
<parameter id="vizcontainernode" value="#{pageFlowScope.editorbean.vizContainerNode}"/>
<parameter id="externalImage" value=""/>
<parameter id="associatedDashboardIdWithImage" value=""/>
<parameter id="externalImageSize" value=""/>
<parameter id="imageCaption" value=""/>
<parameter id="imageCaptionPlacement" value=""/>
<parameter id="inplaceReplacement" value=""/>
<parameter id="dynamicTimeUnit" value="#{pageFlowScope.dashPageDefInputParameterMap['dynamicTimeUnit']}"/>
</parameters>
</taskFlow>
</mds:insert>
<mds:insert parent="beamDashboardRacePageDef(xmlns(mds_ns1=http://xmlns.oracle.com/adfm/uimodel))/mds_ns1:executables" position="last">
<taskFlow id="dynamicRegion332" taskFlowId="/beam/project/Anki/view/Time_per_Lap/taskflow/Time_per_Lap/beamVizTime_per_Lap.xml#ps_taskflowid" activation="deferred" xmlns="http://xmlns.oracle.com/adf/controller/binding" RefreshCondition="#{pageFlowScope.editorbean.refreshConditionMap['/beam/project/Anki/view/Time_per_Lap/taskflow/Time_per_Lap/beamVizTime_per_Lap.xml#ps_taskflowid'].value}">
<parameters>
<parameter id="dashboardId" value="/project/Anki/dashboard/Race"/>
<parameter id="externalUrl" value=""/>
<parameter id="regionId" value="dynamicRegion332"/>
<parameter id="dashboardRefresh" value="true"/>
<parameter id="vizcontainernode" value="#{pageFlowScope.editorbean.vizContainerNode}"/>
<parameter id="externalImage" value=""/>
<parameter id="associatedDashboardIdWithImage" value=""/>
<parameter id="externalImageSize" value=""/>
<parameter id="imageCaption" value=""/>
<parameter id="imageCaptionPlacement" value=""/>
<parameter id="inplaceReplacement" value=""/>
<parameter id="CURRENTRACE" value="#{pageFlowScope.dashPageDefInputParameterMap['CURRENTRACE']}"/>
<parameter id="dynamicTimeUnit" value="#{pageFlowScope.dashPageDefInputParameterMap['dynamicTimeUnit']}"/>
</parameters>
</taskFlow>
</mds:insert>
<mds:insert parent="beamDashboardRacePageDef(xmlns(mds_ns1=http://xmlns.oracle.com/adfm/uimodel))/mds_ns1:executables" position="last">
<taskFlow id="dynamicRegion336" taskFlowId="/beam/project/Anki/view/Current_Speed_Thermo/taskflow/Current_Speed_Thermo/beamVizCurrent_Speed_Thermo.xml#ps_taskflowid" activation="deferred" xmlns="http://xmlns.oracle.com/adf/controller/binding" RefreshCondition="#{pageFlowScope.editorbean.refreshConditionMap['/beam/project/Anki/view/Current_Speed_Thermo/taskflow/Current_Speed_Thermo/beamVizCurrent_Speed_Thermo.xml#ps_taskflowid'].value}">
<parameters>
<parameter id="dashboardId" value="/project/Anki/dashboard/Race"/>
<parameter id="externalUrl" value=""/>
<parameter id="regionId" value="dynamicRegion336"/>
<parameter id="dashboardRefresh" value="true"/>
<parameter id="vizcontainernode" value="#{pageFlowScope.editorbean.vizContainerNode}"/>
<parameter id="externalImage" value=""/>
<parameter id="associatedDashboardIdWithImage" value=""/>
<parameter id="externalImageSize" value=""/>
<parameter id="imageCaption" value=""/>
<parameter id="imageCaptionPlacement" value=""/>
<parameter id="inplaceReplacement" value=""/>
<parameter id="dynamicTimeUnit" value="#{pageFlowScope.dashPageDefInputParameterMap['dynamicTimeUnit']}"/>
</parameters>
</taskFlow>
</mds:insert>
<mds:insert parent="beamDashboardRacePageDef(xmlns(mds_ns1=http://xmlns.oracle.com/adfm/uimodel))/mds_ns1:executables" position="last">
<taskFlow id="dynamicRegion348" taskFlowId="/beam/project/Anki/view/Current_Speed_Guardian/taskflow/Current_Speed_Guardian/beamVizCurrent_Speed_Guardian.xml#ps_taskflowid" activation="deferred" xmlns="http://xmlns.oracle.com/adf/controller/binding" RefreshCondition="#{pageFlowScope.editorbean.refreshConditionMap['/beam/project/Anki/view/Current_Speed_Guardian/taskflow/Current_Speed_Guardian/beamVizCurrent_Speed_Guardian.xml#ps_taskflowid'].value}">
<parameters>
<parameter id="dashboardId" value="/project/Anki/dashboard/Race"/>
<parameter id="externalUrl" value=""/>
<parameter id="regionId" value="dynamicRegion348"/>
<parameter id="dashboardRefresh" value="true"/>
<parameter id="vizcontainernode" value="#{pageFlowScope.editorbean.vizContainerNode}"/>
<parameter id="externalImage" value=""/>
<parameter id="associatedDashboardIdWithImage" value=""/>
<parameter id="externalImageSize" value=""/>
<parameter id="imageCaption" value=""/>
<parameter id="imageCaptionPlacement" value=""/>
<parameter id="inplaceReplacement" value=""/>
<parameter id="dynamicTimeUnit" value="#{pageFlowScope.dashPageDefInputParameterMap['dynamicTimeUnit']}"/>
</parameters>
</taskFlow>
</mds:insert>
<mds:insert parent="beamDashboardRacePageDef(xmlns(mds_ns1=http://xmlns.oracle.com/adfm/uimodel))/mds_ns1:executables" position="last">
<taskFlow id="dynamicRegion352" taskFlowId="/beam/project/Anki/view/Current_Speed_Skull/taskflow/Current_Speed_Skull/beamVizCurrent_Speed_Skull.xml#ps_taskflowid" activation="deferred" xmlns="http://xmlns.oracle.com/adf/controller/binding" RefreshCondition="#{pageFlowScope.editorbean.refreshConditionMap['/beam/project/Anki/view/Current_Speed_Skull/taskflow/Current_Speed_Skull/beamVizCurrent_Speed_Skull.xml#ps_taskflowid'].value}">
<parameters>
<parameter id="dashboardId" value="/project/Anki/dashboard/Race"/>
<parameter id="externalUrl" value=""/>
<parameter id="regionId" value="dynamicRegion352"/>
<parameter id="dashboardRefresh" value="true"/>
<parameter id="vizcontainernode" value="#{pageFlowScope.editorbean.vizContainerNode}"/>
<parameter id="externalImage" value=""/>
<parameter id="associatedDashboardIdWithImage" value=""/>
<parameter id="externalImageSize" value=""/>
<parameter id="imageCaption" value=""/>
<parameter id="imageCaptionPlacement" value=""/>
<parameter id="inplaceReplacement" value=""/>
<parameter id="dynamicTimeUnit" value="#{pageFlowScope.dashPageDefInputParameterMap['dynamicTimeUnit']}"/>
</parameters>
</taskFlow>
</mds:insert>
<mds:insert parent="beamDashboardRacePageDef(xmlns(mds_ns1=http://xmlns.oracle.com/adfm/uimodel))/mds_ns1:executables" position="last">
<taskFlow id="dynamicRegion366" taskFlowId="/beam/project/Anki/view/Fastest_Lap_per_Race/taskflow/Fastest_Lap_per_Race/beamVizFastest_Lap_per_Race.xml#ps_taskflowid" activation="deferred" xmlns="http://xmlns.oracle.com/adf/controller/binding" RefreshCondition="#{pageFlowScope.editorbean.refreshConditionMap['/beam/project/Anki/view/Fastest_Lap_per_Race/taskflow/Fastest_Lap_per_Race/beamVizFastest_Lap_per_Race.xml#ps_taskflowid'].value}">
<parameters>
<parameter id="dashboardId" value="/project/Anki/dashboard/Race"/>
<parameter id="externalUrl" value=""/>
<parameter id="regionId" value="dynamicRegion366"/>
<parameter id="dashboardRefresh" value="true"/>
<parameter id="vizcontainernode" value="#{pageFlowScope.editorbean.vizContainerNode}"/>
<parameter id="externalImage" value=""/>
<parameter id="associatedDashboardIdWithImage" value=""/>
<parameter id="externalImageSize" value=""/>
<parameter id="imageCaption" value=""/>
<parameter id="imageCaptionPlacement" value=""/>
<parameter id="inplaceReplacement" value=""/>
<parameter id="CURRENTRACE" value="#{pageFlowScope.dashPageDefInputParameterMap['CURRENTRACE']}"/>
<parameter id="dynamicTimeUnit" value="#{pageFlowScope.dashPageDefInputParameterMap['dynamicTimeUnit']}"/>
</parameters>
</taskFlow>
</mds:insert>
<mds:insert parent="beamDashboardRacePageDef(xmlns(mds_ns1=http://xmlns.oracle.com/adfm/uimodel))/mds_ns1:executables" position="last">
<taskFlow id="dynamicRegion371" taskFlowId="/beam/project/Anki/view/Speed_Avg_per_Lap/taskflow/Speed_Avg_per_Lap/beamVizSpeed_Avg_per_Lap.xml#ps_taskflowid" activation="deferred" xmlns="http://xmlns.oracle.com/adf/controller/binding" RefreshCondition="#{pageFlowScope.editorbean.refreshConditionMap['/beam/project/Anki/view/Speed_Avg_per_Lap/taskflow/Speed_Avg_per_Lap/beamVizSpeed_Avg_per_Lap.xml#ps_taskflowid'].value}">
<parameters>
<parameter id="dashboardId" value="/project/Anki/dashboard/Race"/>
<parameter id="externalUrl" value=""/>
<parameter id="regionId" value="dynamicRegion371"/>
<parameter id="dashboardRefresh" value="true"/>
<parameter id="vizcontainernode" value="#{pageFlowScope.editorbean.vizContainerNode}"/>
<parameter id="externalImage" value=""/>
<parameter id="associatedDashboardIdWithImage" value=""/>
<parameter id="externalImageSize" value=""/>
<parameter id="imageCaption" value=""/>
<parameter id="imageCaptionPlacement" value=""/>
<parameter id="inplaceReplacement" value=""/>
<parameter id="CURRENTRACE" value="#{pageFlowScope.dashPageDefInputParameterMap['CURRENTRACE']}"/>
<parameter id="dynamicTimeUnit" value="#{pageFlowScope.dashPageDefInputParameterMap['dynamicTimeUnit']}"/>
</parameters>
</taskFlow>
</mds:insert>
<mds:insert parent="beamDashboardRacePageDef(xmlns(mds_ns1=http://xmlns.oracle.com/adfm/uimodel))/mds_ns1:executables" position="last">
<taskFlow id="dynamicRegion377" taskFlowId="/beam/project/Anki/view/Avg_Speed_per_Race/taskflow/Avg_Speed_per_Race/beamVizAvg_Speed_per_Race.xml#ps_taskflowid" activation="deferred" xmlns="http://xmlns.oracle.com/adf/controller/binding" RefreshCondition="#{pageFlowScope.editorbean.refreshConditionMap['/beam/project/Anki/view/Avg_Speed_per_Race/taskflow/Avg_Speed_per_Race/beamVizAvg_Speed_per_Race.xml#ps_taskflowid'].value}">
<parameters>
<parameter id="dashboardId" value="/project/Anki/dashboard/Race"/>
<parameter id="externalUrl" value=""/>
<parameter id="regionId" value="dynamicRegion377"/>
<parameter id="dashboardRefresh" value="true"/>
<parameter id="vizcontainernode" value="#{pageFlowScope.editorbean.vizContainerNode}"/>
<parameter id="externalImage" value=""/>
<parameter id="associatedDashboardIdWithImage" value=""/>
<parameter id="externalImageSize" value=""/>
<parameter id="imageCaption" value=""/>
<parameter id="imageCaptionPlacement" value=""/>
<parameter id="inplaceReplacement" value=""/>
<parameter id="CURRENTRACE" value="#{pageFlowScope.dashPageDefInputParameterMap['CURRENTRACE']}"/>
<parameter id="dynamicTimeUnit" value="#{pageFlowScope.dashPageDefInputParameterMap['dynamicTimeUnit']}"/>
</parameters>
</taskFlow>
</mds:insert>
<mds:insert parent="beamDashboardRacePageDef(xmlns(mds_ns1=http://xmlns.oracle.com/adfm/uimodel))/mds_ns1:executables" position="last">
<taskFlow id="dynamicRegion559" taskFlowId="/beam/project/Anki/view/CurrentRace/taskflow/CurrentRace/beamVizCurrentRace.xml#ps_taskflowid" activation="deferred" xmlns="http://xmlns.oracle.com/adf/controller/binding" RefreshCondition="#{pageFlowScope.editorbean.refreshConditionMap['/beam/project/Anki/view/CurrentRace/taskflow/CurrentRace/beamVizCurrentRace.xml#ps_taskflowid'].value}">
<parameters>
<parameter id="dashboardId" value="/project/Anki/dashboard/Race"/>
<parameter id="externalUrl" value=""/>
<parameter id="regionId" value="dynamicRegion559"/>
<parameter id="dashboardRefresh" value="true"/>
<parameter id="vizcontainernode" value="#{pageFlowScope.editorbean.vizContainerNode}"/>
<parameter id="externalImage" value=""/>
<parameter id="associatedDashboardIdWithImage" value=""/>
<parameter id="externalImageSize" value=""/>
<parameter id="imageCaption" value=""/>
<parameter id="imageCaptionPlacement" value=""/>
<parameter id="inplaceReplacement" value=""/>
<parameter id="dynamicTimeUnit" value="#{pageFlowScope.dashPageDefInputParameterMap['dynamicTimeUnit']}"/>
</parameters>
</taskFlow>
</mds:insert>
<mds:insert parent="beamDashboardRacePageDef(xmlns(mds_ns1=http://xmlns.oracle.com/adfm/uimodel))/mds_ns1:executables" position="last">
<taskFlow id="dynamicRegion609" taskFlowId="/beam/project/Anki/view/Offtracks/taskflow/Offtracks/beamVizOfftracks.xml#ps_taskflowid" activation="deferred" xmlns="http://xmlns.oracle.com/adf/controller/binding" RefreshCondition="#{pageFlowScope.editorbean.refreshConditionMap['/beam/project/Anki/view/Offtracks/taskflow/Offtracks/beamVizOfftracks.xml#ps_taskflowid'].value}">
<parameters>
<parameter id="dashboardId" value="/project/Anki/dashboard/Race"/>
<parameter id="externalUrl" value=""/>
<parameter id="regionId" value="dynamicRegion609"/>
<parameter id="dashboardRefresh" value="true"/>
<parameter id="vizcontainernode" value="#{pageFlowScope.editorbean.vizContainerNode}"/>
<parameter id="externalImage" value=""/>
<parameter id="associatedDashboardIdWithImage" value=""/>
<parameter id="externalImageSize" value=""/>
<parameter id="imageCaption" value=""/>
<parameter id="imageCaptionPlacement" value=""/>
<parameter id="inplaceReplacement" value=""/>
<parameter id="dynamicTimeUnit" value="#{pageFlowScope.dashPageDefInputParameterMap['dynamicTimeUnit']}"/>
</parameters>
</taskFlow>
</mds:insert>
<mds:insert parent="beamDashboardRacePageDef(xmlns(mds_ns1=http://xmlns.oracle.com/adfm/uimodel))/mds_ns1:executables" position="last">
<taskFlow id="dynamicRegion624" taskFlowId="/beam/project/Anki/view/Drone_Status/taskflow/Drone_Status/beamVizDrone_Status.xml#ps_taskflowid" activation="deferred" xmlns="http://xmlns.oracle.com/adf/controller/binding" RefreshCondition="#{pageFlowScope.editorbean.refreshConditionMap['/beam/project/Anki/view/Drone_Status/taskflow/Drone_Status/beamVizDrone_Status.xml#ps_taskflowid'].value}">
<parameters>
<parameter id="dashboardId" value="/project/Anki/dashboard/Race"/>
<parameter id="externalUrl" value=""/>
<parameter id="regionId" value="dynamicRegion624"/>
<parameter id="dashboardRefresh" value="true"/>
<parameter id="vizcontainernode" value="#{pageFlowScope.editorbean.vizContainerNode}"/>
<parameter id="externalImage" value=""/>
<parameter id="associatedDashboardIdWithImage" value=""/>
<parameter id="externalImageSize" value=""/>
<parameter id="imageCaption" value=""/>
<parameter id="imageCaptionPlacement" value=""/>
<parameter id="inplaceReplacement" value=""/>
<parameter id="dynamicTimeUnit" value="#{pageFlowScope.dashPageDefInputParameterMap['dynamicTimeUnit']}"/>
</parameters>
</taskFlow>
</mds:insert>
</mds:customization>