<?xml version = '1.0' encoding = 'UTF-8'?>
<adfc-config xmlns="http://xmlns.oracle.com/adf/controller">
<task-flow-definition id="ps_taskflowid">
<display-name>Empty Task Flow</display-name>
<default-activity>taskflowview</default-activity>
<data-control-scope>
<isolated/>
</data-control-scope>
<input-parameter-definition id="__5">
<name>isChanged</name>
<value>#{pageFlowScope.isChanged}</value>
<class>java.lang.String</class>
</input-parameter-definition>
<input-parameter-definition id="__8">
<name id="__7">dashboardEditMode</name>
<value>#{pageFlowScope.dashboardEditMode}</value>
<class>java.lang.String</class>
</input-parameter-definition>
<managed-bean id="__1">
<managed-bean-name id="__3">editorbean</managed-bean-name>
<managed-bean-class id="__4">oracle.beam.composer.dashboard.view.TabbedDashboardBean</managed-bean-class>
<managed-bean-scope id="__2">pageFlow</managed-bean-scope>
<managed-property id="__6">
<property-name>isChanged</property-name>
<property-class>java.lang.String</property-class>
<value>#{pageFlowScope.isChanged}</value>
</managed-property>
</managed-bean>
<view id="taskflowview">
<page>/beam/project/Anki/dashboard/Anki/taskflow/Anki/beamDashboardAnki.jsff</page>
</view>
<use-page-fragments/>
</task-flow-definition>
</adfc-config>