<?xml version = '1.0' encoding = 'UTF-8'?>
<pageDefinition xmlns="http://xmlns.oracle.com/adfm/uimodel" version="11.1.1.60.13" Package="beam.project.Anki.dashboard.Anki.taskflow.Anki" id="beamDashboardAnkiPageDef">
<executables>
<variableIterator id="variables"/>
<taskFlow id="dynamicRegion1" taskFlowId="${pageFlowScope.editorbean.dynamicTaskFlowId1}" activation="deferred" xmlns="http://xmlns.oracle.com/adf/controller/binding">
<parameters>
<parameter id="dashboardEditMode" value="false" xmlns="http://xmlns.oracle.com/adfm/uimodel"/>
</parameters>
</taskFlow>
<taskFlow id="dynamicRegion2" taskFlowId="${pageFlowScope.editorbean.dynamicTaskFlowId2}" activation="deferred" xmlns="http://xmlns.oracle.com/adf/controller/binding">
<parameters>
<parameter id="dashboardEditMode" value="false" xmlns="http://xmlns.oracle.com/adfm/uimodel"/>
</parameters>
</taskFlow>
<taskFlow id="dynamicRegion3" taskFlowId="${pageFlowScope.editorbean.dynamicTaskFlowId3}" activation="deferred" xmlns="http://xmlns.oracle.com/adf/controller/binding">
<parameters>
<parameter id="dashboardEditMode" value="false" xmlns="http://xmlns.oracle.com/adfm/uimodel"/>
</parameters>
</taskFlow>
<taskFlow id="dynamicRegion4" taskFlowId="${pageFlowScope.editorbean.dynamicTaskFlowId4}" activation="deferred" xmlns="http://xmlns.oracle.com/adf/controller/binding">
<parameters>
<parameter id="dashboardEditMode" value="false" xmlns="http://xmlns.oracle.com/adfm/uimodel"/>
</parameters>
</taskFlow>
<taskFlow id="dynamicRegion5" taskFlowId="${pageFlowScope.editorbean.dynamicTaskFlowId5}" activation="deferred" xmlns="http://xmlns.oracle.com/adf/controller/binding">
<parameters>
<parameter id="dashboardEditMode" value="false" xmlns="http://xmlns.oracle.com/adfm/uimodel"/>
</parameters>
</taskFlow>
<taskFlow id="dynamicRegion6" taskFlowId="${pageFlowScope.editorbean.dynamicTaskFlowId6}" activation="deferred" xmlns="http://xmlns.oracle.com/adf/controller/binding">
<parameters>
<parameter id="dashboardEditMode" value="false" xmlns="http://xmlns.oracle.com/adfm/uimodel"/>
</parameters>
</taskFlow>
</executables>
<bindings/>
</pageDefinition>