<?xml version = '1.0' encoding = 'UTF-8'?>
<ns0:businessQuery xmlns:ns0="http://xmlns.oracle.com/bam/bam12">
<name>Time_per_lap</name>
<id>/project/Anki/businessquery/Time_per_lap</id>
<displayName>Time_per_lap</displayName>
<internal>false</internal>
<useHive>false</useHive>
<systemManaged>false</systemManaged>
<createdDate>2016-10-13T09:51:01.301-04:00</createdDate>
<modifiedDate>2016-10-25T05:29:33.993-04:00</modifiedDate>
<createdBy>weblogic</createdBy>
<modifiedBy>weblogic</modifiedBy>
<type>GROUP</type>
<projectName>Anki</projectName>
<dataObjectName>VDO0B004030F00606000F500D0A0FD0F40F20F30F70FB</dataObjectName>
<selectedFields/>
<dataSeries>
<series>AVG(AVGLAP_TIME_SEC)</series>
</dataSeries>
<labelSeries>
<legend>CARNAME</legend>
</labelSeries>
<groups>
<group>LAP</group>
</groups>
<timeGroupings>
<entries/>
</timeGroupings>
<calculatedFields/>
<runtimeFilter>
<name>runtimeFilter</name>
<type>ALL</type>
<branches/>
<entries/>
<none>false</none>
</runtimeFilter>
<internalFilter>
<name>internalFilter</name>
<type>ALL</type>
<branches/>
<entries/>
<none>false</none>
</internalFilter>
<groupFilter>
<name>groupFilter</name>
<type>ALL</type>
<branches/>
<entries/>
<none>false</none>
</groupFilter>
<topN>0</topN>
<topNEnabled>false</topNEnabled>
<opaque>true</opaque>
<opaqueSqlType>oracle</opaqueSqlType>
<opaqueSql>SELECT * FROM ( SELECT RACEID AS RACEID, LAP AS LAP, EVENTTIME AS EVENTTIME, CARNAME AS CARNAME, AVG(ROUND((LAPTIME/1000),1)) AS AVGLap_Time_Sec  FROM BEAM_VIEW_55 GROUP BY RACEID, EVENTTIME, LAP, CARNAME ORDER BY EVENTTIME ASC, LAP ASC , CARNAME ASC  ) WHERE ROWNUM &lt;= 10240 </opaqueSql>
<dataSourceName>BamDataSource</dataSourceName>
<virtualDO>
<name>VDO0B004030F00606000F500D0A0FD0F40F20F30F70FB</name>
<id>/dataobject/VDO0B004030F00606000F500D0A0FD0F40F20F30F70FB</id>
<displayName>VDO0B004030F00606000F500D0A0FD0F40F20F30F70FB</displayName>
<internal>true</internal>
<useHive>false</useHive>
<systemManaged>false</systemManaged>
<flexTableConfigured>false</flexTableConfigured>
<calculatedFields/>
<timeHierarchies/>
<columns>
<name>RACEID</name>
<displayName>RACEID</displayName>
<internal>false</internal>
<useHive>false</useHive>
<systemManaged>false</systemManaged>
<isEditable>true</isEditable>
<dataType>DECIMAL</dataType>
</columns>
<columns>
<name>LAP</name>
<displayName>LAP</displayName>
<internal>false</internal>
<useHive>false</useHive>
<systemManaged>false</systemManaged>
<isEditable>true</isEditable>
<dataType>DECIMAL</dataType>
</columns>
<columns>
<name>EVENTTIME</name>
<displayName>EVENTTIME</displayName>
<internal>false</internal>
<useHive>false</useHive>
<systemManaged>false</systemManaged>
<isEditable>true</isEditable>
<dataType>DATETIME</dataType>
</columns>
<columns>
<name>CARNAME</name>
<displayName>CARNAME</displayName>
<internal>false</internal>
<useHive>false</useHive>
<systemManaged>false</systemManaged>
<isEditable>true</isEditable>
<dataType>VARCHAR</dataType>
</columns>
<columns>
<name>AVGLAP_TIME_SEC</name>
<displayName>AVGLAP_TIME_SEC</displayName>
<internal>false</internal>
<useHive>false</useHive>
<systemManaged>false</systemManaged>
<isEditable>true</isEditable>
<dataType>DECIMAL</dataType>
</columns>
</virtualDO>
<sorts>
<entries/>
</sorts>
</ns0:businessQuery>