<?xml version = '1.0' encoding = 'UTF-8'?>
<mds:customization version="12.2.1_20160607.2047" xmlns:mds="http://xmlns.oracle.com/mds" motype_local_name="DataControlConfigs" motype_nsuri="http://xmlns.oracle.com/adfm/configuration">
<mds:insert parent="(xmlns(mds_ns1=http://xmlns.oracle.com/adfm/configuration))/mds_ns1:DataControlConfigs" position="last">
<AdapterDataControl id="Anki_InTeRnAlNaMeQuery__1476351297499_DeTaIlEd" FactoryClass="oracle.beam.datacontrol.adapter.BeamDataControlFactoryImpl" ImplDef="oracle.beam.datacontrol.adapter.BeamDataControlDefinition" SupportsTransactions="false" SupportsSortCollection="false" SupportsResetState="false" SupportsRangesize="false" SupportsFindMode="false" SupportsUpdates="false" Definition="oracle.beam.datacontrol.definition.Anki_InTeRnAlNaMeQuery__1476351297499_DeTaIlEd" BeanClass="oracle.beam.datacontrol.definition.Anki_InTeRnAlNaMeQuery__1476351297499_DeTaIlEd" xmlns="http://xmlns.oracle.com/adfm/datacontrol">
<Source>
<BeamDataControl xmlns="http://xmlns.oracle.com/bam/datacontrol" connection="BAMServerConnection1">
<Modifiers>
<Modifier version="1.0" type="FLAT" dataset="currentspeed" queryName="InTeRnAlNaMeQuery__1476351297499_DeTaIlEd" subjectArea="Anki" queryId="/project/Anki/businessquery/InTeRnAlNaMeQuery__1476351297499_DeTaIlEd">
<FieldRefs>
<DatasetField fieldRefID="0" datasetField="BEAM_ID" datasetFieldDisplayName="BEAM_ID" order="0" dataType="INTEGER" isGroupLevel="false"/>
<DatasetField fieldRefID="1" datasetField="DATAOBJECT_CREATED" datasetFieldDisplayName="DATAOBJECT_CREATED" order="1" dataType="DATETIME" isGroupLevel="false"/>
<DatasetField fieldRefID="2" datasetField="DATAOBJECT_MODIFIED" datasetFieldDisplayName="DATAOBJECT_MODIFIED" order="2" dataType="DATETIME" isGroupLevel="false"/>
<DatasetField fieldRefID="3" datasetField="DEMOZONE" datasetFieldDisplayName="Demo Zone" order="3" dataType="STRING" isGroupLevel="false"/>
<DatasetField fieldRefID="4" datasetField="CARNAME" datasetFieldDisplayName="Car Name" order="4" dataType="STRING" isGroupLevel="false"/>
<DatasetField fieldRefID="5" datasetField="SPEED" datasetFieldDisplayName="Speed" order="5" dataType="INTEGER" isGroupLevel="false"/>
</FieldRefs>
<CalculatedFields/>
<RecordFields>
<RecordField fieldID="0" order="0" fieldRefID="0" datasetField="BEAM_ID" dataType="INTEGER" datasetFieldAlias="BEAM_ID"/>
<RecordField fieldID="1" order="1" fieldRefID="1" datasetField="DATAOBJECT_CREATED" dataType="DATETIME" datasetFieldAlias="DATAOBJECT_CREATED"/>
<RecordField fieldID="2" order="2" fieldRefID="2" datasetField="DATAOBJECT_MODIFIED" dataType="DATETIME" datasetFieldAlias="DATAOBJECT_MODIFIED"/>
<RecordField fieldID="3" order="3" fieldRefID="3" datasetField="DEMOZONE" dataType="STRING" datasetFieldAlias="Demo Zone"/>
<RecordField fieldID="4" order="4" fieldRefID="4" datasetField="CARNAME" dataType="STRING" datasetFieldAlias="Car Name"/>
<RecordField fieldID="5" order="5" fieldRefID="5" datasetField="SPEED" dataType="INTEGER" datasetFieldAlias="Speed"/>
</RecordFields>
<Groups collapsed="true"/>
<Filter>
<Branch name="Root" type="ALL">
<Branch type="ALL">
<Branch name="internalFilter" type="ALL">
<Entry type="EQ">
<Node type="COLUMN">CARNAME</Node>
<Node type="STRING">Guardian</Node>
</Entry>
</Branch>
</Branch>
<Branch name="runtimeFilter" type="ALL"/>
</Branch>
</Filter>
<GroupFilter>
<Branch name="groupFilter" type="ALL"/>
</GroupFilter>
<Sorts/>
<Parameters/>
</Modifier>
<InsertNewRecordPosition>INSERT_AFTER</InsertNewRecordPosition>
<AuthenticationType>USE_BAM_CONNECTION_CREDENTIAL</AuthenticationType>
</Modifiers>
</BeamDataControl>
</Source>
</AdapterDataControl>
</mds:insert>
<mds:modify element="(xmlns(mds_ns1=http://xmlns.oracle.com/adfm/configuration))/mds_ns1:DataControlConfigs">
<mds:attribute name="Package" value="beam.project.Anki.businessquery.InTeRnAlNaMeQuery__1476351297499_DeTaIlEd.datacontrol.Anki_InTeRnAlNaMeQuery__1476351297499_DeTaIlEd"/>
<mds:attribute name="id" value="DataControls"/>
</mds:modify>
</mds:customization>