<?xml version = '1.0' encoding = 'UTF-8'?>
<ns0:logicalDataObject xmlns:ns0="http://xmlns.oracle.com/bam/bam12">
<name>ORACLE_PROCESSANALYTICS_CASE_TASK_ACTIVITY_INSTANCE</name>
<id>/dataobject/ORACLE_PROCESSANALYTICS_CASE_TASK_ACTIVITY_INSTANCE</id>
<displayName>/oracle/processanalytics/CM Case Task Activity Instance</displayName>
<internal>false</internal>
<useHive>false</useHive>
<systemManaged>false</systemManaged>
<createdDate>2016-09-28T11:30:29.277-04:00</createdDate>
<modifiedDate>2016-09-28T11:30:29.277-04:00</modifiedDate>
<createdBy>OracleSystemUser</createdBy>
<modifiedBy>OracleSystemUser</modifiedBy>
<flexTableConfigured>true</flexTableConfigured>
<category>CASE</category>
<calculatedFields>
<calculatedField>
<name>DISPLAY_STATE</name>
<id>c784303523fb44c3a0132fbadde80fc3</id>
<displayName>DISPLAY_STATE</displayName>
<internal>false</internal>
<useHive>false</useHive>
<systemManaged>false</systemManaged>
<isEditable>true</isEditable>
<fieldId>0</fieldId>
<expression>IF(CASE_ACTIVITY_STATE=="STARTED")THEN(IF(CASE_ACTIVITY_DUE_DATE==NULL||CASE_ACTIVITY_DUE_DATE>NOW())THEN("OPEN")ELSE("OVERDUE"))ELSE(IF(CASE_ACTIVITY_STATE=="COMPLETED")THEN(IF(CASE_ACTIVITY_DUE_DATE==NULL||CASE_ACTIVITY_DUE_DATE>CASE_ACTIVITY_END_DATE)THEN("CLOSED")ELSE("CLOSED_PAST_DUE"))ELSE(CASE_ACTIVITY_STATE))</expression>
<dataType>VARCHAR</dataType>
<valid>true</valid>
<aggregated>false</aggregated>
<supportedByCQL>true</supportedByCQL>
<hidden>false</hidden>
<columnType>DIMENSION</columnType>
</calculatedField>
<calculatedField>
<name>IS_OPEN</name>
<id>a2720341f1c04d4e9ec517acbbaa0031</id>
<displayName>IS_OPEN</displayName>
<internal>false</internal>
<useHive>false</useHive>
<systemManaged>false</systemManaged>
<isEditable>true</isEditable>
<fieldId>1</fieldId>
<expression>If(CASE_ACTIVITY_STATE=="STARTED")then(1)else(0)</expression>
<dataType>INT</dataType>
<valid>true</valid>
<aggregated>false</aggregated>
<supportedByCQL>true</supportedByCQL>
<hidden>false</hidden>
<columnType>ATTRIBUTE</columnType>
</calculatedField>
<calculatedField>
<name>IS_OPENED_TODAY</name>
<id>2dba455cb54e40d0a07a938d9169ae71</id>
<displayName>IS_OPENED_TODAY</displayName>
<internal>false</internal>
<useHive>false</useHive>
<systemManaged>false</systemManaged>
<isEditable>true</isEditable>
<fieldId>2</fieldId>
<expression>if((DAYOFYEAR(CASE_ACTIVITY_START_DATE)==DAYOFYEAR(NOW()))&amp;&amp;(YEAR(CASE_ACTIVITY_START_DATE)==YEAR(NOW())))then(1)else(0)</expression>
<dataType>INT</dataType>
<valid>true</valid>
<aggregated>false</aggregated>
<supportedByCQL>true</supportedByCQL>
<hidden>false</hidden>
<columnType>ATTRIBUTE</columnType>
</calculatedField>
<calculatedField>
<name>IS_CLOSED_TODAY</name>
<id>f0344f8472154b84bb65bb66fea6abdd</id>
<displayName>IS_CLOSED_TODAY</displayName>
<internal>false</internal>
<useHive>false</useHive>
<systemManaged>false</systemManaged>
<isEditable>true</isEditable>
<fieldId>3</fieldId>
<expression>if(CASE_ACTIVITY_END_DATE!=NULL&amp;&amp;(DAYOFYEAR(CASE_ACTIVITY_END_DATE)==DAYOFYEAR(NOW()))&amp;&amp;(YEAR(CASE_ACTIVITY_END_DATE)==YEAR(NOW())))then(1)else(0)</expression>
<dataType>INT</dataType>
<valid>true</valid>
<aggregated>false</aggregated>
<supportedByCQL>true</supportedByCQL>
<hidden>false</hidden>
<columnType>ATTRIBUTE</columnType>
</calculatedField>
<calculatedField>
<name>IS_DUE_SOON</name>
<id>c8a5e5c1bc7a44f9b2410077d4c7ef7d</id>
<displayName>IS_DUE_SOON</displayName>
<internal>false</internal>
<useHive>false</useHive>
<systemManaged>false</systemManaged>
<isEditable>true</isEditable>
<fieldId>4</fieldId>
<expression>if((CASE_ACTIVITY_STATE=="STARTED")&amp;&amp;(CASE_ACTIVITY_DUE_DATE!=NULL)&amp;&amp;(CASE_ACTIVITY_DUE_DATE>NOW())&amp;&amp;(DATEDIFF(SQL_TSI_DAY,NOW(),CASE_ACTIVITY_DUE_DATE))&lt;=5)then(1)else(0)</expression>
<dataType>INT</dataType>
<valid>true</valid>
<aggregated>false</aggregated>
<supportedByCQL>true</supportedByCQL>
<hidden>false</hidden>
<columnType>ATTRIBUTE</columnType>
</calculatedField>
<calculatedField>
<name>IS_OVERDUE</name>
<id>cd9f591c14934bbebffe609e93026ef0</id>
<displayName>IS_OVERDUE</displayName>
<internal>false</internal>
<useHive>false</useHive>
<systemManaged>false</systemManaged>
<isEditable>true</isEditable>
<fieldId>5</fieldId>
<expression>if((CASE_ACTIVITY_STATE=="STARTED")&amp;&amp;(CASE_ACTIVITY_DUE_DATE!=NULL)&amp;&amp;(CASE_ACTIVITY_DUE_DATE&lt;NOW()))then(1)else(0)</expression>
<dataType>INT</dataType>
<valid>true</valid>
<aggregated>false</aggregated>
<supportedByCQL>true</supportedByCQL>
<hidden>false</hidden>
<columnType>ATTRIBUTE</columnType>
</calculatedField>
<calculatedField>
<name>IS_OPEN_AND_NOT_DUE_SOON</name>
<id>7be4bf236ce14faaaf2f7cd59e268ac7</id>
<displayName>IS_OPEN_AND_NOT_DUE_SOON</displayName>
<internal>false</internal>
<useHive>false</useHive>
<systemManaged>false</systemManaged>
<isEditable>true</isEditable>
<fieldId>6</fieldId>
<expression>if((CASE_ACTIVITY_STATE=="STARTED")&amp;&amp;((CASE_ACTIVITY_DUE_DATE!=NULL)||(DATEDIFF(SQL_TSI_DAY,NOW(),CASE_ACTIVITY_DUE_DATE)>5)))then(1)else(0)</expression>
<dataType>INT</dataType>
<valid>true</valid>
<aggregated>false</aggregated>
<supportedByCQL>true</supportedByCQL>
<hidden>false</hidden>
<columnType>ATTRIBUTE</columnType>
</calculatedField>
</calculatedFields>
<timeHierarchies/>
<dataObjects>
<dataObject type="dataObjectRef">ORACLE_PROCESSANALYTICS_TASK</dataObject>
<dataObject type="dataObjectRef">ORACLE_PROCESSANALYTICS_COMPOSITE_DEFINITION</dataObject>
<dataObject type="dataObjectRef">ORACLE_PROCESSANALYTICS_CASE_ACTIVITY</dataObject>
<dataObject type="dataObjectRef">ORACLE_PROCESSANALYTICS_ASSIGNMENT</dataObject>
<dataObject type="dataObjectRef">ORACLE_PROCESSANALYTICS_CASE_DEFINITION</dataObject>
</dataObjects>
<columns>
<column>
<name>BEAM_ID</name>
<id>886ba7afd1924e15bedb4077914e594b</id>
<displayName>BEAM_ID</displayName>
<internal>false</internal>
<useHive>false</useHive>
<systemManaged>false</systemManaged>
<isEditable>true</isEditable>
<columnRef>
<dataObject>ORACLE_PROCESSANALYTICS_TASK</dataObject>
<column>BEAM_ID</column>
</columnRef>
<hidden>false</hidden>
<columnType>ATTRIBUTE</columnType>
</column>
<column>
<name>ROOT_TASK_ID</name>
<id>097b55210917441da12803c4f9c71541</id>
<displayName>ROOT_TASK_ID</displayName>
<internal>false</internal>
<useHive>false</useHive>
<systemManaged>false</systemManaged>
<isEditable>true</isEditable>
<columnRef>
<dataObject>ORACLE_PROCESSANALYTICS_ASSIGNMENT</dataObject>
<column>ROOT_TASK_ID</column>
</columnRef>
<hidden>false</hidden>
<columnType>ATTRIBUTE</columnType>
</column>
<column>
<name>CASE_DEFINITION_ID</name>
<id>9bc2bc5b0daa47cabfac293fdf5363e5</id>
<displayName>CASE_DEFINITION_ID</displayName>
<internal>false</internal>
<useHive>false</useHive>
<systemManaged>false</systemManaged>
<isEditable>true</isEditable>
<columnRef>
<dataObject>ORACLE_PROCESSANALYTICS_ASSIGNMENT</dataObject>
<column>CASE_DEFINITION_ID</column>
</columnRef>
<hidden>false</hidden>
<columnType>ATTRIBUTE</columnType>
</column>
<column>
<name>COMPOSITE_DEFINITION_ID</name>
<id>2465e49474c6425695c7ab7fd27df04e</id>
<displayName>COMPOSITE_DEFINITION_ID</displayName>
<internal>false</internal>
<useHive>false</useHive>
<systemManaged>false</systemManaged>
<isEditable>true</isEditable>
<columnRef>
<dataObject>ORACLE_PROCESSANALYTICS_ASSIGNMENT</dataObject>
<column>COMPOSITE_DEFINITION_ID</column>
</columnRef>
<hidden>false</hidden>
<columnType>ATTRIBUTE</columnType>
</column>
<column>
<name>TASK_DEFINITION_ID</name>
<id>bc45281fcb704c119179e4f0619af364</id>
<displayName>TASK_DEFINITION_ID</displayName>
<internal>false</internal>
<useHive>false</useHive>
<systemManaged>false</systemManaged>
<isEditable>true</isEditable>
<columnRef>
<dataObject>ORACLE_PROCESSANALYTICS_ASSIGNMENT</dataObject>
<column>TASK_DEFINITION_ID</column>
</columnRef>
<hidden>false</hidden>
<columnType>ATTRIBUTE</columnType>
</column>
<column>
<name>CASE_ACTIVITY_NAME</name>
<id>f2345794ba924e10a890784d753baada</id>
<displayName>CASE_ACTIVITY_NAME</displayName>
<internal>false</internal>
<useHive>false</useHive>
<systemManaged>false</systemManaged>
<isEditable>true</isEditable>
<columnRef>
<dataObject>ORACLE_PROCESSANALYTICS_CASE_ACTIVITY</dataObject>
<column>CASE_ACTIVITY_NAME</column>
</columnRef>
<hidden>false</hidden>
<columnType>ATTRIBUTE</columnType>
</column>
<column>
<name>CASE_ACTIVITY_STATE</name>
<id>ef4d987cc66b4d3587f66dc709e92749</id>
<displayName>CASE_ACTIVITY_STATE</displayName>
<internal>false</internal>
<useHive>false</useHive>
<systemManaged>false</systemManaged>
<isEditable>true</isEditable>
<columnRef>
<dataObject>ORACLE_PROCESSANALYTICS_CASE_ACTIVITY</dataObject>
<column>CASE_ACTIVITY_STATE</column>
</columnRef>
<hidden>false</hidden>
<columnType>DIMENSION</columnType>
</column>
<column>
<name>CASE_ACTIVITY_START_DATE</name>
<id>0e9ee588998442e197b6306b8c444134</id>
<displayName>CASE_ACTIVITY_START_DATE</displayName>
<internal>false</internal>
<useHive>false</useHive>
<systemManaged>false</systemManaged>
<isEditable>true</isEditable>
<columnRef>
<dataObject>ORACLE_PROCESSANALYTICS_CASE_ACTIVITY</dataObject>
<column>CASE_ACTIVITY_START_DATE</column>
</columnRef>
<hidden>false</hidden>
<columnType>DIMENSION</columnType>
</column>
<column>
<name>CASE_ACTIVITY_END_DATE</name>
<id>b0930c955b2d4296bb13ff07958e3b41</id>
<displayName>CASE_ACTIVITY_END_DATE</displayName>
<internal>false</internal>
<useHive>false</useHive>
<systemManaged>false</systemManaged>
<isEditable>true</isEditable>
<columnRef>
<dataObject>ORACLE_PROCESSANALYTICS_CASE_ACTIVITY</dataObject>
<column>CASE_ACTIVITY_END_DATE</column>
</columnRef>
<hidden>false</hidden>
<columnType>DIMENSION</columnType>
</column>
<column>
<name>CASE_ACTIVITY_DUE_DATE</name>
<id>56213ef44eec4e578666fb4d8dede44d</id>
<displayName>CASE_ACTIVITY_DUE_DATE</displayName>
<internal>false</internal>
<useHive>false</useHive>
<systemManaged>false</systemManaged>
<isEditable>true</isEditable>
<columnRef>
<dataObject>ORACLE_PROCESSANALYTICS_CASE_ACTIVITY</dataObject>
<column>CASE_ACTIVITY_DUE_DATE</column>
</columnRef>
<hidden>false</hidden>
<columnType>DIMENSION</columnType>
</column>
<column>
<name>CASE_DEFINITION_NAME</name>
<id>894bdad072ad45ee9f8c63e955de47cc</id>
<displayName>CASE_DEFINITION_NAME</displayName>
<internal>false</internal>
<useHive>false</useHive>
<systemManaged>false</systemManaged>
<isEditable>true</isEditable>
<columnRef>
<dataObject>ORACLE_PROCESSANALYTICS_CASE_DEFINITION</dataObject>
<column>CASE_DEFINITION_NAME</column>
</columnRef>
<hidden>false</hidden>
<columnType>DIMENSION</columnType>
</column>
<column>
<name>ASSIGNEE_ID</name>
<id>724da8835b834f1da9bb526ebc09aa45</id>
<displayName>ASSIGNEE_ID</displayName>
<internal>false</internal>
<useHive>false</useHive>
<systemManaged>false</systemManaged>
<isEditable>true</isEditable>
<columnRef>
<dataObject>ORACLE_PROCESSANALYTICS_ASSIGNMENT</dataObject>
<column>ASSIGNEE_ID</column>
</columnRef>
<hidden>false</hidden>
<columnType>DIMENSION</columnType>
</column>
<column>
<name>ASSIGNEE_DISPLAY_NAME</name>
<id>727fa0e517d84a9ebbdafa449e89860e</id>
<displayName>ASSIGNEE_DISPLAY_NAME</displayName>
<internal>false</internal>
<useHive>false</useHive>
<systemManaged>false</systemManaged>
<isEditable>true</isEditable>
<columnRef>
<dataObject>ORACLE_PROCESSANALYTICS_ASSIGNMENT</dataObject>
<column>ASSIGNEE_DISPLAY_NAME</column>
</columnRef>
<hidden>false</hidden>
<columnType>DIMENSION</columnType>
</column>
<column>
<name>CASE_ID</name>
<id>dfffc1b1269c40fa8df049798b61203b</id>
<displayName>CASE_ID</displayName>
<internal>false</internal>
<useHive>false</useHive>
<systemManaged>false</systemManaged>
<isEditable>true</isEditable>
<columnRef>
<dataObject>ORACLE_PROCESSANALYTICS_TASK</dataObject>
<column>CASE_ID</column>
</columnRef>
<hidden>false</hidden>
<columnType>ATTRIBUTE</columnType>
</column>
<column>
<name>DATAOBJECT_CREATED</name>
<id>2dfeb2c12f784e6a8b03f59509042e69</id>
<displayName>DATAOBJECT_CREATED</displayName>
<internal>false</internal>
<useHive>false</useHive>
<systemManaged>false</systemManaged>
<isEditable>true</isEditable>
<columnRef>
<dataObject>ORACLE_PROCESSANALYTICS_TASK</dataObject>
<column>DATAOBJECT_CREATED</column>
</columnRef>
<hidden>false</hidden>
<columnType>ATTRIBUTE</columnType>
</column>
<column>
<name>DATAOBJECT_MODIFIED</name>
<id>a8841fed2f3a416dbd29b22eb0d2138e</id>
<displayName>DATAOBJECT_MODIFIED</displayName>
<internal>false</internal>
<useHive>false</useHive>
<systemManaged>false</systemManaged>
<isEditable>true</isEditable>
<columnRef>
<dataObject>ORACLE_PROCESSANALYTICS_TASK</dataObject>
<column>DATAOBJECT_MODIFIED</column>
</columnRef>
<hidden>false</hidden>
<columnType>ATTRIBUTE</columnType>
</column>
</columns>
<hierarchies/>
<joins>
<join>
<id>eab900899bed4d96afdea8bbb940bbad</id>
<internal>false</internal>
<useHive>false</useHive>
<systemManaged>false</systemManaged>
<isEditable>true</isEditable>
<leftColumns>
<column>
<dataObject>ORACLE_PROCESSANALYTICS_TASK</dataObject>
<column>ROOT_TASK_ID</column>
</column>
</leftColumns>
<rightColumns>
<column>
<dataObject>ORACLE_PROCESSANALYTICS_ASSIGNMENT</dataObject>
<column>ROOT_TASK_ID</column>
</column>
</rightColumns>
<joinType>innerJoin</joinType>
</join>
<join>
<id>701fabfc54ac47ec93e38f1a6e4aacef</id>
<internal>false</internal>
<useHive>false</useHive>
<systemManaged>false</systemManaged>
<isEditable>true</isEditable>
<leftColumns>
<column>
<dataObject>ORACLE_PROCESSANALYTICS_TASK</dataObject>
<column>CASE_ID</column>
</column>
</leftColumns>
<rightColumns>
<column>
<dataObject>ORACLE_PROCESSANALYTICS_CASE_ACTIVITY</dataObject>
<column>CASE_ID</column>
</column>
</rightColumns>
<joinType>innerJoin</joinType>
</join>
<join>
<id>33fe1cd41d8e46fb8e5a2917ff921554</id>
<internal>false</internal>
<useHive>false</useHive>
<systemManaged>false</systemManaged>
<isEditable>true</isEditable>
<leftColumns>
<column>
<dataObject>ORACLE_PROCESSANALYTICS_TASK</dataObject>
<column>COMPOSITE_DEFINITION_ID</column>
</column>
</leftColumns>
<rightColumns>
<column>
<dataObject>ORACLE_PROCESSANALYTICS_COMPOSITE_DEFINITION</dataObject>
<column>BEAM_ID</column>
</column>
</rightColumns>
<joinType>innerJoin</joinType>
</join>
<join>
<id>250790cf79134d0a8eebdb48c7e78a05</id>
<internal>false</internal>
<useHive>false</useHive>
<systemManaged>false</systemManaged>
<isEditable>true</isEditable>
<leftColumns>
<column>
<dataObject>ORACLE_PROCESSANALYTICS_TASK</dataObject>
<column>CASE_DEFINITION_ID</column>
</column>
</leftColumns>
<rightColumns>
<column>
<dataObject>ORACLE_PROCESSANALYTICS_CASE_DEFINITION</dataObject>
<column>BEAM_ID</column>
</column>
</rightColumns>
<joinType>innerJoin</joinType>
</join>
</joins>
<filter>
<type>ALL</type>
<branches/>
<entries/>
<none>false</none>
</filter>
<eventIdColName>BEAM_ID</eventIdColName>
<bIncludeCFinView>false</bIncludeCFinView>
</ns0:logicalDataObject>