<?xml version = '1.0' encoding = 'UTF-8'?>
<ns0:logicalDataObject xmlns:ns0="http://xmlns.oracle.com/bam/bam12">
<name>ORACLE_PROCESSANALYTICS_HWF_TASK_ASSIGNMENT</name>
<id>/dataobject/ORACLE_PROCESSANALYTICS_HWF_TASK_ASSIGNMENT</id>
<displayName>oracle/processanalytics/HWF Task Assignment</displayName>
<internal>false</internal>
<useHive>false</useHive>
<systemManaged>false</systemManaged>
<createdDate>2016-09-28T11:30:26.98-04:00</createdDate>
<modifiedDate>2016-09-28T11:30:26.98-04:00</modifiedDate>
<createdBy>OracleSystemUser</createdBy>
<modifiedBy>OracleSystemUser</modifiedBy>
<flexTableConfigured>true</flexTableConfigured>
<category>HWF</category>
<calculatedFields>
<calculatedField>
<name>IS_DUE_SOON</name>
<id>f1a74be451ad48cba4f908cc87ac23be</id>
<displayName>Is Due This Week</displayName>
<internal>false</internal>
<useHive>false</useHive>
<systemManaged>false</systemManaged>
<isEditable>true</isEditable>
<fieldId>0</fieldId>
<expression>if(({TASK_STATE}=="ALERTED")||({TASK_STATE}=="ASSIGNED")||({TASK_STATE}=="INFO_REQUESTED")||({TASK_STATE}=="SUSPENDED"))then(if({DUE_DATE}!=NULL)then(if((WEEK({DUE_DATE})==WEEK(NOW()))&amp;&amp;(YEAR({DUE_DATE})==YEAR(NOW())))then(1)else(0))else(0))else(0)</expression>
<dataType>INT</dataType>
<valid>true</valid>
<aggregated>false</aggregated>
<supportedByCQL>true</supportedByCQL>
<hidden>false</hidden>
<columnType>ATTRIBUTE</columnType>
</calculatedField>
<calculatedField>
<name>DAYS_SINCE_ASSIGNMENT</name>
<id>bb968dc9e46f48718b8d261fe55d4279</id>
<displayName>Days Since Assignment</displayName>
<internal>false</internal>
<useHive>false</useHive>
<systemManaged>false</systemManaged>
<isEditable>true</isEditable>
<fieldId>1</fieldId>
<expression>IF((TASK_STATE=="ASSIGNED")&amp;&amp;(ASSIGN_STATE=="ASSIGNED"))THEN(DATEDIFF(SQL_TSI_DAY,ASSIGN_START_DATE,NOW()))ELSE(DATEDIFF(SQL_TSI_DAY,ASSIGN_END_DATE,NOW()))</expression>
<dataType>INT</dataType>
<valid>true</valid>
<aggregated>false</aggregated>
<supportedByCQL>true</supportedByCQL>
<hidden>false</hidden>
<columnType>ATTRIBUTE</columnType>
</calculatedField>
<calculatedField>
<name>IS_OVERDUE</name>
<id>e49d8f97a35c4ac4a7deb7a43bc41fc7</id>
<displayName>Is Overdue</displayName>
<internal>false</internal>
<useHive>false</useHive>
<systemManaged>false</systemManaged>
<isEditable>true</isEditable>
<fieldId>2</fieldId>
<expression>if(({TASK_STATE}=="ALERTED")||({TASK_STATE}=="ASSIGNED")||({TASK_STATE}=="INFO_REQUESTED")||({TASK_STATE}=="SUSPENDED"))then(if({DUE_DATE}!=NULL)then(if({DUE_DATE}&lt;NOW())then(1)else(0))else(0))else(0)</expression>
<dataType>INT</dataType>
<valid>true</valid>
<aggregated>false</aggregated>
<supportedByCQL>true</supportedByCQL>
<hidden>false</hidden>
<columnType>ATTRIBUTE</columnType>
</calculatedField>
<calculatedField>
<name>IS_OPEN_AND_NOT_DUE_SOON</name>
<id>3a9db091c38a4801a90fc94599cd5558</id>
<displayName>Is On Track</displayName>
<internal>false</internal>
<useHive>false</useHive>
<systemManaged>false</systemManaged>
<isEditable>true</isEditable>
<fieldId>3</fieldId>
<expression>if(({TASK_STATE}=="ALERTED")||({TASK_STATE}=="ASSIGNED")||({TASK_STATE}=="INFO_REQUESTED")||({TASK_STATE}=="SUSPENDED"))then(if({DUE_DATE}!=NULL)then(if(((WEEK({DUE_DATE})>WEEK(NOW()))||(YEAR({DUE_DATE})>YEAR(NOW())))&amp;&amp;({DUE_DATE}>NOW()))then(1)else(0))else(1))else(0)</expression>
<dataType>INT</dataType>
<valid>true</valid>
<aggregated>false</aggregated>
<supportedByCQL>true</supportedByCQL>
<hidden>false</hidden>
<columnType>ATTRIBUTE</columnType>
</calculatedField>
<calculatedField>
<name>TOTAL_TIME_IN_DAYS</name>
<id>f3fe0791f14646dd8000b471293e76b2</id>
<displayName>Total Time in Days</displayName>
<internal>false</internal>
<useHive>false</useHive>
<systemManaged>false</systemManaged>
<isEditable>true</isEditable>
<fieldId>4</fieldId>
<expression>TOTAL_TIME/86400</expression>
<dataType>INT</dataType>
<valid>true</valid>
<aggregated>false</aggregated>
<supportedByCQL>true</supportedByCQL>
<hidden>false</hidden>
<columnType>ATTRIBUTE</columnType>
</calculatedField>
<calculatedField>
<name>DAYS_SINCE_TASK_START</name>
<id>5f06785498544448a285b8a55a4cc934</id>
<displayName>Days Since Task Start</displayName>
<internal>false</internal>
<useHive>false</useHive>
<systemManaged>false</systemManaged>
<isEditable>true</isEditable>
<fieldId>5</fieldId>
<expression>DATEDIFF(SQL_TSI_DAY,START_DATE,NOW())</expression>
<dataType>INT</dataType>
<valid>true</valid>
<aggregated>false</aggregated>
<supportedByCQL>false</supportedByCQL>
<hidden>false</hidden>
<columnType>ATTRIBUTE</columnType>
</calculatedField>
<calculatedField>
<name>DAYS_SINCE_TASK_END</name>
<id>f451d2faabac4297a77f274e89280dac</id>
<displayName>Days Since Task End</displayName>
<internal>false</internal>
<useHive>false</useHive>
<systemManaged>false</systemManaged>
<isEditable>true</isEditable>
<fieldId>6</fieldId>
<expression>IF(TASK_STATE=="COMPLETED")THEN(DATEDIFF(SQL_TSI_DAY,END_DATE,NOW()))ELSE(-1)</expression>
<dataType>INT</dataType>
<valid>true</valid>
<aggregated>false</aggregated>
<supportedByCQL>true</supportedByCQL>
<hidden>false</hidden>
<columnType>ATTRIBUTE</columnType>
</calculatedField>
<calculatedField>
<name>DAYS_SINCE_ASSIGNMENT_START</name>
<id>b007bdcc43f546a2a90174f586c817b9</id>
<displayName>Days Since Assignment Start</displayName>
<internal>false</internal>
<useHive>false</useHive>
<systemManaged>false</systemManaged>
<isEditable>true</isEditable>
<fieldId>7</fieldId>
<expression>DATEDIFF(SQL_TSI_DAY,ASSIGN_START_DATE,NOW())</expression>
<dataType>INT</dataType>
<valid>true</valid>
<aggregated>false</aggregated>
<supportedByCQL>false</supportedByCQL>
<hidden>false</hidden>
<columnType>ATTRIBUTE</columnType>
</calculatedField>
<calculatedField>
<name>DAYS_SINCE_ASSIGNMENT_END</name>
<id>dbfe48dc37694152b3cf2472903227b5</id>
<displayName>Days Since Assignment End</displayName>
<internal>false</internal>
<useHive>false</useHive>
<systemManaged>false</systemManaged>
<isEditable>true</isEditable>
<fieldId>8</fieldId>
<expression>IF(ASSIGN_STATE=="COMPLETED")THEN(DATEDIFF(SQL_TSI_DAY,ASSIGN_END_DATE,NOW()))ELSE(-1)</expression>
<dataType>INT</dataType>
<valid>true</valid>
<aggregated>false</aggregated>
<supportedByCQL>true</supportedByCQL>
<hidden>false</hidden>
<columnType>ATTRIBUTE</columnType>
</calculatedField>
<calculatedField>
<name>WAITING_TIME_IN_DAYS</name>
<id>977017d5353c4485ab99f5bbe8d45936</id>
<displayName>Waiting Time in Days</displayName>
<internal>false</internal>
<useHive>false</useHive>
<systemManaged>false</systemManaged>
<isEditable>true</isEditable>
<fieldId>9</fieldId>
<expression>{WAIT_TIME}/86400</expression>
<dataType>INT</dataType>
<valid>true</valid>
<aggregated>false</aggregated>
<supportedByCQL>true</supportedByCQL>
<hidden>false</hidden>
<columnType>ATTRIBUTE</columnType>
</calculatedField>
<calculatedField>
<name>SUSPENDED_TIME_IN_DAYS</name>
<id>fddc200e5a9d48f5847a568417d3d221</id>
<displayName>Suspended Time in Days</displayName>
<internal>false</internal>
<useHive>false</useHive>
<systemManaged>false</systemManaged>
<isEditable>true</isEditable>
<fieldId>10</fieldId>
<expression>{SUSPEND_TIME}/86400</expression>
<dataType>INT</dataType>
<valid>true</valid>
<aggregated>false</aggregated>
<supportedByCQL>true</supportedByCQL>
<hidden>false</hidden>
<columnType>ATTRIBUTE</columnType>
</calculatedField>
<calculatedField>
<name>UNATTENDED_TIME_IN_DAYS</name>
<id>0ca7a1433dc7441c9879c7e9419b60da</id>
<displayName>Unattended Time in Days</displayName>
<internal>false</internal>
<useHive>false</useHive>
<systemManaged>false</systemManaged>
<isEditable>true</isEditable>
<fieldId>11</fieldId>
<expression>{UNATTEND_TIME}/86400</expression>
<dataType>INT</dataType>
<valid>true</valid>
<aggregated>false</aggregated>
<supportedByCQL>true</supportedByCQL>
<hidden>false</hidden>
<columnType>ATTRIBUTE</columnType>
</calculatedField>
<calculatedField>
<name>PROCESSING_TIME_IN_DAYS</name>
<id>e0680df727a444a991b872df581b4285</id>
<displayName>Processing Time in Days</displayName>
<internal>false</internal>
<useHive>false</useHive>
<systemManaged>false</systemManaged>
<isEditable>true</isEditable>
<fieldId>12</fieldId>
<expression>PROCESSING_TIME/86400</expression>
<dataType>INT</dataType>
<valid>true</valid>
<aggregated>false</aggregated>
<supportedByCQL>true</supportedByCQL>
<hidden>false</hidden>
<columnType>ATTRIBUTE</columnType>
</calculatedField>
<calculatedField>
<name>IS_ASSIGNMENT_COMPLETED</name>
<id>49adb3d048c04eb7b032eabfa0bf8de5</id>
<displayName>Is Assignment Completed</displayName>
<internal>false</internal>
<useHive>false</useHive>
<systemManaged>false</systemManaged>
<isEditable>true</isEditable>
<fieldId>13</fieldId>
<expression>if({TASK_STATE}=="COMPLETED")then(1)else(0)</expression>
<dataType>INT</dataType>
<valid>true</valid>
<aggregated>false</aggregated>
<supportedByCQL>true</supportedByCQL>
<hidden>false</hidden>
<columnType>MEASURE</columnType>
</calculatedField>
<calculatedField>
<name>IS_ASSIGNMENT_ASSIGNED</name>
<id>6f329e4e84b149d1adbe4e910a3cb7e7</id>
<displayName>Is Assignment Assigned</displayName>
<internal>false</internal>
<useHive>false</useHive>
<systemManaged>false</systemManaged>
<isEditable>true</isEditable>
<fieldId>14</fieldId>
<expression>if({TASK_STATE}=="ASSIGNED")then(1)else(0)</expression>
<dataType>INT</dataType>
<valid>true</valid>
<aggregated>false</aggregated>
<supportedByCQL>true</supportedByCQL>
<hidden>false</hidden>
<columnType>ATTRIBUTE</columnType>
</calculatedField>
<calculatedField>
<name>DAYS_UNTIL_DUE_DATE</name>
<id>500d8ee9e84f4547af1aa624d3bcb49a</id>
<displayName>Days Until Due Date</displayName>
<internal>false</internal>
<useHive>false</useHive>
<systemManaged>false</systemManaged>
<isEditable>true</isEditable>
<fieldId>15</fieldId>
<expression>if({DUE_DATE}!=NULL)then(DATEDIFF(SQL_TSI_DAY,NOW(),{DUE_DATE}))else(NULL)</expression>
<dataType>INT</dataType>
<valid>true</valid>
<aggregated>false</aggregated>
<supportedByCQL>true</supportedByCQL>
<hidden>false</hidden>
<columnType>MEASURE</columnType>
</calculatedField>
<calculatedField>
<name>IsGroupParamLabel</name>
<id>033f1943e93844309ce2635a31495ac3</id>
<displayName>Is Group Parameter Label</displayName>
<internal>false</internal>
<useHive>false</useHive>
<systemManaged>false</systemManaged>
<isEditable>true</isEditable>
<fieldId>16</fieldId>
<expression>if({IS_GROUP}=="TRUE")then("Roles and Groups")else("Users")</expression>
<dataType>VARCHAR</dataType>
<valid>true</valid>
<aggregated>false</aggregated>
<supportedByCQL>true</supportedByCQL>
<hidden>false</hidden>
<columnType>ATTRIBUTE</columnType>
</calculatedField>
</calculatedFields>
<timeHierarchies>
<timeHierarchy>
<name>ORACLE_PROCESSANALYTICS_HWF_TASK_ASSIGNMENT__DeFaUlTDTHiERaRcHy</name>
<id>/dataobject/ORACLE_PROCESSANALYTICS_HWF_TASK_ASSIGNMENT</id>
<displayName>ORACLE_PROCESSANALYTICS_HWF_TASK_ASSIGNMENT__DeFaUlTDTHiERaRcHy</displayName>
<internal>false</internal>
<useHive>false</useHive>
<systemManaged>false</systemManaged>
<isEditable>true</isEditable>
<columnName>ASSIGN_START_DATE</columnName>
<levels>
<level>YEAR</level>
<level>QUARTER</level>
<level>MONTH</level>
<level>WEEK_OF_YEAR</level>
<level>DAY_OF_YEAR</level>
<level>DAY_OF_MONTH</level>
<level>DAY_OF_WEEK</level>
<level>HOUR</level>
<level>MINUTE</level>
<level>SECOND</level>
</levels>
</timeHierarchy>
</timeHierarchies>
<parameters>
<name>ORACLE_PROCESSANALYTICS_HWF_TASK_ASSIGNMENT_param1</name>
<id>/dataobject/ORACLE_PROCESSANALYTICS_HWF_TASK_ASSIGNMENT/parameter/ORACLE_PROCESSANALYTICS_HWF_TASK_ASSIGNMENT_param1</id>
<displayName>Assignment Due Soon Threshold (days)</displayName>
<description>Number of days before task due date that an assignment is considered Due Soon</description>
<internal>false</internal>
<useHive>false</useHive>
<systemManaged>false</systemManaged>
<modifiedDate>2015-02-12T00:41:22.106-05:00</modifiedDate>
<inDataObject>true</inDataObject>
<dataType>INT</dataType>
<required>true</required>
<value/>
<defaultValue>
<value xmlns:xsd="http://www.w3.org/2001/XMLSchema" xmlns:xsi="http://www.w3.org/2001/XMLSchema-instance" xsi:type="xsd:long">5</value>
</defaultValue>
</parameters>
<dataObjects>
<dataObject type="dataObjectRef">ORACLE_PROCESSANALYTICS_ASSIGNMENT</dataObject>
<dataObject type="dataObjectRef">ORACLE_PROCESSANALYTICS_COMPOSITE_DEFINITION</dataObject>
<dataObject type="dataObjectRef">ORACLE_PROCESSANALYTICS_TASK_DEFINITION</dataObject>
<dataObject type="dataObjectRef">ORACLE_PROCESSANALYTICS_ACTIVITY_DEFINITION</dataObject>
<dataObject type="dataObjectRef">ORACLE_PROCESSANALYTICS_TASK</dataObject>
<dataObject type="dataObjectRef">ORACLE_PROCESSANALYTICS_PROCESS_DEFINITION</dataObject>
</dataObjects>
<columns>
<column>
<name>BEAM_ID</name>
<id>6dff996e8aff4a37bbadfde4f9f875dc</id>
<displayName>BEAM_ID</displayName>
<internal>false</internal>
<useHive>false</useHive>
<systemManaged>false</systemManaged>
<isEditable>true</isEditable>
<columnRef>
<dataObject>ORACLE_PROCESSANALYTICS_TASK</dataObject>
<column>BEAM_ID</column>
</columnRef>
<hidden>false</hidden>
<columnType>ATTRIBUTE</columnType>
</column>
<column>
<name>DATAOBJECT_MODIFIED</name>
<id>f647c7d40615486ebbc6c1a82dd1f8f8</id>
<displayName>DATAOBJECT_MODIFIED</displayName>
<internal>false</internal>
<useHive>false</useHive>
<systemManaged>false</systemManaged>
<isEditable>true</isEditable>
<columnRef>
<dataObject>ORACLE_PROCESSANALYTICS_TASK</dataObject>
<column>DATAOBJECT_MODIFIED</column>
</columnRef>
<hidden>false</hidden>
<columnType>ATTRIBUTE</columnType>
</column>
<column>
<name>ROOT_TASK_ID</name>
<id>60fc81ac22a74af2a70c8538dff2ecef</id>
<displayName>Root Task ID</displayName>
<internal>false</internal>
<useHive>false</useHive>
<systemManaged>false</systemManaged>
<isEditable>true</isEditable>
<columnRef>
<dataObject>ORACLE_PROCESSANALYTICS_TASK</dataObject>
<column>ROOT_TASK_ID</column>
</columnRef>
<hidden>false</hidden>
<columnType>ATTRIBUTE</columnType>
</column>
<column>
<name>TASK_NUMBER</name>
<id>fe54c758c4f1430b8232d22330f02948</id>
<displayName>Task Number</displayName>
<internal>false</internal>
<useHive>false</useHive>
<systemManaged>false</systemManaged>
<isEditable>true</isEditable>
<columnRef>
<dataObject>ORACLE_PROCESSANALYTICS_TASK</dataObject>
<column>TASK_NUMBER</column>
</columnRef>
<hidden>false</hidden>
<columnType>DIMENSION</columnType>
</column>
<column>
<name>TASK_DEF_ID</name>
<id>0794153f82b9494a8401ec631636e11d</id>
<displayName>Task Definition ID</displayName>
<internal>false</internal>
<useHive>false</useHive>
<systemManaged>false</systemManaged>
<isEditable>true</isEditable>
<columnRef>
<dataObject>ORACLE_PROCESSANALYTICS_TASK</dataObject>
<column>TASK_DEFINITION_ID</column>
</columnRef>
<hidden>false</hidden>
<columnType>ATTRIBUTE</columnType>
</column>
<column>
<name>COMPOSITE_DEF_ID</name>
<id>ebb9994086c341c5bd3a920fd2b821ea</id>
<displayName>Composite Definition ID</displayName>
<internal>false</internal>
<useHive>false</useHive>
<systemManaged>false</systemManaged>
<isEditable>true</isEditable>
<columnRef>
<dataObject>ORACLE_PROCESSANALYTICS_TASK</dataObject>
<column>COMPOSITE_DEFINITION_ID</column>
</columnRef>
<hidden>false</hidden>
<columnType>ATTRIBUTE</columnType>
</column>
<column>
<name>COMPOSITE_INSTANCE_ID</name>
<id>8dce75eacc344843aaef4db2eaea41ae</id>
<displayName>Composite Instance ID</displayName>
<internal>false</internal>
<useHive>false</useHive>
<systemManaged>false</systemManaged>
<isEditable>true</isEditable>
<columnRef>
<dataObject>ORACLE_PROCESSANALYTICS_TASK</dataObject>
<column>COMPOSITE_INSTANCE_ID</column>
</columnRef>
<hidden>false</hidden>
<columnType>ATTRIBUTE</columnType>
</column>
<column>
<name>PROCESS_DEF_ID</name>
<id>272677cf9100468999884500ca7e6100</id>
<displayName>Process Definition ID</displayName>
<internal>false</internal>
<useHive>false</useHive>
<systemManaged>false</systemManaged>
<isEditable>true</isEditable>
<columnRef>
<dataObject>ORACLE_PROCESSANALYTICS_TASK</dataObject>
<column>PROCESS_DEFINITION_ID</column>
</columnRef>
<hidden>false</hidden>
<columnType>ATTRIBUTE</columnType>
</column>
<column>
<name>PROCESS_INSTANCE_ID</name>
<id>4a91f13ac02e4b40b77075717d29a754</id>
<displayName>Process Instance ID</displayName>
<internal>false</internal>
<useHive>false</useHive>
<systemManaged>false</systemManaged>
<isEditable>true</isEditable>
<columnRef>
<dataObject>ORACLE_PROCESSANALYTICS_TASK</dataObject>
<column>PROCESS_INSTANCE_ID</column>
</columnRef>
<hidden>false</hidden>
<columnType>DIMENSION</columnType>
</column>
<column>
<name>ACTIVITY_DEF_ID</name>
<id>4b2ecf2367c04f76b305b9f44c768072</id>
<displayName>Activity Definition ID</displayName>
<internal>false</internal>
<useHive>false</useHive>
<systemManaged>false</systemManaged>
<isEditable>true</isEditable>
<columnRef>
<dataObject>ORACLE_PROCESSANALYTICS_TASK</dataObject>
<column>ACTIVITY_DEFINITION_ID</column>
</columnRef>
<hidden>false</hidden>
<columnType>ATTRIBUTE</columnType>
</column>
<column>
<name>START_DATE</name>
<id>0333a2da5201477e857bcde0555f3396</id>
<displayName>Task Start Date</displayName>
<internal>false</internal>
<useHive>false</useHive>
<systemManaged>false</systemManaged>
<isEditable>true</isEditable>
<columnRef>
<dataObject>ORACLE_PROCESSANALYTICS_TASK</dataObject>
<column>START_DATE</column>
</columnRef>
<hidden>false</hidden>
<columnType>DIMENSION</columnType>
</column>
<column>
<name>END_DATE</name>
<id>051b548acdfb4a2fb13b60902eade54e</id>
<displayName>Task End Date</displayName>
<internal>false</internal>
<useHive>false</useHive>
<systemManaged>false</systemManaged>
<isEditable>true</isEditable>
<columnRef>
<dataObject>ORACLE_PROCESSANALYTICS_TASK</dataObject>
<column>END_DATE</column>
</columnRef>
<hidden>false</hidden>
<columnType>DIMENSION</columnType>
</column>
<column>
<name>DUE_DATE</name>
<id>6b64c8497cc242968da70e50214b8ea0</id>
<displayName>Task Due Date</displayName>
<internal>false</internal>
<useHive>false</useHive>
<systemManaged>false</systemManaged>
<isEditable>true</isEditable>
<columnRef>
<dataObject>ORACLE_PROCESSANALYTICS_TASK</dataObject>
<column>DUE_DATE</column>
</columnRef>
<hidden>false</hidden>
<columnType>ATTRIBUTE</columnType>
</column>
<column>
<name>EXPIRATION_DATE</name>
<id>fcc14a5e5c5748f0aeaa4b24d7308444</id>
<displayName>Task Expiration Date</displayName>
<internal>false</internal>
<useHive>false</useHive>
<systemManaged>false</systemManaged>
<isEditable>true</isEditable>
<columnRef>
<dataObject>ORACLE_PROCESSANALYTICS_TASK</dataObject>
<column>EXPIRATION_DATE</column>
</columnRef>
<hidden>false</hidden>
<columnType>ATTRIBUTE</columnType>
</column>
<column>
<name>TASK_STATE</name>
<id>eb4696e7025b4bdea9522cff01785390</id>
<displayName>Task State</displayName>
<internal>false</internal>
<useHive>false</useHive>
<systemManaged>false</systemManaged>
<isEditable>true</isEditable>
<columnRef>
<dataObject>ORACLE_PROCESSANALYTICS_TASK</dataObject>
<column>TASK_STATE</column>
</columnRef>
<hidden>false</hidden>
<columnType>DIMENSION</columnType>
</column>
<column>
<name>TASK_STATE_TYPE</name>
<id>46f3a37a91e14ae897a96d1795091671</id>
<displayName>Task State Type</displayName>
<internal>false</internal>
<useHive>false</useHive>
<systemManaged>false</systemManaged>
<isEditable>true</isEditable>
<columnRef>
<dataObject>ORACLE_PROCESSANALYTICS_TASK</dataObject>
<column>TASK_STATE_TYPE</column>
</columnRef>
<hidden>false</hidden>
<columnType>DIMENSION</columnType>
</column>
<column>
<name>TASK_UNATTEND_TIME</name>
<id>60e3a625843049c4be56a32b83b39fef</id>
<displayName>Task Unattended Time</displayName>
<internal>false</internal>
<useHive>false</useHive>
<systemManaged>false</systemManaged>
<isEditable>true</isEditable>
<columnRef>
<dataObject>ORACLE_PROCESSANALYTICS_TASK</dataObject>
<column>TASK_UNATTENDED_TIME</column>
</columnRef>
<hidden>false</hidden>
<columnType>MEASURE</columnType>
</column>
<column>
<name>TASK_WAIT_TIME</name>
<id>10bb251d739f4e5590c255b3b037a990</id>
<displayName>Task Waiting Time</displayName>
<internal>false</internal>
<useHive>false</useHive>
<systemManaged>false</systemManaged>
<isEditable>true</isEditable>
<columnRef>
<dataObject>ORACLE_PROCESSANALYTICS_TASK</dataObject>
<column>TASK_WAITING_TIME</column>
</columnRef>
<hidden>false</hidden>
<columnType>MEASURE</columnType>
</column>
<column>
<name>TASK_PROCESSING_TIME</name>
<id>e13f880dda6e4cf4ad5161005ec7eef8</id>
<displayName>Task Processing Time</displayName>
<internal>false</internal>
<useHive>false</useHive>
<systemManaged>false</systemManaged>
<isEditable>true</isEditable>
<columnRef>
<dataObject>ORACLE_PROCESSANALYTICS_TASK</dataObject>
<column>TASK_PROCESSING_TIME</column>
</columnRef>
<hidden>false</hidden>
<columnType>MEASURE</columnType>
</column>
<column>
<name>TASK_SUSPEND_TIME</name>
<id>59ecf41f69474edbaf1ae40de21f3fce</id>
<displayName>Task Suspended Time</displayName>
<internal>false</internal>
<useHive>false</useHive>
<systemManaged>false</systemManaged>
<isEditable>true</isEditable>
<columnRef>
<dataObject>ORACLE_PROCESSANALYTICS_TASK</dataObject>
<column>TASK_SUSPENDED_TIME</column>
</columnRef>
<hidden>false</hidden>
<columnType>MEASURE</columnType>
</column>
<column>
<name>TASK_TOTAL_TIME</name>
<id>4f910316c9334df4af14be73f4a39045</id>
<displayName>Task Total Time</displayName>
<internal>false</internal>
<useHive>false</useHive>
<systemManaged>false</systemManaged>
<isEditable>true</isEditable>
<columnRef>
<dataObject>ORACLE_PROCESSANALYTICS_TASK</dataObject>
<column>TASK_TOTAL_TIME</column>
</columnRef>
<hidden>false</hidden>
<columnType>MEASURE</columnType>
</column>
<column>
<name>OUTCOME</name>
<id>d33a81c35c95411d859ebed2495bf0a4</id>
<displayName>Outcome</displayName>
<internal>false</internal>
<useHive>false</useHive>
<systemManaged>false</systemManaged>
<isEditable>true</isEditable>
<columnRef>
<dataObject>ORACLE_PROCESSANALYTICS_TASK</dataObject>
<column>OUTCOME</column>
</columnRef>
<hidden>false</hidden>
<columnType>DIMENSION</columnType>
</column>
<column>
<name>TENANT_ID</name>
<id>e43f5fd42e3b417b803b734471c6dd06</id>
<displayName>Tenant ID</displayName>
<internal>false</internal>
<useHive>false</useHive>
<systemManaged>false</systemManaged>
<isEditable>true</isEditable>
<columnRef>
<dataObject>ORACLE_PROCESSANALYTICS_TASK</dataObject>
<column>TENANT_ID</column>
</columnRef>
<hidden>false</hidden>
<columnType>ATTRIBUTE</columnType>
</column>
<column>
<name>CASE_ID</name>
<id>58b9f84d9e2c4f58a6a497ce3798bc51</id>
<displayName>Case ID</displayName>
<internal>false</internal>
<useHive>false</useHive>
<systemManaged>false</systemManaged>
<isEditable>true</isEditable>
<columnRef>
<dataObject>ORACLE_PROCESSANALYTICS_TASK</dataObject>
<column>CASE_ID</column>
</columnRef>
<hidden>false</hidden>
<columnType>ATTRIBUTE</columnType>
</column>
<column>
<name>OWNER</name>
<id>6c8ff8ee0b3a42a292485d71dd2ba25d</id>
<displayName>Owner</displayName>
<internal>false</internal>
<useHive>false</useHive>
<systemManaged>false</systemManaged>
<isEditable>true</isEditable>
<columnRef>
<dataObject>ORACLE_PROCESSANALYTICS_TASK</dataObject>
<column>OWNER</column>
</columnRef>
<hidden>false</hidden>
<columnType>ATTRIBUTE</columnType>
</column>
<column>
<name>CREATOR</name>
<id>7225ebf8430c4d19b06ea2e52969f0a1</id>
<displayName>Creator</displayName>
<internal>false</internal>
<useHive>false</useHive>
<systemManaged>false</systemManaged>
<isEditable>true</isEditable>
<columnRef>
<dataObject>ORACLE_PROCESSANALYTICS_TASK</dataObject>
<column>CREATOR</column>
</columnRef>
<hidden>false</hidden>
<columnType>ATTRIBUTE</columnType>
</column>
<column>
<name>TITLE</name>
<id>e575648c9fcc414f88678c9593bd781b</id>
<displayName>Title</displayName>
<internal>false</internal>
<useHive>false</useHive>
<systemManaged>false</systemManaged>
<isEditable>true</isEditable>
<columnRef>
<dataObject>ORACLE_PROCESSANALYTICS_TASK</dataObject>
<column>TITLE</column>
</columnRef>
<hidden>false</hidden>
<columnType>DIMENSION</columnType>
</column>
<column>
<name>PRIORITY</name>
<id>022dd245d4e44bae8de2e6798c9ebc40</id>
<displayName>Priority</displayName>
<internal>false</internal>
<useHive>false</useHive>
<systemManaged>false</systemManaged>
<isEditable>true</isEditable>
<columnRef>
<dataObject>ORACLE_PROCESSANALYTICS_TASK</dataObject>
<column>PRIORITY</column>
</columnRef>
<hidden>false</hidden>
<columnType>DIMENSION</columnType>
</column>
<column>
<name>CATEGORY</name>
<id>49dcc1c2bafe49b6a622ca9c7c311904</id>
<displayName>Category</displayName>
<internal>false</internal>
<useHive>false</useHive>
<systemManaged>false</systemManaged>
<isEditable>true</isEditable>
<columnRef>
<dataObject>ORACLE_PROCESSANALYTICS_TASK</dataObject>
<column>CATEGORY</column>
</columnRef>
<hidden>false</hidden>
<columnType>ATTRIBUTE</columnType>
</column>
<column>
<name>ORGANIZATIONAL_UNIT_ID</name>
<id>984753ba1acc42f8a29cd2295284a6e6</id>
<displayName>Organizational Unit ID</displayName>
<internal>false</internal>
<useHive>false</useHive>
<systemManaged>false</systemManaged>
<isEditable>true</isEditable>
<columnRef>
<dataObject>ORACLE_PROCESSANALYTICS_TASK</dataObject>
<column>ORGANIZATIONAL_UNIT_ID</column>
</columnRef>
<hidden>false</hidden>
<columnType>ATTRIBUTE</columnType>
</column>
<column>
<name>ASSIGNEE_ID</name>
<id>cce0dd291cb14f1f97781e610505215d</id>
<displayName>Assignee ID</displayName>
<internal>false</internal>
<useHive>false</useHive>
<systemManaged>false</systemManaged>
<isEditable>true</isEditable>
<columnRef>
<dataObject>ORACLE_PROCESSANALYTICS_ASSIGNMENT</dataObject>
<column>ASSIGNEE_ID</column>
</columnRef>
<hidden>false</hidden>
<columnType>DIMENSION</columnType>
</column>
<column>
<name>ASSIGNEE_DISP_NAME</name>
<id>43148ef299d745b9a0ecfdacc333d6aa</id>
<displayName>Assignee Display Name</displayName>
<internal>false</internal>
<useHive>false</useHive>
<systemManaged>false</systemManaged>
<isEditable>true</isEditable>
<columnRef>
<dataObject>ORACLE_PROCESSANALYTICS_ASSIGNMENT</dataObject>
<column>ASSIGNEE_DISPLAY_NAME</column>
</columnRef>
<hidden>false</hidden>
<columnType>DIMENSION</columnType>
</column>
<column>
<name>TASK_ID</name>
<id>a026e4bcc88f47fbbcc94eb8e37a0504</id>
<displayName>Task ID</displayName>
<internal>false</internal>
<useHive>false</useHive>
<systemManaged>false</systemManaged>
<isEditable>true</isEditable>
<columnRef>
<dataObject>ORACLE_PROCESSANALYTICS_ASSIGNMENT</dataObject>
<column>TASK_ID</column>
</columnRef>
<hidden>false</hidden>
<columnType>DIMENSION</columnType>
</column>
<column>
<name>ASSIGNEE_GRP_ID</name>
<id>411f4ec834354e65a87683539c2f8939</id>
<displayName>Assignee Group ID</displayName>
<internal>false</internal>
<useHive>false</useHive>
<systemManaged>false</systemManaged>
<isEditable>true</isEditable>
<columnRef>
<dataObject>ORACLE_PROCESSANALYTICS_ASSIGNMENT</dataObject>
<column>ASSIGNEE_GROUP_ID</column>
</columnRef>
<hidden>false</hidden>
<columnType>ATTRIBUTE</columnType>
</column>
<column>
<name>ASSIGNEE_GRP_DISP_NAME</name>
<id>e34ec7def6ae4391aa3158d21fead29e</id>
<displayName>Assignee Group Display Name</displayName>
<internal>false</internal>
<useHive>false</useHive>
<systemManaged>false</systemManaged>
<isEditable>true</isEditable>
<columnRef>
<dataObject>ORACLE_PROCESSANALYTICS_ASSIGNMENT</dataObject>
<column>ASSIGNEE_GRP_DISP_NAME</column>
</columnRef>
<hidden>false</hidden>
<columnType>ATTRIBUTE</columnType>
</column>
<column>
<name>IS_GROUP</name>
<id>69173eab82304f5dae2bf228c837ac3e</id>
<displayName>Is Group</displayName>
<internal>false</internal>
<useHive>false</useHive>
<systemManaged>false</systemManaged>
<isEditable>true</isEditable>
<columnRef>
<dataObject>ORACLE_PROCESSANALYTICS_ASSIGNMENT</dataObject>
<column>IS_GROUP</column>
</columnRef>
<hidden>false</hidden>
<columnType>ATTRIBUTE</columnType>
</column>
<column>
<name>ASSIGN_START_DATE</name>
<id>d1dd4a9df60240b5be5673d43fc33888</id>
<displayName>Assignment Start Date</displayName>
<internal>false</internal>
<useHive>false</useHive>
<systemManaged>false</systemManaged>
<isEditable>true</isEditable>
<columnRef>
<dataObject>ORACLE_PROCESSANALYTICS_ASSIGNMENT</dataObject>
<column>ASSIGNMENT_START_DATE</column>
</columnRef>
<hidden>false</hidden>
<columnType>DIMENSION</columnType>
</column>
<column>
<name>ASSIGN_END_DATE</name>
<id>b098003401f1465d8c0c361fa06a5646</id>
<displayName>Assignment End Date</displayName>
<internal>false</internal>
<useHive>false</useHive>
<systemManaged>false</systemManaged>
<isEditable>true</isEditable>
<columnRef>
<dataObject>ORACLE_PROCESSANALYTICS_ASSIGNMENT</dataObject>
<column>ASSIGNMENT_END_DATE</column>
</columnRef>
<hidden>false</hidden>
<columnType>DIMENSION</columnType>
</column>
<column>
<name>ASSIGN_UPDATE_DATE</name>
<id>549fbc8e7ccd4d1b847a664599b48bd6</id>
<displayName>Assignment Update Date</displayName>
<internal>false</internal>
<useHive>false</useHive>
<systemManaged>false</systemManaged>
<isEditable>true</isEditable>
<columnRef>
<dataObject>ORACLE_PROCESSANALYTICS_ASSIGNMENT</dataObject>
<column>ASSIGNMENT_UPDATE_DATE</column>
</columnRef>
<hidden>false</hidden>
<columnType>ATTRIBUTE</columnType>
</column>
<column>
<name>UNATTEND_START_DATE</name>
<id>b0b8a051e64d4305b02e5f7c1f3d9fb5</id>
<displayName>Unattended Start Date</displayName>
<internal>false</internal>
<useHive>false</useHive>
<systemManaged>false</systemManaged>
<isEditable>true</isEditable>
<columnRef>
<dataObject>ORACLE_PROCESSANALYTICS_ASSIGNMENT</dataObject>
<column>UNATTENDED_START_DATE</column>
</columnRef>
<hidden>false</hidden>
<columnType>ATTRIBUTE</columnType>
</column>
<column>
<name>UNATTEND_TIME</name>
<id>e21cb3b66bc141eb869c47db942901d1</id>
<displayName>Assignment Unattended Time</displayName>
<internal>false</internal>
<useHive>false</useHive>
<systemManaged>false</systemManaged>
<isEditable>true</isEditable>
<columnRef>
<dataObject>ORACLE_PROCESSANALYTICS_ASSIGNMENT</dataObject>
<column>UNATTENDED_TIME</column>
</columnRef>
<hidden>false</hidden>
<columnType>MEASURE</columnType>
</column>
<column>
<name>WAIT_TIME</name>
<id>29b23b65fd164bf893da2c517bd62b68</id>
<displayName>Assignment Waiting Time</displayName>
<internal>false</internal>
<useHive>false</useHive>
<systemManaged>false</systemManaged>
<isEditable>true</isEditable>
<columnRef>
<dataObject>ORACLE_PROCESSANALYTICS_ASSIGNMENT</dataObject>
<column>WAITING_TIME</column>
</columnRef>
<hidden>false</hidden>
<columnType>MEASURE</columnType>
</column>
<column>
<name>WAIT_START_DATE</name>
<id>c9f92ab6c18d4b48bf8ab844e01e46bc</id>
<displayName>Waiting Start Date</displayName>
<internal>false</internal>
<useHive>false</useHive>
<systemManaged>false</systemManaged>
<isEditable>true</isEditable>
<columnRef>
<dataObject>ORACLE_PROCESSANALYTICS_ASSIGNMENT</dataObject>
<column>WAITING_START_DATE</column>
</columnRef>
<hidden>false</hidden>
<columnType>ATTRIBUTE</columnType>
</column>
<column>
<name>PROCESSING_TIME</name>
<id>0d062a4b91d34500b487f76f58e8d762</id>
<displayName>Assignment Processing Time</displayName>
<internal>false</internal>
<useHive>false</useHive>
<systemManaged>false</systemManaged>
<isEditable>true</isEditable>
<columnRef>
<dataObject>ORACLE_PROCESSANALYTICS_ASSIGNMENT</dataObject>
<column>PROCESSING_TIME</column>
</columnRef>
<hidden>false</hidden>
<columnType>MEASURE</columnType>
</column>
<column>
<name>PROCESSING_START_DATE</name>
<id>a2ad6d7587f24641a11e2533632fa828</id>
<displayName>Processing Start Date</displayName>
<internal>false</internal>
<useHive>false</useHive>
<systemManaged>false</systemManaged>
<isEditable>true</isEditable>
<columnRef>
<dataObject>ORACLE_PROCESSANALYTICS_ASSIGNMENT</dataObject>
<column>PROCESSING_START_DATE</column>
</columnRef>
<hidden>false</hidden>
<columnType>ATTRIBUTE</columnType>
</column>
<column>
<name>SUSPEND_TIME</name>
<id>88d6c42d9fda4aca92c9434ff9c12d32</id>
<displayName>Assignment Suspended Time</displayName>
<internal>false</internal>
<useHive>false</useHive>
<systemManaged>false</systemManaged>
<isEditable>true</isEditable>
<columnRef>
<dataObject>ORACLE_PROCESSANALYTICS_ASSIGNMENT</dataObject>
<column>SUSPENDED_TIME</column>
</columnRef>
<hidden>false</hidden>
<columnType>MEASURE</columnType>
</column>
<column>
<name>SUSPENDED_START_DATE</name>
<id>c4879976ccb3448d9d512a2a97abe9b0</id>
<displayName>Suspended Start Date</displayName>
<internal>false</internal>
<useHive>false</useHive>
<systemManaged>false</systemManaged>
<isEditable>true</isEditable>
<columnRef>
<dataObject>ORACLE_PROCESSANALYTICS_ASSIGNMENT</dataObject>
<column>SUSPENDED_START_DATE</column>
</columnRef>
<hidden>false</hidden>
<columnType>ATTRIBUTE</columnType>
</column>
<column>
<name>TOTAL_TIME</name>
<id>41b526829c0c495f91ecc7f9199194ec</id>
<displayName>Assignment Total Time</displayName>
<internal>false</internal>
<useHive>false</useHive>
<systemManaged>false</systemManaged>
<isEditable>true</isEditable>
<columnRef>
<dataObject>ORACLE_PROCESSANALYTICS_ASSIGNMENT</dataObject>
<column>TOTAL_TIME</column>
</columnRef>
<hidden>false</hidden>
<columnType>MEASURE</columnType>
</column>
<column>
<name>ASSIGN_STATE</name>
<id>8e87f3169c154cd8b080e335387de3d9</id>
<displayName>Assignment State</displayName>
<internal>false</internal>
<useHive>false</useHive>
<systemManaged>false</systemManaged>
<isEditable>true</isEditable>
<columnRef>
<dataObject>ORACLE_PROCESSANALYTICS_ASSIGNMENT</dataObject>
<column>ASSIGNMENT_STATE</column>
</columnRef>
<hidden>false</hidden>
<columnType>DIMENSION</columnType>
</column>
<column>
<name>ASSIGN_STATE_TYPE</name>
<id>c52c8fd5466e46f8ae94f5acecd46bb6</id>
<displayName>Assignment State Type</displayName>
<internal>false</internal>
<useHive>false</useHive>
<systemManaged>false</systemManaged>
<isEditable>true</isEditable>
<columnRef>
<dataObject>ORACLE_PROCESSANALYTICS_ASSIGNMENT</dataObject>
<column>ASSIGNMENT_STATE_TYPE</column>
</columnRef>
<hidden>false</hidden>
<columnType>DIMENSION</columnType>
</column>
<column>
<name>ASSIGN_END_STATE</name>
<id>6130bf9dbb79400b902ebcb71a7e2176</id>
<displayName>Assignment End State</displayName>
<internal>false</internal>
<useHive>false</useHive>
<systemManaged>false</systemManaged>
<isEditable>true</isEditable>
<columnRef>
<dataObject>ORACLE_PROCESSANALYTICS_ASSIGNMENT</dataObject>
<column>ASSIGNMENT_END_STATE</column>
</columnRef>
<hidden>false</hidden>
<columnType>DIMENSION</columnType>
</column>
<column>
<name>TASK_DEF_HWF_ID</name>
<id>c30b73441c194c299f2af97d8a96bdde</id>
<displayName>Task Definition HWF ID</displayName>
<internal>false</internal>
<useHive>false</useHive>
<systemManaged>false</systemManaged>
<isEditable>true</isEditable>
<columnRef>
<dataObject>ORACLE_PROCESSANALYTICS_TASK_DEFINITION</dataObject>
<column>TASK_DEFINITION_HWF_ID</column>
</columnRef>
<hidden>false</hidden>
<columnType>DIMENSION</columnType>
</column>
<column>
<name>TASK_NAME_SPACE</name>
<id>74134bc84d38498aa6e7fec86187aee2</id>
<displayName>Task Name Space</displayName>
<internal>false</internal>
<useHive>false</useHive>
<systemManaged>false</systemManaged>
<isEditable>true</isEditable>
<columnRef>
<dataObject>ORACLE_PROCESSANALYTICS_TASK_DEFINITION</dataObject>
<column>TASK_NAME_SPACE</column>
</columnRef>
<hidden>false</hidden>
<columnType>ATTRIBUTE</columnType>
</column>
<column>
<name>TASK_DEF_NAME</name>
<id>7681ef7a5c384b5d8cebca335e5309b9</id>
<displayName>Task Definition Name</displayName>
<internal>false</internal>
<useHive>false</useHive>
<systemManaged>false</systemManaged>
<isEditable>true</isEditable>
<columnRef>
<dataObject>ORACLE_PROCESSANALYTICS_TASK_DEFINITION</dataObject>
<column>TASK_DEFINITION_NAME</column>
</columnRef>
<hidden>false</hidden>
<columnType>DIMENSION</columnType>
</column>
<column>
<name>TASK_DEF_STATUS</name>
<id>3e142beccffc4e08bda5eb8b8def91d2</id>
<displayName>Task Definition Status</displayName>
<internal>false</internal>
<useHive>false</useHive>
<systemManaged>false</systemManaged>
<isEditable>true</isEditable>
<columnRef>
<dataObject>ORACLE_PROCESSANALYTICS_TASK_DEFINITION</dataObject>
<column>TASK_DEFINITION_STATUS</column>
</columnRef>
<hidden>false</hidden>
<columnType>DIMENSION</columnType>
</column>
<column>
<name>REVISION_ID</name>
<id>c983095942d141e8acd4e78ea7a0b343</id>
<displayName>Revision ID</displayName>
<internal>false</internal>
<useHive>false</useHive>
<systemManaged>false</systemManaged>
<isEditable>true</isEditable>
<columnRef>
<dataObject>ORACLE_PROCESSANALYTICS_TASK_DEFINITION</dataObject>
<column>REVISION_ID</column>
</columnRef>
<hidden>false</hidden>
<columnType>ATTRIBUTE</columnType>
</column>
<column>
<name>LAST_UPDATE_DATE</name>
<id>419775d8dc084f399676f9224c5da59f</id>
<displayName>Assignment Last Update Date</displayName>
<internal>false</internal>
<useHive>false</useHive>
<systemManaged>false</systemManaged>
<isEditable>true</isEditable>
<columnRef>
<dataObject>ORACLE_PROCESSANALYTICS_TASK_DEFINITION</dataObject>
<column>LAST_UPDATE_DATE</column>
</columnRef>
<hidden>false</hidden>
<columnType>ATTRIBUTE</columnType>
</column>
<column>
<name>PROCESS_NAME</name>
<id>42b605ff47384584a1970426294dceb6</id>
<displayName>Process Name</displayName>
<internal>false</internal>
<useHive>false</useHive>
<systemManaged>false</systemManaged>
<isEditable>true</isEditable>
<columnRef>
<dataObject>ORACLE_PROCESSANALYTICS_PROCESS_DEFINITION</dataObject>
<column>PROCESS_NAME</column>
</columnRef>
<hidden>false</hidden>
<columnType>DIMENSION</columnType>
</column>
<column>
<name>PROCESS_LABEL</name>
<id>a45b3e220ce04f98affa9c6dc0db990a</id>
<displayName>Process Display Name</displayName>
<internal>false</internal>
<useHive>false</useHive>
<systemManaged>false</systemManaged>
<isEditable>true</isEditable>
<columnRef>
<dataObject>ORACLE_PROCESSANALYTICS_PROCESS_DEFINITION</dataObject>
<column>PROCESS_LABEL</column>
</columnRef>
<hidden>false</hidden>
<columnType>DIMENSION</columnType>
</column>
<column>
<name>PROCESS_TYPE</name>
<id>bcdc57d086ba42389657d96a3d26e737</id>
<displayName>Process Type</displayName>
<internal>false</internal>
<useHive>false</useHive>
<systemManaged>false</systemManaged>
<isEditable>true</isEditable>
<columnRef>
<dataObject>ORACLE_PROCESSANALYTICS_PROCESS_DEFINITION</dataObject>
<column>PROCESS_TYPE</column>
</columnRef>
<hidden>false</hidden>
<columnType>ATTRIBUTE</columnType>
</column>
<column>
<name>COMPOSITE_DOMAIN_NAME</name>
<id>f9bafbb128e14bbfac3c31e521f6fb4c</id>
<displayName>Composite Domain Name</displayName>
<internal>false</internal>
<useHive>false</useHive>
<systemManaged>false</systemManaged>
<isEditable>true</isEditable>
<columnRef>
<dataObject>ORACLE_PROCESSANALYTICS_PROCESS_DEFINITION</dataObject>
<column>COMPOSITE_DOMAIN_NAME</column>
</columnRef>
<hidden>false</hidden>
<columnType>DIMENSION</columnType>
</column>
<column>
<name>COMPOSITE_NAME</name>
<id>8a47c6b6b5754af692cd7c072fb72e60</id>
<displayName>Composite Name</displayName>
<internal>false</internal>
<useHive>false</useHive>
<systemManaged>false</systemManaged>
<isEditable>true</isEditable>
<columnRef>
<dataObject>ORACLE_PROCESSANALYTICS_PROCESS_DEFINITION</dataObject>
<column>COMPOSITE_NAME</column>
</columnRef>
<hidden>false</hidden>
<columnType>DIMENSION</columnType>
</column>
<column>
<name>COMPOSITE_REVISION</name>
<id>1cc04aacd8494fb1b803ab5ba8cdf03c</id>
<displayName>Composite Revision</displayName>
<internal>false</internal>
<useHive>false</useHive>
<systemManaged>false</systemManaged>
<isEditable>true</isEditable>
<columnRef>
<dataObject>ORACLE_PROCESSANALYTICS_PROCESS_DEFINITION</dataObject>
<column>COMPOSITE_REVISION</column>
</columnRef>
<hidden>false</hidden>
<columnType>DIMENSION</columnType>
</column>
<column>
<name>COMPOSITE_SCALABEL</name>
<id>bcece584a1ee4b0d8735f0c191286a54</id>
<displayName>Composite SCA Label</displayName>
<internal>false</internal>
<useHive>false</useHive>
<systemManaged>false</systemManaged>
<isEditable>true</isEditable>
<columnRef>
<dataObject>ORACLE_PROCESSANALYTICS_PROCESS_DEFINITION</dataObject>
<column>COMPOSITE_SCALABEL</column>
</columnRef>
<hidden>false</hidden>
<columnType>ATTRIBUTE</columnType>
</column>
<column>
<name>COMPOSITE_DN</name>
<id>ec7d9a16865a49979aad3ee05befcca7</id>
<displayName>Composite DN</displayName>
<internal>false</internal>
<useHive>false</useHive>
<systemManaged>false</systemManaged>
<isEditable>true</isEditable>
<columnRef>
<dataObject>ORACLE_PROCESSANALYTICS_PROCESS_DEFINITION</dataObject>
<column>COMPOSITE_DN</column>
</columnRef>
<hidden>false</hidden>
<columnType>ATTRIBUTE</columnType>
</column>
<column>
<name>PROCESS_DEPLOYMENT_STATUS</name>
<id>121861f306e84f548d237fbe920b0f4c</id>
<displayName>Process Deployment Status</displayName>
<internal>false</internal>
<useHive>false</useHive>
<systemManaged>false</systemManaged>
<isEditable>true</isEditable>
<columnRef>
<dataObject>ORACLE_PROCESSANALYTICS_PROCESS_DEFINITION</dataObject>
<column>PROCESS_DEPLOYMENT_STATUS</column>
</columnRef>
<hidden>false</hidden>
<columnType>ATTRIBUTE</columnType>
</column>
<column>
<name>PROCESS_MIGRATION_STATUS</name>
<id>6287bce6072649e88a8e0982425456c3</id>
<displayName>Process Migration Status</displayName>
<internal>false</internal>
<useHive>false</useHive>
<systemManaged>false</systemManaged>
<isEditable>true</isEditable>
<columnRef>
<dataObject>ORACLE_PROCESSANALYTICS_PROCESS_DEFINITION</dataObject>
<column>PROCESS_MIGRATION_STATUS</column>
</columnRef>
<hidden>false</hidden>
<columnType>ATTRIBUTE</columnType>
</column>
<column>
<name>ORGUNITID</name>
<id>c93cfb77a72b4fa1adad658c9e90b369</id>
<displayName>Organization Unit ID</displayName>
<internal>false</internal>
<useHive>false</useHive>
<systemManaged>false</systemManaged>
<isEditable>true</isEditable>
<columnRef>
<dataObject>ORACLE_PROCESSANALYTICS_PROCESS_DEFINITION</dataObject>
<column>ORGUNITID</column>
</columnRef>
<hidden>false</hidden>
<columnType>ATTRIBUTE</columnType>
</column>
<column>
<name>PROCESS_DEPLOYDATE</name>
<id>0e81cd02195149debff40d6d27b9782e</id>
<displayName>Process Deploy Date</displayName>
<internal>false</internal>
<useHive>false</useHive>
<systemManaged>false</systemManaged>
<isEditable>true</isEditable>
<columnRef>
<dataObject>ORACLE_PROCESSANALYTICS_PROCESS_DEFINITION</dataObject>
<column>PROCESS_DEPLOYDATE</column>
</columnRef>
<hidden>false</hidden>
<columnType>ATTRIBUTE</columnType>
</column>
<column>
<name>PROCESS_UNDEPLOYDATE</name>
<id>616ba8296a804303aee4ac0429288a79</id>
<displayName>Process Undeploy Date</displayName>
<internal>false</internal>
<useHive>false</useHive>
<systemManaged>false</systemManaged>
<isEditable>true</isEditable>
<columnRef>
<dataObject>ORACLE_PROCESSANALYTICS_PROCESS_DEFINITION</dataObject>
<column>PROCESS_UNDEPLOYDATE</column>
</columnRef>
<hidden>false</hidden>
<columnType>ATTRIBUTE</columnType>
</column>
<column>
<name>PROCESS_DEFN_SUSPENDDATE</name>
<id>a429416a3ca74e9bbde5fd15468b5bae</id>
<displayName>Process Definition Suspend Date</displayName>
<internal>false</internal>
<useHive>false</useHive>
<systemManaged>false</systemManaged>
<isEditable>true</isEditable>
<columnRef>
<dataObject>ORACLE_PROCESSANALYTICS_PROCESS_DEFINITION</dataObject>
<column>PROCESS_DEFN_SUSPENDDATE</column>
</columnRef>
<hidden>false</hidden>
<columnType>ATTRIBUTE</columnType>
</column>
<column>
<name>PROCESS_DEFN_RESUMEDATE</name>
<id>5502215ea6c44264817f072e1297ebfa</id>
<displayName>Process Definition Resume Date</displayName>
<internal>false</internal>
<useHive>false</useHive>
<systemManaged>false</systemManaged>
<isEditable>true</isEditable>
<columnRef>
<dataObject>ORACLE_PROCESSANALYTICS_PROCESS_DEFINITION</dataObject>
<column>PROCESS_DEFN_RESUMEDATE</column>
</columnRef>
<hidden>false</hidden>
<columnType>ATTRIBUTE</columnType>
</column>
<column>
<name>PROCESS_DEFN_LASTUPDATED</name>
<id>aca23cda450c45da8c0317c5d206db3b</id>
<displayName>Process Definition Last Updated Date</displayName>
<internal>false</internal>
<useHive>false</useHive>
<systemManaged>false</systemManaged>
<isEditable>true</isEditable>
<columnRef>
<dataObject>ORACLE_PROCESSANALYTICS_PROCESS_DEFINITION</dataObject>
<column>PROCESS_DEFN_LASTUPDATED</column>
</columnRef>
<hidden>false</hidden>
<columnType>ATTRIBUTE</columnType>
</column>
<column>
<name>PROCESS_OWNER_ROLE</name>
<id>67a8d56c721449218a2c6a99b2030b53</id>
<displayName>Process Owner Role</displayName>
<internal>false</internal>
<useHive>false</useHive>
<systemManaged>false</systemManaged>
<isEditable>true</isEditable>
<columnRef>
<dataObject>ORACLE_PROCESSANALYTICS_PROCESS_DEFINITION</dataObject>
<column>PROCESS_OWNER_ROLE</column>
</columnRef>
<hidden>false</hidden>
<columnType>ATTRIBUTE</columnType>
</column>
<column>
<name>PROCESS_REVIEWER_ROLE</name>
<id>d04a2f2a859b4fc9a05be0b625971e6b</id>
<displayName>Process Reviewer Role</displayName>
<internal>false</internal>
<useHive>false</useHive>
<systemManaged>false</systemManaged>
<isEditable>true</isEditable>
<columnRef>
<dataObject>ORACLE_PROCESSANALYTICS_PROCESS_DEFINITION</dataObject>
<column>PROCESS_REVIEWER_ROLE</column>
</columnRef>
<hidden>false</hidden>
<columnType>ATTRIBUTE</columnType>
</column>
<column>
<name>PROCESS_SUBTYPE</name>
<id>257d442cfa7f478bb3c65c176e36f4c0</id>
<displayName>Process SubType</displayName>
<internal>false</internal>
<useHive>false</useHive>
<systemManaged>false</systemManaged>
<isEditable>true</isEditable>
<columnRef>
<dataObject>ORACLE_PROCESSANALYTICS_PROCESS_DEFINITION</dataObject>
<column>PROCESS_SUBTYPE</column>
</columnRef>
<hidden>false</hidden>
<columnType>ATTRIBUTE</columnType>
</column>
<column>
<name>PROCESS_ISPRIMARY</name>
<id>e6a95ea61cc845c0a88076b3b5bb1f3f</id>
<displayName>Is Primary Process</displayName>
<internal>false</internal>
<useHive>false</useHive>
<systemManaged>false</systemManaged>
<isEditable>true</isEditable>
<columnRef>
<dataObject>ORACLE_PROCESSANALYTICS_PROCESS_DEFINITION</dataObject>
<column>PROCESS_ISPRIMARY</column>
</columnRef>
<hidden>false</hidden>
<columnType>ATTRIBUTE</columnType>
</column>
<column>
<name>PROCDEF_SYS_STR01</name>
<id>8b3cb7f900834e07b7f3e727a09a450b</id>
<displayName>Process Definition System String 01</displayName>
<internal>false</internal>
<useHive>false</useHive>
<systemManaged>false</systemManaged>
<isEditable>true</isEditable>
<columnRef>
<dataObject>ORACLE_PROCESSANALYTICS_PROCESS_DEFINITION</dataObject>
<column>PROCDEF_SYS_STR01</column>
</columnRef>
<hidden>false</hidden>
<columnType>ATTRIBUTE</columnType>
</column>
<column>
<name>PROCDEF_SYS_STR02</name>
<id>182e09bfca04486f828fe8d1d57a5540</id>
<displayName>Process Definition System String 02</displayName>
<internal>false</internal>
<useHive>false</useHive>
<systemManaged>false</systemManaged>
<isEditable>true</isEditable>
<columnRef>
<dataObject>ORACLE_PROCESSANALYTICS_PROCESS_DEFINITION</dataObject>
<column>PROCDEF_SYS_STR02</column>
</columnRef>
<hidden>false</hidden>
<columnType>ATTRIBUTE</columnType>
</column>
<column>
<name>PROCDEF_SYS_STR03</name>
<id>3449180329b3498e8c12fba52e5f834e</id>
<displayName>Process Definition System String 03</displayName>
<internal>false</internal>
<useHive>false</useHive>
<systemManaged>false</systemManaged>
<isEditable>true</isEditable>
<columnRef>
<dataObject>ORACLE_PROCESSANALYTICS_PROCESS_DEFINITION</dataObject>
<column>PROCDEF_SYS_STR03</column>
</columnRef>
<hidden>false</hidden>
<columnType>ATTRIBUTE</columnType>
</column>
<column>
<name>COMPOSITE_BACVERSION</name>
<id>1996e24427fd4be091c9e45147f12353</id>
<displayName>Composite BAC Version</displayName>
<internal>false</internal>
<useHive>false</useHive>
<systemManaged>false</systemManaged>
<isEditable>true</isEditable>
<columnRef>
<dataObject>ORACLE_PROCESSANALYTICS_COMPOSITE_DEFINITION</dataObject>
<column>COMPOSITE_BACVERSION</column>
</columnRef>
<hidden>false</hidden>
<columnType>ATTRIBUTE</columnType>
</column>
<column>
<name>COMPOSITE_DEPLOY_STATUS</name>
<id>8b9f5f5bc3e945ce931202442e1a588a</id>
<displayName>Composite Deployment Status</displayName>
<internal>false</internal>
<useHive>false</useHive>
<systemManaged>false</systemManaged>
<isEditable>true</isEditable>
<columnRef>
<dataObject>ORACLE_PROCESSANALYTICS_COMPOSITE_DEFINITION</dataObject>
<column>COMPOSITE_DEPLOY_STATUS</column>
</columnRef>
<hidden>false</hidden>
<columnType>ATTRIBUTE</columnType>
</column>
<column>
<name>COMPOSITE_DEPLOYDATE</name>
<id>72f4ab36a97e4648a5d0d1a22b051575</id>
<displayName>Composite Deploy Date</displayName>
<internal>false</internal>
<useHive>false</useHive>
<systemManaged>false</systemManaged>
<isEditable>true</isEditable>
<columnRef>
<dataObject>ORACLE_PROCESSANALYTICS_COMPOSITE_DEFINITION</dataObject>
<column>COMPOSITE_DEPLOYDATE</column>
</columnRef>
<hidden>false</hidden>
<columnType>ATTRIBUTE</columnType>
</column>
<column>
<name>COMPOSITE_UNDEPLOYDATE</name>
<id>1d0b29abfda04751a419b185bfe7c4be</id>
<displayName>Composite Undeploy Date</displayName>
<internal>false</internal>
<useHive>false</useHive>
<systemManaged>false</systemManaged>
<isEditable>true</isEditable>
<columnRef>
<dataObject>ORACLE_PROCESSANALYTICS_COMPOSITE_DEFINITION</dataObject>
<column>COMPOSITE_UNDEPLOYDATE</column>
</columnRef>
<hidden>false</hidden>
<columnType>ATTRIBUTE</columnType>
</column>
<column>
<name>COMPOSITE_LASTUPDATED</name>
<id>13e010dd4278420088e4b6001bd14ae1</id>
<displayName>Composite Lastupdated Date</displayName>
<internal>false</internal>
<useHive>false</useHive>
<systemManaged>false</systemManaged>
<isEditable>true</isEditable>
<columnRef>
<dataObject>ORACLE_PROCESSANALYTICS_COMPOSITE_DEFINITION</dataObject>
<column>COMPOSITE_LASTUPDATED</column>
</columnRef>
<hidden>false</hidden>
<columnType>ATTRIBUTE</columnType>
</column>
<column>
<name>ANALYTICS_VIEWER_ROLE</name>
<id>c24c43b6142f4f0c9bfffccdddc80590</id>
<displayName>Analytics Viewer Role</displayName>
<internal>false</internal>
<useHive>false</useHive>
<systemManaged>false</systemManaged>
<isEditable>true</isEditable>
<columnRef>
<dataObject>ORACLE_PROCESSANALYTICS_COMPOSITE_DEFINITION</dataObject>
<column>ANALYTICS_VIEWER_ROLE</column>
</columnRef>
<hidden>false</hidden>
<columnType>ATTRIBUTE</columnType>
</column>
<column>
<name>COMPOSITEDEF_SYS_STR01</name>
<id>a8f0bbfc349e4cfdb137c45f8f22fb9c</id>
<displayName>Composite Definition System String 01</displayName>
<internal>false</internal>
<useHive>false</useHive>
<systemManaged>false</systemManaged>
<isEditable>true</isEditable>
<columnRef>
<dataObject>ORACLE_PROCESSANALYTICS_COMPOSITE_DEFINITION</dataObject>
<column>COMPOSITEDEF_SYS_STR01</column>
</columnRef>
<hidden>false</hidden>
<columnType>ATTRIBUTE</columnType>
</column>
<column>
<name>COMPOSITEDEF_SYS_STR02</name>
<id>13b88d035634434c95a438bbd3abc6b4</id>
<displayName>Composite Definition System String 02</displayName>
<internal>false</internal>
<useHive>false</useHive>
<systemManaged>false</systemManaged>
<isEditable>true</isEditable>
<columnRef>
<dataObject>ORACLE_PROCESSANALYTICS_COMPOSITE_DEFINITION</dataObject>
<column>COMPOSITEDEF_SYS_STR02</column>
</columnRef>
<hidden>false</hidden>
<columnType>ATTRIBUTE</columnType>
</column>
<column>
<name>COMPOSITEDEF_SYS_STR03</name>
<id>9b6e1a0555154ab4b5c58757681dc700</id>
<displayName>Composite Definition System String 03</displayName>
<internal>false</internal>
<useHive>false</useHive>
<systemManaged>false</systemManaged>
<isEditable>true</isEditable>
<columnRef>
<dataObject>ORACLE_PROCESSANALYTICS_COMPOSITE_DEFINITION</dataObject>
<column>COMPOSITEDEF_SYS_STR03</column>
</columnRef>
<hidden>false</hidden>
<columnType>ATTRIBUTE</columnType>
</column>
<column>
<name>ACTIVITY_NAME</name>
<id>4f6be9a645824766a160f9cb68cebacd</id>
<displayName>Activity Name</displayName>
<internal>false</internal>
<useHive>false</useHive>
<systemManaged>false</systemManaged>
<isEditable>true</isEditable>
<columnRef>
<dataObject>ORACLE_PROCESSANALYTICS_ACTIVITY_DEFINITION</dataObject>
<column>ACTIVITY_NAME</column>
</columnRef>
<hidden>false</hidden>
<columnType>DIMENSION</columnType>
</column>
<column>
<name>ACTIVITY_LABEL</name>
<id>2cc1bdc1821d4d66a7cf208e919c47bb</id>
<displayName>Activity Display Name</displayName>
<internal>false</internal>
<useHive>false</useHive>
<systemManaged>false</systemManaged>
<isEditable>true</isEditable>
<columnRef>
<dataObject>ORACLE_PROCESSANALYTICS_ACTIVITY_DEFINITION</dataObject>
<column>ACTIVITY_LABEL</column>
</columnRef>
<hidden>false</hidden>
<columnType>DIMENSION</columnType>
</column>
<column>
<name>ACTIVITY_TYPE</name>
<id>9093dcb4f66244ada1e80ad6e1800650</id>
<displayName>Activity Type</displayName>
<internal>false</internal>
<useHive>false</useHive>
<systemManaged>false</systemManaged>
<isEditable>true</isEditable>
<columnRef>
<dataObject>ORACLE_PROCESSANALYTICS_ACTIVITY_DEFINITION</dataObject>
<column>ACTIVITY_TYPE</column>
</columnRef>
<hidden>false</hidden>
<columnType>ATTRIBUTE</columnType>
</column>
<column>
<name>ACTVDEF_SYS_STR01</name>
<id>fdd04fa732d240549273d1c2f4602f9d</id>
<displayName>Activity Definition System String 01</displayName>
<internal>false</internal>
<useHive>false</useHive>
<systemManaged>false</systemManaged>
<isEditable>true</isEditable>
<columnRef>
<dataObject>ORACLE_PROCESSANALYTICS_ACTIVITY_DEFINITION</dataObject>
<column>ACTVDEF_SYS_STR01</column>
</columnRef>
<hidden>false</hidden>
<columnType>ATTRIBUTE</columnType>
</column>
<column>
<name>ACTVDEF_SYS_STR02</name>
<id>670d128837d140929f3d79a357c7a902</id>
<displayName>Activity Definition System String 02</displayName>
<internal>false</internal>
<useHive>false</useHive>
<systemManaged>false</systemManaged>
<isEditable>true</isEditable>
<columnRef>
<dataObject>ORACLE_PROCESSANALYTICS_ACTIVITY_DEFINITION</dataObject>
<column>ACTVDEF_SYS_STR02</column>
</columnRef>
<hidden>false</hidden>
<columnType>ATTRIBUTE</columnType>
</column>
<column>
<name>ACTVDEF_SYS_STR03</name>
<id>d2f37544a94e4a08b4450313478351a6</id>
<displayName>Activity Definition System String 03</displayName>
<internal>false</internal>
<useHive>false</useHive>
<systemManaged>false</systemManaged>
<isEditable>true</isEditable>
<columnRef>
<dataObject>ORACLE_PROCESSANALYTICS_ACTIVITY_DEFINITION</dataObject>
<column>ACTVDEF_SYS_STR03</column>
</columnRef>
<hidden>false</hidden>
<columnType>ATTRIBUTE</columnType>
</column>
<column>
<name>DATAOBJECT_CREATED</name>
<id>c9afcbb21e6e4dfeb91310ae19744965</id>
<displayName>DATAOBJECT_CREATED</displayName>
<internal>false</internal>
<useHive>false</useHive>
<systemManaged>false</systemManaged>
<isEditable>true</isEditable>
<columnRef>
<dataObject>ORACLE_PROCESSANALYTICS_ASSIGNMENT</dataObject>
<column>DATAOBJECT_CREATED</column>
</columnRef>
<hidden>false</hidden>
<columnType>ATTRIBUTE</columnType>
</column>
</columns>
<hierarchies>
<hierarchy>
<name>TaskAssignee</name>
<id>527dbf5afb3840ebbcc5eb234d41ed22</id>
<displayName>Task Assignee Hierarchy</displayName>
<internal>false</internal>
<useHive>false</useHive>
<systemManaged>false</systemManaged>
<isEditable>true</isEditable>
<columns>
<column>
<dataObject>ORACLE_PROCESSANALYTICS_HWF_TASK_ASSIGNMENT</dataObject>
<column>ACTIVITY_LABEL</column>
</column>
<column>
<dataObject>ORACLE_PROCESSANALYTICS_HWF_TASK_ASSIGNMENT</dataObject>
<column>ASSIGNEE_DISP_NAME</column>
</column>
</columns>
</hierarchy>
<hierarchy>
<name>TaskType</name>
<id>3654fa3f4c3440158b9f5bc3675244a1</id>
<displayName>Task Type Hierarchy</displayName>
<internal>false</internal>
<useHive>false</useHive>
<systemManaged>false</systemManaged>
<isEditable>true</isEditable>
<columns>
<column>
<dataObject>ORACLE_PROCESSANALYTICS_HWF_TASK_ASSIGNMENT</dataObject>
<column>ACTIVITY_LABEL</column>
</column>
</columns>
</hierarchy>
<hierarchy>
<name>Assignee Task Hierarchy</name>
<id>fccb427680d34a4ba295c4ddefc785ef</id>
<displayName>Assignee Task Hierarchy</displayName>
<internal>false</internal>
<useHive>false</useHive>
<systemManaged>false</systemManaged>
<isEditable>true</isEditable>
<columns>
<column>
<dataObject>ORACLE_PROCESSANALYTICS_HWF_TASK_ASSIGNMENT</dataObject>
<column>ASSIGNEE_DISP_NAME</column>
</column>
<column>
<dataObject>ORACLE_PROCESSANALYTICS_HWF_TASK_ASSIGNMENT</dataObject>
<column>ACTIVITY_LABEL</column>
</column>
</columns>
</hierarchy>
<hierarchy>
<name>Process Task Hierarchy</name>
<id>989fb6c2a3ad494abb2c983abbcc926d</id>
<displayName>Process Task Hierarchy</displayName>
<internal>false</internal>
<useHive>false</useHive>
<systemManaged>false</systemManaged>
<isEditable>true</isEditable>
<columns>
<column>
<dataObject>ORACLE_PROCESSANALYTICS_HWF_TASK_ASSIGNMENT</dataObject>
<column>PROCESS_LABEL</column>
</column>
<column>
<dataObject>ORACLE_PROCESSANALYTICS_HWF_TASK_ASSIGNMENT</dataObject>
<column>ACTIVITY_LABEL</column>
</column>
<column>
<dataObject>ORACLE_PROCESSANALYTICS_HWF_TASK_ASSIGNMENT</dataObject>
<column>ASSIGNEE_DISP_NAME</column>
</column>
</columns>
</hierarchy>
</hierarchies>
<joins>
<join>
<id>f5104293eae34b888b19d48f02f8b04e</id>
<internal>false</internal>
<useHive>false</useHive>
<systemManaged>false</systemManaged>
<isEditable>true</isEditable>
<leftColumns>
<column>
<dataObject>ORACLE_PROCESSANALYTICS_ASSIGNMENT</dataObject>
<column>ROOT_TASK_ID</column>
</column>
</leftColumns>
<rightColumns>
<column>
<dataObject>ORACLE_PROCESSANALYTICS_TASK</dataObject>
<column>ROOT_TASK_ID</column>
</column>
</rightColumns>
<joinType>innerJoin</joinType>
</join>
<join>
<id>e15b1f9e21d749b0845b354c8ba40025</id>
<internal>false</internal>
<useHive>false</useHive>
<systemManaged>false</systemManaged>
<isEditable>true</isEditable>
<leftColumns>
<column>
<dataObject>ORACLE_PROCESSANALYTICS_ASSIGNMENT</dataObject>
<column>TASK_DEFINITION_ID</column>
</column>
</leftColumns>
<rightColumns>
<column>
<dataObject>ORACLE_PROCESSANALYTICS_TASK_DEFINITION</dataObject>
<column>BEAM_ID</column>
</column>
</rightColumns>
<joinType>innerJoin</joinType>
</join>
<join>
<id>73cd8bb46adf4105aee3f616f9d34102</id>
<internal>false</internal>
<useHive>false</useHive>
<systemManaged>false</systemManaged>
<isEditable>true</isEditable>
<leftColumns>
<column>
<dataObject>ORACLE_PROCESSANALYTICS_ASSIGNMENT</dataObject>
<column>PROCESS_DEFINITION_ID</column>
</column>
</leftColumns>
<rightColumns>
<column>
<dataObject>ORACLE_PROCESSANALYTICS_PROCESS_DEFINITION</dataObject>
<column>BEAM_ID</column>
</column>
</rightColumns>
<joinType>innerJoin</joinType>
</join>
<join>
<id>5bee1bc983b24810bd4b95d90b14b6c1</id>
<internal>false</internal>
<useHive>false</useHive>
<systemManaged>false</systemManaged>
<isEditable>true</isEditable>
<leftColumns>
<column>
<dataObject>ORACLE_PROCESSANALYTICS_ASSIGNMENT</dataObject>
<column>COMPOSITE_DEFINITION_ID</column>
</column>
</leftColumns>
<rightColumns>
<column>
<dataObject>ORACLE_PROCESSANALYTICS_COMPOSITE_DEFINITION</dataObject>
<column>BEAM_ID</column>
</column>
</rightColumns>
<joinType>innerJoin</joinType>
</join>
<join>
<id>e7738da8ac2b44dcb6849b270cade852</id>
<internal>false</internal>
<useHive>false</useHive>
<systemManaged>false</systemManaged>
<isEditable>true</isEditable>
<leftColumns>
<column>
<dataObject>ORACLE_PROCESSANALYTICS_ASSIGNMENT</dataObject>
<column>ACTIVITY_DEFINITION_ID</column>
</column>
</leftColumns>
<rightColumns>
<column>
<dataObject>ORACLE_PROCESSANALYTICS_ACTIVITY_DEFINITION</dataObject>
<column>BEAM_ID</column>
</column>
</rightColumns>
<joinType>innerJoin</joinType>
</join>
</joins>
<filter>
<type>ALL</type>
<branches/>
<entries/>
<none>false</none>
</filter>
<eventIdColName>BEAM_ID</eventIdColName>
<bIncludeCFinView>false</bIncludeCFinView>
</ns0:logicalDataObject>