<?xml version = '1.0' encoding = 'UTF-8'?>
<ns0:simpleDataObject xmlns:ns0="http://xmlns.oracle.com/bam/bam12">
<name>BUSINESS_MODEL</name>
<id>/dataobject/BUSINESS_MODEL</id>
<displayName>oracle/insight/internal/Business Model</displayName>
<internal>false</internal>
<useHive>false</useHive>
<systemManaged>false</systemManaged>
<createdDate>2016-09-28T11:31:22.96-04:00</createdDate>
<modifiedDate>2016-09-28T11:31:22.96-04:00</modifiedDate>
<createdBy>OracleSystemUser</createdBy>
<modifiedBy>OracleSystemUser</modifiedBy>
<alias>OII_MODEL_A</alias>
<flexTableConfigured>false</flexTableConfigured>
<calculatedFields/>
<timeHierarchies/>
<cqType>RELATION</cqType>
<cqArchived>true</cqArchived>
<cqSource>jms:topic/oracle.beam.server.event.dataobject</cqSource>
<cqStampType>SYSTEM</cqStampType>
<slowChangingDimension>false</slowChangingDimension>
<physicalName>BEAM_VIEW_43</physicalName>
<eventId>BEAM_ID</eventId>
<replayAmount>0</replayAmount>
<hidden>false</hidden>
<columns>
<column>
<name>BEAM_ID</name>
<id>1fbd0f3352fc4c71942d2d658e3447e1</id>
<internal>false</internal>
<useHive>false</useHive>
<systemManaged>false</systemManaged>
<isEditable>true</isEditable>
<nullable>false</nullable>
<unique>false</unique>
<dataType>INT</dataType>
<columnType>ATTRIBUTE</columnType>
<hidden>false</hidden>
<editable>true</editable>
</column>
<column>
<name>DATAOBJECT_CREATED</name>
<id>c445e64de4b44ca1964ef151cbc95f15</id>
<internal>false</internal>
<useHive>false</useHive>
<systemManaged>false</systemManaged>
<isEditable>true</isEditable>
<nullable>false</nullable>
<unique>false</unique>
<dataType>DATETIME</dataType>
<columnType>DIMENSION</columnType>
<hidden>false</hidden>
<editable>true</editable>
</column>
<column>
<name>DATAOBJECT_MODIFIED</name>
<id>6412a4012397455d818eba3824c1c8d3</id>
<internal>false</internal>
<useHive>false</useHive>
<systemManaged>false</systemManaged>
<isEditable>true</isEditable>
<nullable>false</nullable>
<unique>false</unique>
<dataType>DATETIME</dataType>
<columnType>DIMENSION</columnType>
<hidden>false</hidden>
<editable>true</editable>
</column>
<column>
<name>MODEL_ID</name>
<id>045a9cae10d544d48aa6d43bc8067eec</id>
<displayName>MODEL ID</displayName>
<internal>false</internal>
<useHive>false</useHive>
<systemManaged>false</systemManaged>
<isEditable>true</isEditable>
<length>256</length>
<nullable>false</nullable>
<unique>true</unique>
<dataType>VARCHAR</dataType>
<columnType>ATTRIBUTE</columnType>
<hidden>false</hidden>
<editable>true</editable>
</column>
<column>
<name>MODEL_NAME</name>
<id>141105c3b30e4e7f9982523bfeb03080</id>
<displayName>MODEL NAME</displayName>
<internal>false</internal>
<useHive>false</useHive>
<systemManaged>false</systemManaged>
<isEditable>true</isEditable>
<length>1000</length>
<nullable>false</nullable>
<unique>false</unique>
<dataType>VARCHAR</dataType>
<columnType>DIMENSION</columnType>
<hidden>false</hidden>
<editable>true</editable>
</column>
<column>
<name>MODEL_DESCRIPTION</name>
<id>708c1c1817974c0cb397df0539371dd5</id>
<displayName>MODEL DESCRIPTION</displayName>
<internal>false</internal>
<useHive>false</useHive>
<systemManaged>false</systemManaged>
<isEditable>true</isEditable>
<length>2000</length>
<nullable>true</nullable>
<unique>false</unique>
<dataType>VARCHAR</dataType>
<columnType>ATTRIBUTE</columnType>
<hidden>false</hidden>
<editable>true</editable>
</column>
</columns>
<indexes/>
<hierarchies/>
</ns0:simpleDataObject>