<?xml version = '1.0' encoding = 'UTF-8'?>
<ns0:businessQuery xmlns:ns0="http://xmlns.oracle.com/bam/bam12">
<name>CurrentRace</name>
<id>/project/Anki/businessquery/CurrentRace</id>
<displayName>CurrentRace</displayName>
<internal>false</internal>
<useHive>false</useHive>
<systemManaged>false</systemManaged>
<createdDate>2016-10-25T06:03:20.34-04:00</createdDate>
<modifiedDate>2016-10-25T10:38:26.578-04:00</modifiedDate>
<createdBy>weblogic</createdBy>
<modifiedBy>weblogic</modifiedBy>
<type>FLAT</type>
<projectName>Anki</projectName>
<dataObjectName>race</dataObjectName>
<selectedFields>
<field>RACEID</field>
</selectedFields>
<dataSeries/>
<labelSeries/>
<groups/>
<timeGroupings>
<entries/>
</timeGroupings>
<calculatedFields/>
<runtimeFilter>
<name>runtimeFilter</name>
<type>ALL</type>
<branches/>
<entries/>
<none>false</none>
</runtimeFilter>
<internalFilter>
<name>internalFilter</name>
<type>ALL</type>
<branches/>
<entries/>
<none>false</none>
</internalFilter>
<groupFilter>
<name>groupFilter</name>
<type>ALL</type>
<branches/>
<entries/>
<none>false</none>
</groupFilter>
<topN>1</topN>
<topNEnabled>true</topNEnabled>
<opaque>false</opaque>
<opaqueSqlType>oracle</opaqueSqlType>
<opaqueSql>SELECT DISTINCT(RACEID) FROM ( SELECT BEAM_ID AS BEAM_ID, RACEID AS RACEID FROM BEAM_VIEW_55 )</opaqueSql>
<dataSourceName>BamDataSource</dataSourceName>
<virtualDO>
<name>VDO0F40C0FB02030B08050F10F8080B0F30F40F80F5</name>
<id>/dataobject/VDO0F40C0FB02030B08050F10F8080B0F30F40F80F5</id>
<displayName>VDO0F40C0FB02030B08050F10F8080B0F30F40F80F5</displayName>
<internal>true</internal>
<useHive>false</useHive>
<systemManaged>false</systemManaged>
<flexTableConfigured>false</flexTableConfigured>
<calculatedFields/>
<timeHierarchies/>
<columns>
<name>RACEID</name>
<displayName>RACEID</displayName>
<internal>false</internal>
<useHive>false</useHive>
<systemManaged>false</systemManaged>
<isEditable>true</isEditable>
<dataType>DECIMAL</dataType>
</columns>
</virtualDO>
<sorts>
<entries/>
</sorts>
</ns0:businessQuery>