<?xml version = '1.0' encoding = 'UTF-8'?>
<ns0:derivedDataObject xmlns:ns0="http://xmlns.oracle.com/bam/bam12">
<name>MissingEventOutputDDO</name>
<id>/dataobject/MissingEventOutputDDO</id>
<displayName>/oracle/writeback/MissingEventOutputDDO</displayName>
<internal>false</internal>
<useHive>false</useHive>
<systemManaged>false</systemManaged>
<createdDate>2016-09-28T11:31:19.634-04:00</createdDate>
<modifiedDate>2016-09-28T11:31:19.634-04:00</modifiedDate>
<createdBy>OracleSystemUser</createdBy>
<modifiedBy>OracleSystemUser</modifiedBy>
<flexTableConfigured>true</flexTableConfigured>
<calculatedFields/>
<timeHierarchies/>
<cqType>RELATION</cqType>
<cqArchived>true</cqArchived>
<cqSource>jms:topic/oracle.beam.server.event.dataobject</cqSource>
<cqStampType>SYSTEM</cqStampType>
<slowChangingDimension>false</slowChangingDimension>
<physicalName>BEAM_VIEW_35</physicalName>
<eventId>BEAM_ID</eventId>
<replayAmount>0</replayAmount>
<hidden>false</hidden>
<columns>
<column>
<name>MeasureDecimal1</name>
<id>ff1621ddd36d4bf9b9e55b9851d323d0</id>
<displayName>MeasureDecimal1</displayName>
<internal>false</internal>
<useHive>false</useHive>
<systemManaged>false</systemManaged>
<isEditable>true</isEditable>
<length>2000</length>
<nullable>true</nullable>
<unique>false</unique>
<precision>38</precision>
<scale>10</scale>
<dataType>DECIMAL</dataType>
<columnType>MEASURE</columnType>
<hidden>false</hidden>
<editable>true</editable>
</column>
<column>
<name>MeasureDecimal2</name>
<id>e195c1b7be8844ed9b588e9090f1ee56</id>
<displayName>MeasureDecimal2</displayName>
<internal>false</internal>
<useHive>false</useHive>
<systemManaged>false</systemManaged>
<isEditable>true</isEditable>
<length>2000</length>
<nullable>true</nullable>
<unique>false</unique>
<precision>38</precision>
<scale>10</scale>
<dataType>DECIMAL</dataType>
<columnType>MEASURE</columnType>
<hidden>false</hidden>
<editable>true</editable>
</column>
<column>
<name>MeasureInteger1</name>
<id>7869b3c7216a49028092d334e2856f72</id>
<displayName>MeasureInteger1</displayName>
<internal>false</internal>
<useHive>false</useHive>
<systemManaged>false</systemManaged>
<isEditable>true</isEditable>
<length>2000</length>
<nullable>true</nullable>
<unique>false</unique>
<precision>38</precision>
<scale>10</scale>
<dataType>INT</dataType>
<columnType>MEASURE</columnType>
<hidden>false</hidden>
<editable>true</editable>
</column>
<column>
<name>MeasureInteger2</name>
<id>3923c68b889d4debb42a7688b6124f1d</id>
<displayName>MeasureInteger2</displayName>
<internal>false</internal>
<useHive>false</useHive>
<systemManaged>false</systemManaged>
<isEditable>true</isEditable>
<length>2000</length>
<nullable>true</nullable>
<unique>false</unique>
<precision>38</precision>
<scale>10</scale>
<dataType>INT</dataType>
<columnType>MEASURE</columnType>
<hidden>false</hidden>
<editable>true</editable>
</column>
<column>
<name>MeasureString1</name>
<id>67dbd83b6b4140c18687b6c115889cf0</id>
<displayName>MeasureString1</displayName>
<internal>false</internal>
<useHive>false</useHive>
<systemManaged>false</systemManaged>
<isEditable>true</isEditable>
<length>2000</length>
<nullable>true</nullable>
<unique>false</unique>
<precision>38</precision>
<scale>10</scale>
<dataType>VARCHAR</dataType>
<columnType>MEASURE</columnType>
<hidden>false</hidden>
<editable>true</editable>
</column>
<column>
<name>MeasureString2</name>
<id>e8b10c17d4ef467f93482633a2cd9e2f</id>
<displayName>MeasureString2</displayName>
<internal>false</internal>
<useHive>false</useHive>
<systemManaged>false</systemManaged>
<isEditable>true</isEditable>
<length>2000</length>
<nullable>true</nullable>
<unique>false</unique>
<precision>38</precision>
<scale>10</scale>
<dataType>VARCHAR</dataType>
<columnType>MEASURE</columnType>
<hidden>false</hidden>
<editable>true</editable>
</column>
<column>
<name>PatternFieldDecimal1</name>
<id>64d63428d0754a25bc90b323b5ebc947</id>
<displayName>PatternFieldDecimal1</displayName>
<internal>false</internal>
<useHive>false</useHive>
<systemManaged>false</systemManaged>
<isEditable>true</isEditable>
<length>2000</length>
<nullable>true</nullable>
<unique>false</unique>
<precision>38</precision>
<scale>10</scale>
<dataType>DECIMAL</dataType>
<columnType>MEASURE</columnType>
<hidden>false</hidden>
<editable>true</editable>
</column>
<column>
<name>PatternFieldDecimal2</name>
<id>f44281d356474f3a9761fe2d4b0f3e73</id>
<displayName>PatternFieldDecimal2</displayName>
<internal>false</internal>
<useHive>false</useHive>
<systemManaged>false</systemManaged>
<isEditable>true</isEditable>
<length>2000</length>
<nullable>true</nullable>
<unique>false</unique>
<precision>38</precision>
<scale>10</scale>
<dataType>DECIMAL</dataType>
<columnType>MEASURE</columnType>
<hidden>false</hidden>
<editable>true</editable>
</column>
<column>
<name>PatternFieldDecimal3</name>
<id>075cf9bdffac46869e45261bab5b827e</id>
<displayName>PatternFieldDecimal3</displayName>
<internal>false</internal>
<useHive>false</useHive>
<systemManaged>false</systemManaged>
<isEditable>true</isEditable>
<length>2000</length>
<nullable>true</nullable>
<unique>false</unique>
<precision>38</precision>
<scale>10</scale>
<dataType>DECIMAL</dataType>
<columnType>MEASURE</columnType>
<hidden>false</hidden>
<editable>true</editable>
</column>
<column>
<name>PatternFieldInteger1</name>
<id>ba06ffc6dc9049a88c7b0b05718ddc10</id>
<displayName>PatternFieldInteger1</displayName>
<internal>false</internal>
<useHive>false</useHive>
<systemManaged>false</systemManaged>
<isEditable>true</isEditable>
<length>2000</length>
<nullable>true</nullable>
<unique>false</unique>
<precision>38</precision>
<scale>10</scale>
<dataType>INT</dataType>
<columnType>MEASURE</columnType>
<hidden>false</hidden>
<editable>true</editable>
</column>
<column>
<name>PatternFieldInteger2</name>
<id>b226e77beb5444449441c75bd936177b</id>
<displayName>PatternFieldInteger2</displayName>
<internal>false</internal>
<useHive>false</useHive>
<systemManaged>false</systemManaged>
<isEditable>true</isEditable>
<length>2000</length>
<nullable>true</nullable>
<unique>false</unique>
<precision>38</precision>
<scale>10</scale>
<dataType>INT</dataType>
<columnType>MEASURE</columnType>
<hidden>false</hidden>
<editable>true</editable>
</column>
<column>
<name>PatternFieldInteger3</name>
<id>0dd126527db74f70a8501a74f5d5c44d</id>
<displayName>PatternFieldInteger3</displayName>
<internal>false</internal>
<useHive>false</useHive>
<systemManaged>false</systemManaged>
<isEditable>true</isEditable>
<length>2000</length>
<nullable>true</nullable>
<unique>false</unique>
<precision>38</precision>
<scale>10</scale>
<dataType>INT</dataType>
<columnType>MEASURE</columnType>
<hidden>false</hidden>
<editable>true</editable>
</column>
<column>
<name>PatternFieldString1</name>
<id>7bdeb6c27c8741b7909a48df814fa4e1</id>
<displayName>PatternFieldString1</displayName>
<internal>false</internal>
<useHive>false</useHive>
<systemManaged>false</systemManaged>
<isEditable>true</isEditable>
<length>2000</length>
<nullable>true</nullable>
<unique>false</unique>
<precision>38</precision>
<scale>10</scale>
<dataType>VARCHAR</dataType>
<columnType>MEASURE</columnType>
<hidden>false</hidden>
<editable>true</editable>
</column>
<column>
<name>PatternFieldString2</name>
<id>aeb9e166086c4917b29b899004205c64</id>
<displayName>PatternFieldString2</displayName>
<internal>false</internal>
<useHive>false</useHive>
<systemManaged>false</systemManaged>
<isEditable>true</isEditable>
<length>2000</length>
<nullable>true</nullable>
<unique>false</unique>
<precision>38</precision>
<scale>10</scale>
<dataType>VARCHAR</dataType>
<columnType>MEASURE</columnType>
<hidden>false</hidden>
<editable>true</editable>
</column>
<column>
<name>PatternFieldString3</name>
<id>a7ffd0690ca4495fb0efd99a3f7e1471</id>
<displayName>PatternFieldString3</displayName>
<internal>false</internal>
<useHive>false</useHive>
<systemManaged>false</systemManaged>
<isEditable>true</isEditable>
<length>2000</length>
<nullable>true</nullable>
<unique>false</unique>
<precision>38</precision>
<scale>10</scale>
<dataType>VARCHAR</dataType>
<columnType>MEASURE</columnType>
<hidden>false</hidden>
<editable>true</editable>
</column>
</columns>
<indexes/>
<hierarchies/>
<flexLimitation>
<totalDecimals>25</totalDecimals>
<totalStrings>25</totalStrings>
<totalIntegers>25</totalIntegers>
<totalFloats>25</totalFloats>
<totalDates>10</totalDates>
<totalLongStrings>25</totalLongStrings>
</flexLimitation>
<parent type="dataObjectRef">BasedWriteBackDO</parent>
</ns0:derivedDataObject>