<?xml version = '1.0' encoding = 'UTF-8'?>
<ns0:derivedDataObject xmlns:ns0="http://xmlns.oracle.com/bam/bam12">
<name>MovAggrOutputDDO</name>
<id>/dataobject/MovAggrOutputDDO</id>
<displayName>/oracle/writeback/MovAggrOutputDDO</displayName>
<internal>false</internal>
<useHive>false</useHive>
<systemManaged>false</systemManaged>
<createdDate>2016-09-28T11:31:21.074-04:00</createdDate>
<modifiedDate>2016-09-28T11:31:21.074-04:00</modifiedDate>
<createdBy>OracleSystemUser</createdBy>
<modifiedBy>OracleSystemUser</modifiedBy>
<flexTableConfigured>true</flexTableConfigured>
<calculatedFields/>
<timeHierarchies/>
<cqType>RELATION</cqType>
<cqArchived>true</cqArchived>
<cqSource>jms:topic/oracle.beam.server.event.dataobject</cqSource>
<cqStampType>SYSTEM</cqStampType>
<slowChangingDimension>false</slowChangingDimension>
<physicalName>BEAM_VIEW_39</physicalName>
<eventId>BEAM_ID</eventId>
<replayAmount>0</replayAmount>
<hidden>false</hidden>
<columns>
<column>
<name>AggregationValue1</name>
<id>54b41e879b4241d9b26c5e53a1b59c6e</id>
<displayName>AggregationValue1</displayName>
<internal>false</internal>
<useHive>false</useHive>
<systemManaged>false</systemManaged>
<isEditable>true</isEditable>
<length>2000</length>
<nullable>true</nullable>
<unique>false</unique>
<precision>38</precision>
<scale>10</scale>
<dataType>DECIMAL</dataType>
<columnType>MEASURE</columnType>
<hidden>false</hidden>
<editable>true</editable>
</column>
<column>
<name>AggregationValue2</name>
<id>1675ac797bdd45458330980fb15d8dbc</id>
<displayName>AggregationValue2</displayName>
<internal>false</internal>
<useHive>false</useHive>
<systemManaged>false</systemManaged>
<isEditable>true</isEditable>
<length>2000</length>
<nullable>true</nullable>
<unique>false</unique>
<precision>38</precision>
<scale>10</scale>
<dataType>DECIMAL</dataType>
<columnType>MEASURE</columnType>
<hidden>false</hidden>
<editable>true</editable>
</column>
<column>
<name>AggregationValue3</name>
<id>736c8f4af82d4d8ba2a53f6ed41888af</id>
<displayName>AggregationValue3</displayName>
<internal>false</internal>
<useHive>false</useHive>
<systemManaged>false</systemManaged>
<isEditable>true</isEditable>
<length>2000</length>
<nullable>true</nullable>
<unique>false</unique>
<precision>38</precision>
<scale>10</scale>
<dataType>DECIMAL</dataType>
<columnType>MEASURE</columnType>
<hidden>false</hidden>
<editable>true</editable>
</column>
<column>
<name>AggregationValue4</name>
<id>516378e738e74b9e9271d69dcaf34018</id>
<displayName>AggregationValue4</displayName>
<internal>false</internal>
<useHive>false</useHive>
<systemManaged>false</systemManaged>
<isEditable>true</isEditable>
<length>2000</length>
<nullable>true</nullable>
<unique>false</unique>
<precision>38</precision>
<scale>10</scale>
<dataType>DECIMAL</dataType>
<columnType>MEASURE</columnType>
<hidden>false</hidden>
<editable>true</editable>
</column>
<column>
<name>AggregationValue5</name>
<id>7959a74651974c1e8ee31328f8934b26</id>
<displayName>AggregationValue5</displayName>
<internal>false</internal>
<useHive>false</useHive>
<systemManaged>false</systemManaged>
<isEditable>true</isEditable>
<length>2000</length>
<nullable>true</nullable>
<unique>false</unique>
<precision>38</precision>
<scale>10</scale>
<dataType>DECIMAL</dataType>
<columnType>MEASURE</columnType>
<hidden>false</hidden>
<editable>true</editable>
</column>
</columns>
<indexes/>
<hierarchies/>
<flexLimitation>
<totalDecimals>25</totalDecimals>
<totalStrings>25</totalStrings>
<totalIntegers>25</totalIntegers>
<totalFloats>25</totalFloats>
<totalDates>10</totalDates>
<totalLongStrings>25</totalLongStrings>
</flexLimitation>
<parent type="dataObjectRef">BasedWriteBackDO</parent>
</ns0:derivedDataObject>