<?xml version = '1.0' encoding = 'UTF-8'?>
<ns0:businessQuery xmlns:ns0="http://xmlns.oracle.com/bam/bam12">
<name>Speed_Avg_per_Lap</name>
<id>/project/Anki/businessquery/Speed_Avg_per_Lap</id>
<displayName>Speed_Avg_per_Lap</displayName>
<internal>false</internal>
<useHive>false</useHive>
<systemManaged>false</systemManaged>
<createdDate>2016-10-13T09:18:20.026-04:00</createdDate>
<modifiedDate>2016-10-25T05:30:14.92-04:00</modifiedDate>
<createdBy>weblogic</createdBy>
<modifiedBy>weblogic</modifiedBy>
<type>GROUP</type>
<projectName>Anki</projectName>
<dataObjectName>VDO0A0FB070F00FA0FC0F10D0FF030FE0D0F70FF050FF</dataObjectName>
<selectedFields/>
<dataSeries>
<series>AVG(AVGSPEED)</series>
</dataSeries>
<labelSeries>
<legend>CARNAME</legend>
</labelSeries>
<groups>
<group>LAP</group>
</groups>
<timeGroupings>
<entries/>
</timeGroupings>
<calculatedFields/>
<runtimeFilter>
<name>runtimeFilter</name>
<type>ALL</type>
<branches/>
<entries/>
<none>false</none>
</runtimeFilter>
<internalFilter>
<name>internalFilter</name>
<type>ALL</type>
<branches/>
<entries/>
<none>false</none>
</internalFilter>
<groupFilter>
<name>groupFilter</name>
<type>ALL</type>
<branches/>
<entries/>
<none>false</none>
</groupFilter>
<topN>0</topN>
<topNEnabled>false</topNEnabled>
<opaque>true</opaque>
<opaqueSqlType>oracle</opaqueSqlType>
<opaqueSql>SELECT * FROM ( SELECT RACEID AS RACEID, EVENTTIME AS EVENTTIME, LAP AS LAP, CARNAME AS CARNAME, AVG(SPEED) AS AVGSPEED  FROM BEAM_VIEW_54 WHERE  ( 1 = 1 )  GROUP BY RACEID, EVENTTIME, LAP, CARNAME ORDER BY EVENTTIME ASC, LAP ASC , CARNAME ASC  ) WHERE ROWNUM &lt;= 10240 </opaqueSql>
<dataSourceName>BamDataSource</dataSourceName>
<virtualDO>
<name>VDO0A0FB070F00FA0FC0F10D0FF030FE0D0F70FF050FF</name>
<id>/dataobject/VDO0A0FB070F00FA0FC0F10D0FF030FE0D0F70FF050FF</id>
<displayName>VDO0A0FB070F00FA0FC0F10D0FF030FE0D0F70FF050FF</displayName>
<internal>true</internal>
<useHive>false</useHive>
<systemManaged>false</systemManaged>
<flexTableConfigured>false</flexTableConfigured>
<calculatedFields/>
<timeHierarchies/>
<columns>
<name>RACEID</name>
<displayName>RACEID</displayName>
<internal>false</internal>
<useHive>false</useHive>
<systemManaged>false</systemManaged>
<isEditable>true</isEditable>
<dataType>DECIMAL</dataType>
</columns>
<columns>
<name>EVENTTIME</name>
<displayName>EVENTTIME</displayName>
<internal>false</internal>
<useHive>false</useHive>
<systemManaged>false</systemManaged>
<isEditable>true</isEditable>
<dataType>DATETIME</dataType>
</columns>
<columns>
<name>LAP</name>
<displayName>LAP</displayName>
<internal>false</internal>
<useHive>false</useHive>
<systemManaged>false</systemManaged>
<isEditable>true</isEditable>
<dataType>DECIMAL</dataType>
</columns>
<columns>
<name>CARNAME</name>
<displayName>CARNAME</displayName>
<internal>false</internal>
<useHive>false</useHive>
<systemManaged>false</systemManaged>
<isEditable>true</isEditable>
<dataType>VARCHAR</dataType>
</columns>
<columns>
<name>AVGSPEED</name>
<displayName>AVGSPEED</displayName>
<internal>false</internal>
<useHive>false</useHive>
<systemManaged>false</systemManaged>
<isEditable>true</isEditable>
<dataType>DECIMAL</dataType>
</columns>
</virtualDO>
<sorts>
<entries/>
</sorts>
</ns0:businessQuery>