<?xml version = '1.0' encoding = 'UTF-8'?>
<ns0:simpleDataObject xmlns:ns0="http://xmlns.oracle.com/bam/bam12">
<name>ORACLE_PROCESSANALYTICS_PARAMETER_LABELS</name>
<id>/dataobject/ORACLE_PROCESSANALYTICS_PARAMETER_LABELS</id>
<displayName>/oracle/processanalytics/internal/physical/Parameter Labels</displayName>
<description>Parameter labels for Dashboards.</description>
<internal>false</internal>
<useHive>false</useHive>
<systemManaged>false</systemManaged>
<createdDate>2016-09-28T11:30:24.07-04:00</createdDate>
<modifiedDate>2016-09-28T11:30:24.07-04:00</modifiedDate>
<createdBy>OracleSystemUser</createdBy>
<modifiedBy>OracleSystemUser</modifiedBy>
<flexTableConfigured>true</flexTableConfigured>
<calculatedFields/>
<timeHierarchies/>
<cqType>RELATION</cqType>
<cqArchived>true</cqArchived>
<cqSource>jms:topic/oracle.beam.server.event.dataobject</cqSource>
<cqStampType>SYSTEM</cqStampType>
<slowChangingDimension>false</slowChangingDimension>
<physicalName>BEAM_VIEW_22</physicalName>
<eventId>BEAM_ID</eventId>
<replayAmount>0</replayAmount>
<hidden>false</hidden>
<columns>
<column>
<name>BEAM_ID</name>
<id>59919ddb0be14e0b877f77966c2045ea</id>
<displayName>BEAM_ID</displayName>
<internal>false</internal>
<useHive>false</useHive>
<systemManaged>false</systemManaged>
<isEditable>true</isEditable>
<length>100</length>
<nullable>false</nullable>
<unique>false</unique>
<precision>38</precision>
<scale>10</scale>
<dataType>INT</dataType>
<columnType>ATTRIBUTE</columnType>
<hidden>false</hidden>
<editable>false</editable>
</column>
<column>
<name>DATAOBJECT_CREATED</name>
<id>45e899399dee44ccb66969256015fde2</id>
<displayName>DATAOBJECT_CREATED</displayName>
<internal>false</internal>
<useHive>false</useHive>
<systemManaged>false</systemManaged>
<isEditable>true</isEditable>
<length>100</length>
<nullable>false</nullable>
<unique>false</unique>
<precision>38</precision>
<scale>10</scale>
<dataType>DATETIME</dataType>
<columnType>DIMENSION</columnType>
<hidden>false</hidden>
<editable>false</editable>
</column>
<column>
<name>DATAOBJECT_MODIFIED</name>
<id>d5240a21bd3149b28dea314a517a45a1</id>
<displayName>DATAOBJECT_MODIFIED</displayName>
<internal>false</internal>
<useHive>false</useHive>
<systemManaged>false</systemManaged>
<isEditable>true</isEditable>
<length>100</length>
<nullable>false</nullable>
<unique>false</unique>
<precision>38</precision>
<scale>10</scale>
<dataType>DATETIME</dataType>
<columnType>DIMENSION</columnType>
<hidden>false</hidden>
<editable>false</editable>
</column>
<column>
<name>IS_GROUP</name>
<id>c4a8bb0fbd1a40b6a823d49fa2a91b64</id>
<displayName>Labels for IsGroup</displayName>
<internal>false</internal>
<useHive>false</useHive>
<systemManaged>false</systemManaged>
<isEditable>true</isEditable>
<length>100</length>
<nullable>true</nullable>
<unique>false</unique>
<precision>38</precision>
<scale>10</scale>
<dataType>VARCHAR</dataType>
<columnType>ATTRIBUTE</columnType>
<hidden>false</hidden>
<editable>false</editable>
</column>
</columns>
<indexes/>
<hierarchies/>
<flexLimitation>
<totalDecimals>0</totalDecimals>
<totalStrings>15</totalStrings>
<totalIntegers>0</totalIntegers>
<totalFloats>0</totalFloats>
<totalDates>0</totalDates>
<totalLongStrings>0</totalLongStrings>
</flexLimitation>
</ns0:simpleDataObject>