<?xml version = '1.0' encoding = 'UTF-8'?>
<ns0:simpleDataObject xmlns:ns0="http://xmlns.oracle.com/bam/bam12">
<name>INSIGHT_BASE_METRICS</name>
<id>/dataobject/INSIGHT_BASE_METRICS</id>
<displayName>oracle/insight/internal/Insight base metrics</displayName>
<internal>false</internal>
<useHive>false</useHive>
<systemManaged>false</systemManaged>
<createdDate>2016-09-28T11:31:23.804-04:00</createdDate>
<modifiedDate>2016-09-28T11:31:23.804-04:00</modifiedDate>
<createdBy>OracleSystemUser</createdBy>
<modifiedBy>OracleSystemUser</modifiedBy>
<alias>OII_BASE_METRICS_A</alias>
<flexTableConfigured>true</flexTableConfigured>
<calculatedFields/>
<timeHierarchies/>
<cqType>RELATION</cqType>
<cqArchived>true</cqArchived>
<cqSource>jms:topic/oracle.beam.server.event.dataobject</cqSource>
<cqStampType>SYSTEM</cqStampType>
<slowChangingDimension>false</slowChangingDimension>
<physicalName>BEAM_VIEW_44</physicalName>
<eventId>BEAM_ID</eventId>
<replayAmount>0</replayAmount>
<hidden>false</hidden>
<columns>
<column>
<name>BEAM_ID</name>
<id>f8926f2f0a424cb2aee7e73f74a74007</id>
<displayName>BEAM_ID</displayName>
<internal>false</internal>
<useHive>false</useHive>
<systemManaged>false</systemManaged>
<isEditable>true</isEditable>
<nullable>false</nullable>
<unique>false</unique>
<dataType>INT</dataType>
<columnType>ATTRIBUTE</columnType>
<hidden>false</hidden>
<editable>false</editable>
</column>
<column>
<name>DATAOBJECT_CREATED</name>
<id>2328c93b7c0e4e8384490bd2794c1d2d</id>
<displayName>DATAOBJECT_CREATED</displayName>
<internal>false</internal>
<useHive>false</useHive>
<systemManaged>false</systemManaged>
<isEditable>true</isEditable>
<nullable>false</nullable>
<unique>false</unique>
<dataType>DATETIME</dataType>
<columnType>DIMENSION</columnType>
<hidden>false</hidden>
<editable>false</editable>
</column>
<column>
<name>DATAOBJECT_MODIFIED</name>
<id>318847d95643493b94be7f988747c3ca</id>
<displayName>DATAOBJECT_MODIFIED</displayName>
<internal>false</internal>
<useHive>false</useHive>
<systemManaged>false</systemManaged>
<isEditable>true</isEditable>
<nullable>false</nullable>
<unique>false</unique>
<dataType>DATETIME</dataType>
<columnType>DIMENSION</columnType>
<hidden>false</hidden>
<editable>false</editable>
</column>
<column>
<name>EVENT_ID</name>
<id>2205771280e64bf5ac2ae92a2fffbd09</id>
<displayName>EVENT ID</displayName>
<internal>false</internal>
<useHive>false</useHive>
<systemManaged>false</systemManaged>
<isEditable>true</isEditable>
<nullable>false</nullable>
<unique>true</unique>
<dataType>INT</dataType>
<columnType>ATTRIBUTE</columnType>
<hidden>false</hidden>
<editable>false</editable>
</column>
<column>
<name>FLOW_CORRELATION_ID</name>
<id>933e79c0925a4ffaae1121ce70d868d0</id>
<displayName>FLOW CORRELATION ID</displayName>
<internal>false</internal>
<useHive>false</useHive>
<systemManaged>false</systemManaged>
<isEditable>true</isEditable>
<length>256</length>
<nullable>false</nullable>
<unique>false</unique>
<dataType>VARCHAR</dataType>
<columnType>ATTRIBUTE</columnType>
<hidden>false</hidden>
<editable>false</editable>
</column>
<column>
<name>BUSINESS_MODEL_ID</name>
<id>266f4da6aaef454f811d66796b5795c8</id>
<displayName>BUSINESS MODEL ID</displayName>
<internal>false</internal>
<useHive>false</useHive>
<systemManaged>false</systemManaged>
<isEditable>true</isEditable>
<length>256</length>
<nullable>false</nullable>
<unique>false</unique>
<dataType>VARCHAR</dataType>
<columnType>ATTRIBUTE</columnType>
<hidden>false</hidden>
<editable>false</editable>
</column>
<column>
<name>MILESTONE_ID</name>
<id>cd39fab17fea4c98b66d6882bee1e730</id>
<displayName>MILESTONE ID</displayName>
<internal>false</internal>
<useHive>false</useHive>
<systemManaged>false</systemManaged>
<isEditable>true</isEditable>
<length>256</length>
<nullable>true</nullable>
<unique>false</unique>
<dataType>VARCHAR</dataType>
<columnType>ATTRIBUTE</columnType>
<hidden>false</hidden>
<editable>false</editable>
</column>
<column>
<name>EXECUTION_TIME</name>
<id>dd337ce76ca34c26bd84119d396f2572</id>
<displayName>EXECUTION TIME</displayName>
<internal>false</internal>
<useHive>false</useHive>
<systemManaged>false</systemManaged>
<isEditable>true</isEditable>
<nullable>false</nullable>
<unique>false</unique>
<dataType>DATETIME</dataType>
<columnType>DIMENSION</columnType>
<hidden>false</hidden>
<editable>false</editable>
</column>
<column>
<name>IDENTIFIER</name>
<id>5c91cd0daade426e825062697885da56</id>
<displayName>Identifier</displayName>
<internal>false</internal>
<useHive>false</useHive>
<systemManaged>false</systemManaged>
<isEditable>true</isEditable>
<length>1000</length>
<nullable>false</nullable>
<unique>false</unique>
<dataType>VARCHAR</dataType>
<columnType>ATTRIBUTE</columnType>
<hidden>false</hidden>
<editable>false</editable>
</column>
<column>
<name>CONNECTION_ID</name>
<id>4079e63c3f60421a97f49c0f45537d9b</id>
<displayName>Connection Identifier</displayName>
<internal>false</internal>
<useHive>false</useHive>
<systemManaged>false</systemManaged>
<isEditable>true</isEditable>
<length>256</length>
<nullable>true</nullable>
<unique>false</unique>
<dataType>VARCHAR</dataType>
<columnType>ATTRIBUTE</columnType>
<hidden>false</hidden>
<editable>false</editable>
</column>
</columns>
<indexes>
<index>
<name>i44_BASEMET_IDENTIFIER_IDX</name>
<id>32a4186adae24b3e905c7924fe199068</id>
<internal>false</internal>
<useHive>false</useHive>
<systemManaged>false</systemManaged>
<isEditable>true</isEditable>
<unique>false</unique>
<columns>
<columnRef>
<dataObject>INSIGHT_BASE_METRICS</dataObject>
<column>IDENTIFIER</column>
</columnRef>
</columns>
</index>
<index>
<name>i44_BASEMET_EXECTIME_IDX</name>
<id>f7a9fdf066d1414986e4161950d16204</id>
<internal>false</internal>
<useHive>false</useHive>
<systemManaged>false</systemManaged>
<isEditable>true</isEditable>
<unique>false</unique>
<columns>
<columnRef>
<dataObject>INSIGHT_BASE_METRICS</dataObject>
<column>EXECUTION_TIME</column>
</columnRef>
</columns>
</index>
<index>
<name>i44_BASEMET_MODELID_IDX</name>
<id>050b6fd9776b4afa9c0b7e91fe9fc989</id>
<internal>false</internal>
<useHive>false</useHive>
<systemManaged>false</systemManaged>
<isEditable>true</isEditable>
<unique>false</unique>
<columns>
<columnRef>
<dataObject>INSIGHT_BASE_METRICS</dataObject>
<column>BUSINESS_MODEL_ID</column>
</columnRef>
</columns>
</index>
</indexes>
<hierarchies/>
<flexLimitation>
<totalDecimals>25</totalDecimals>
<totalStrings>25</totalStrings>
<totalIntegers>25</totalIntegers>
<totalFloats>25</totalFloats>
<totalDates>10</totalDates>
<totalLongStrings>25</totalLongStrings>
</flexLimitation>
</ns0:simpleDataObject>