<?xml version = '1.0' encoding = 'UTF-8'?>
<ns0:ems xmlns:ns0="http://xmlns.oracle.com/bam/bam12">
<name>OFFTRACK</name>
<id>/ems/OFFTRACK</id>
<displayName>anki/alert/offtrack</displayName>
<internal>false</internal>
<useHive>false</useHive>
<systemManaged>false</systemManaged>
<createdDate>2016-10-09T15:03:53.792-04:00</createdDate>
<modifiedDate>2016-10-10T13:54:41.646-04:00</modifiedDate>
<createdBy>weblogic</createdBy>
<modifiedBy>weblogic</modifiedBy>
<jmsProperties>
<autoStart>true</autoStart>
<destinationName>jms/anki/alert/offtrack</destinationName>
<outboundConnectionJNDI>eis/bam/wls/Queue</outboundConnectionJNDI>
</jmsProperties>
<messageClassification>
<connectionFactoryName>jms/QueueConnectionFactory</connectionFactoryName>
<country/>
<dateTimeSpec>true</dateTimeSpec>
<destinationName>jms/demoQueue</destinationName>
<destinationTopic>false</destinationTopic>
<includePayload>true</includePayload>
<initialContextFactory>weblogic.jndi.WLInitialContextFactory</initialContextFactory>
<jmsMessageType>TextMessage</jmsMessageType>
<jmsPassword/>
<jmsUserName/>
<jndiPassword/>
<jndiServiceProviderURL>t3://localhost:7001</jndiServiceProviderURL>
<jndiUserName/>
<language/>
<logMessages>false</logMessages>
<messageSelector/>
<messageToDO>false</messageToDO>
<messageToJMS>false</messageToJMS>
<numOfThreads>1</numOfThreads>
<pattern>yyyy-MM-dd'T'HH:mm:ss'Z'</pattern>
<useThreadPool>false</useThreadPool>
<variant/>
<writeMessages>false</writeMessages>
</messageClassification>
<dataInformation>
<dataObjectName>offtrack</dataObjectName>
<errorDataObjectName/>
<errorDataObjectField/>
<operation>INSERT</operation>
<mappedDataObject>
<mappedField>
<displayName>DEMOZONE</displayName>
<key>false</key>
<name>demozone</name>
<type>VARCHAR</type>
</mappedField>
<mappedField>
<displayName>RACESTATUS</displayName>
<key>false</key>
<name>racestatus</name>
<type>VARCHAR</type>
</mappedField>
<mappedField>
<displayName>EVENTTIME</displayName>
<key>false</key>
<name>eventtime</name>
<type>DATETIME</type>
</mappedField>
<mappedField>
<displayName>CARNAME</displayName>
<key>false</key>
<name>carname</name>
<type>VARCHAR</type>
</mappedField>
<mappedField>
<displayName>RACEID</displayName>
<key>false</key>
<name>raceid</name>
<type>INT</type>
</mappedField>
<mappedField>
<displayName>LAP</displayName>
<key>false</key>
<name>lap</name>
<type>INT</type>
</mappedField>
<mappedField>
<displayName>MESSAGE</displayName>
<key>false</key>
<name>message</name>
<type>VARCHAR</type>
</mappedField>
<mappedField>
<displayName>LASTKNOWNTRACK</displayName>
<key>false</key>
<name>lastknowntrack</name>
<type>INT</type>
</mappedField>
</mappedDataObject>
<selfDescribedFormat>false</selfDescribedFormat>
<persistedFormat>false</persistedFormat>
</dataInformation>
<messageFormatting>
<messageBatching>true</messageBatching>
<xmlBatchEle>events</xmlBatchEle>
<xmlBatchEleNS>anki:alert:offtrack</xmlBatchEleNS>
<xmlColType>TAG</xmlColType>
<xmlMsgEle>event</xmlMsgEle>
<xmlMsgEleNS>anki:alert:offtrack</xmlMsgEleNS>
<xslFormatting>false</xslFormatting>
</messageFormatting>
<uiProperties>
<editMode>false</editMode>
<errorStack/>
<jcaServiceStatus>true</jcaServiceStatus>
<status>Stop</status>
</uiProperties>
</ns0:ems>