<?xml version = '1.0' encoding = 'UTF-8'?>
<ns0:logicalDataObject xmlns:ns0="http://xmlns.oracle.com/bam/bam12">
<name>ORACLE_PROCESSANALYTICS_BPM_PROCESS_SECURED</name>
<id>/dataobject/ORACLE_PROCESSANALYTICS_BPM_PROCESS_SECURED</id>
<displayName>/oracle/processanalytics/internal/BPM Process (Secured)</displayName>
<internal>false</internal>
<useHive>false</useHive>
<systemManaged>false</systemManaged>
<createdDate>2016-09-28T11:30:24.714-04:00</createdDate>
<modifiedDate>2016-09-28T11:30:24.714-04:00</modifiedDate>
<createdBy>OracleSystemUser</createdBy>
<modifiedBy>OracleSystemUser</modifiedBy>
<owner>BPM</owner>
<flexTableConfigured>true</flexTableConfigured>
<category>PROCESS</category>
<calculatedFields>
<calculatedField>
<name>PROCESS_RUNNING_TIME_IN_SEC</name>
<id>ff5f4b495d7545ec80c70a3a99dc010a</id>
<displayName>PROCESS_RUNNING_TIME_IN_SEC</displayName>
<internal>false</internal>
<useHive>false</useHive>
<systemManaged>false</systemManaged>
<isEditable>true</isEditable>
<fieldId>0</fieldId>
<expression>PROCESS_RUNNING_TIME/1000</expression>
<dataType>INT</dataType>
<valid>false</valid>
<aggregated>false</aggregated>
<supportedByCQL>true</supportedByCQL>
<hidden>false</hidden>
<columnType>ATTRIBUTE</columnType>
</calculatedField>
<calculatedField>
<name>PROCESS_RUNNING_TIME_IN_MIN</name>
<id>51bbff7a3487498293d3cf190955f1ff</id>
<displayName>PROCESS_RUNNING_TIME_IN_MIN</displayName>
<internal>false</internal>
<useHive>false</useHive>
<systemManaged>false</systemManaged>
<isEditable>true</isEditable>
<fieldId>1</fieldId>
<expression>PROCESS_RUNNING_TIME/60000</expression>
<dataType>INT</dataType>
<valid>false</valid>
<aggregated>false</aggregated>
<supportedByCQL>true</supportedByCQL>
<hidden>false</hidden>
<columnType>ATTRIBUTE</columnType>
</calculatedField>
</calculatedFields>
<timeHierarchies/>
<dataObjects>
<dataObject type="dataObjectRef">ORACLE_PROCESSANALYTICS_PROCESS</dataObject>
<dataObject type="dataObjectRef">ORACLE_PROCESSANALYTICS_COMPOSITE_DEFINITION</dataObject>
<dataObject type="dataObjectRef">ORACLE_PROCESSANALYTICS_PROCESS_DEFINITION</dataObject>
</dataObjects>
<columns>
<column>
<name>BEAM_ID</name>
<id>4a8d69d4e1cd403db7b81dd4775df72d</id>
<displayName>BEAM_ID</displayName>
<internal>false</internal>
<useHive>false</useHive>
<systemManaged>false</systemManaged>
<isEditable>true</isEditable>
<columnRef>
<dataObject>ORACLE_PROCESSANALYTICS_PROCESS</dataObject>
<column>BEAM_ID</column>
</columnRef>
<hidden>false</hidden>
<columnType>ATTRIBUTE</columnType>
</column>
<column>
<name>COMPOSITE_DEFINITION_ID</name>
<id>720be85207b1407ab6bba898a9b1024a</id>
<displayName>Composite Defintion ID</displayName>
<internal>false</internal>
<useHive>false</useHive>
<systemManaged>false</systemManaged>
<isEditable>true</isEditable>
<columnRef>
<dataObject>ORACLE_PROCESSANALYTICS_PROCESS</dataObject>
<column>COMPOSITE_DEFINITION_ID</column>
</columnRef>
<hidden>false</hidden>
<columnType>ATTRIBUTE</columnType>
</column>
<column>
<name>PROCESS_DEFINITION_ID</name>
<id>09f86ec8bdd24c98806097c765ed4c6a</id>
<displayName>Process Definition ID</displayName>
<internal>false</internal>
<useHive>false</useHive>
<systemManaged>false</systemManaged>
<isEditable>true</isEditable>
<columnRef>
<dataObject>ORACLE_PROCESSANALYTICS_PROCESS</dataObject>
<column>PROCESS_DEFINITION_ID</column>
</columnRef>
<hidden>false</hidden>
<columnType>ATTRIBUTE</columnType>
</column>
<column>
<name>COMPONENT_INSTANCE_ID</name>
<id>58e573a0e8904e29b8ce599c7142fd55</id>
<displayName>Component Instance ID</displayName>
<internal>false</internal>
<useHive>false</useHive>
<systemManaged>false</systemManaged>
<isEditable>true</isEditable>
<columnRef>
<dataObject>ORACLE_PROCESSANALYTICS_PROCESS</dataObject>
<column>COMPONENT_INSTANCE_ID</column>
</columnRef>
<hidden>false</hidden>
<columnType>ATTRIBUTE</columnType>
</column>
<column>
<name>COMPOSITE_INSTANCE_ID</name>
<id>779bd16ea1bb403386038cef0bc0a5c9</id>
<displayName>Composite Instance ID</displayName>
<internal>false</internal>
<useHive>false</useHive>
<systemManaged>false</systemManaged>
<isEditable>true</isEditable>
<columnRef>
<dataObject>ORACLE_PROCESSANALYTICS_PROCESS</dataObject>
<column>COMPOSITE_INSTANCE_ID</column>
</columnRef>
<hidden>false</hidden>
<columnType>ATTRIBUTE</columnType>
</column>
<column>
<name>PROCESS_FAULT_TYPE</name>
<id>20e1d7e23a91484f8b61e4d4d7363559</id>
<displayName>Fault Type</displayName>
<internal>false</internal>
<useHive>false</useHive>
<systemManaged>false</systemManaged>
<isEditable>true</isEditable>
<columnRef>
<dataObject>ORACLE_PROCESSANALYTICS_PROCESS</dataObject>
<column>PROCESS_FAULT_TYPE</column>
</columnRef>
<hidden>false</hidden>
<columnType>DIMENSION</columnType>
</column>
<column>
<name>PROCESS_START_TIME</name>
<id>9f360a0d39a4408aa3e861eaccf7613b</id>
<displayName>Process Start Time</displayName>
<internal>false</internal>
<useHive>false</useHive>
<systemManaged>false</systemManaged>
<isEditable>true</isEditable>
<columnRef>
<dataObject>ORACLE_PROCESSANALYTICS_PROCESS</dataObject>
<column>PROCESS_START_TIME</column>
</columnRef>
<hidden>false</hidden>
<columnType>DIMENSION</columnType>
</column>
<column>
<name>PROCESS_END_TIME</name>
<id>c657f44e5c704455831c1689974e9f5b</id>
<displayName>Process End Time</displayName>
<internal>false</internal>
<useHive>false</useHive>
<systemManaged>false</systemManaged>
<isEditable>true</isEditable>
<columnRef>
<dataObject>ORACLE_PROCESSANALYTICS_PROCESS</dataObject>
<column>PROCESS_END_TIME</column>
</columnRef>
<hidden>false</hidden>
<columnType>DIMENSION</columnType>
</column>
<column>
<name>PROCESS_LASTUPDATED_TIME</name>
<id>ccd8f90b76be4a6aa19192faa6f2a233</id>
<displayName>Last Updated Time</displayName>
<internal>false</internal>
<useHive>false</useHive>
<systemManaged>false</systemManaged>
<isEditable>true</isEditable>
<columnRef>
<dataObject>ORACLE_PROCESSANALYTICS_PROCESS</dataObject>
<column>PROCESS_LASTUPDATED_TIME</column>
</columnRef>
<hidden>false</hidden>
<columnType>ATTRIBUTE</columnType>
</column>
<column>
<name>PROCESS_RUNNING_TIME</name>
<id>3f818c1df74f4736aa149c84261b7670</id>
<displayName>Process Running Time (millisecs)</displayName>
<internal>false</internal>
<useHive>false</useHive>
<systemManaged>false</systemManaged>
<isEditable>true</isEditable>
<columnRef>
<dataObject>ORACLE_PROCESSANALYTICS_PROCESS</dataObject>
<column>PROCESS_RUNNING_TIME</column>
</columnRef>
<hidden>false</hidden>
<columnType>MEASURE</columnType>
</column>
<column>
<name>PROCESS_SUSPEND_TIME</name>
<id>36bba1a694f4423cbbc4d69ebbf3c0a2</id>
<displayName>Process Suspend Time (millisecs)</displayName>
<internal>false</internal>
<useHive>false</useHive>
<systemManaged>false</systemManaged>
<isEditable>true</isEditable>
<columnRef>
<dataObject>ORACLE_PROCESSANALYTICS_PROCESS</dataObject>
<column>PROCESS_SUSPEND_TIME</column>
</columnRef>
<hidden>false</hidden>
<columnType>MEASURE</columnType>
</column>
<column>
<name>PROCESS_INSTANCE_STATUS</name>
<id>a90c607135154b4b84a174e415603355</id>
<displayName>Process Instance Status</displayName>
<internal>false</internal>
<useHive>false</useHive>
<systemManaged>false</systemManaged>
<isEditable>true</isEditable>
<columnRef>
<dataObject>ORACLE_PROCESSANALYTICS_PROCESS</dataObject>
<column>PROCESS_INSTANCE_STATUS</column>
</columnRef>
<hidden>false</hidden>
<columnType>DIMENSION</columnType>
</column>
<column>
<name>ECID</name>
<id>1ed91c3e341545f5ac5016520e0af735</id>
<displayName>ECID</displayName>
<internal>false</internal>
<useHive>false</useHive>
<systemManaged>false</systemManaged>
<isEditable>true</isEditable>
<columnRef>
<dataObject>ORACLE_PROCESSANALYTICS_PROCESS</dataObject>
<column>ECID</column>
</columnRef>
<hidden>false</hidden>
<columnType>ATTRIBUTE</columnType>
</column>
<column>
<name>CASEID</name>
<id>c7cf7422d987475dbb3196b8e0750663</id>
<displayName>Case ID</displayName>
<internal>false</internal>
<useHive>false</useHive>
<systemManaged>false</systemManaged>
<isEditable>true</isEditable>
<columnRef>
<dataObject>ORACLE_PROCESSANALYTICS_PROCESS</dataObject>
<column>CASEID</column>
</columnRef>
<hidden>false</hidden>
<columnType>ATTRIBUTE</columnType>
</column>
<column>
<name>TENANT_ID</name>
<id>3770ec555589486c90d89140093c8ce3</id>
<displayName>Tenant ID</displayName>
<internal>false</internal>
<useHive>false</useHive>
<systemManaged>false</systemManaged>
<isEditable>true</isEditable>
<columnRef>
<dataObject>ORACLE_PROCESSANALYTICS_PROCESS</dataObject>
<column>TENANT_ID</column>
</columnRef>
<hidden>false</hidden>
<columnType>ATTRIBUTE</columnType>
</column>
<column>
<name>FLOW_ID</name>
<id>f8fbd5b7f485411b80bbbbe362aaab49</id>
<displayName>SCA Flow ID</displayName>
<internal>false</internal>
<useHive>false</useHive>
<systemManaged>false</systemManaged>
<isEditable>true</isEditable>
<columnRef>
<dataObject>ORACLE_PROCESSANALYTICS_PROCESS</dataObject>
<column>FLOW_ID</column>
</columnRef>
<hidden>false</hidden>
<columnType>ATTRIBUTE</columnType>
</column>
<column>
<name>COMPOSITE_DOMAIN_NAME</name>
<id>846559bdfd604e07b2498a5639f55145</id>
<displayName>Composite Domain Name</displayName>
<internal>false</internal>
<useHive>false</useHive>
<systemManaged>false</systemManaged>
<isEditable>true</isEditable>
<columnRef>
<dataObject>ORACLE_PROCESSANALYTICS_COMPOSITE_DEFINITION</dataObject>
<column>COMPOSITE_DOMAIN_NAME</column>
</columnRef>
<hidden>false</hidden>
<columnType>DIMENSION</columnType>
</column>
<column>
<name>COMPOSITE_NAME</name>
<id>4fd2b40262c04a3d8fae2278935c5104</id>
<displayName>Composite Name</displayName>
<internal>false</internal>
<useHive>false</useHive>
<systemManaged>false</systemManaged>
<isEditable>true</isEditable>
<columnRef>
<dataObject>ORACLE_PROCESSANALYTICS_COMPOSITE_DEFINITION</dataObject>
<column>COMPOSITE_NAME</column>
</columnRef>
<hidden>false</hidden>
<columnType>DIMENSION</columnType>
</column>
<column>
<name>COMPOSITE_REVISION</name>
<id>5076d038afc14e0eace00a8d8c3f9af2</id>
<displayName>Composite Revision</displayName>
<internal>false</internal>
<useHive>false</useHive>
<systemManaged>false</systemManaged>
<isEditable>true</isEditable>
<columnRef>
<dataObject>ORACLE_PROCESSANALYTICS_COMPOSITE_DEFINITION</dataObject>
<column>COMPOSITE_REVISION</column>
</columnRef>
<hidden>false</hidden>
<columnType>DIMENSION</columnType>
</column>
<column>
<name>COMPOSITE_SCALABEL</name>
<id>f6ef17d7a1b94cc0887aba0b551cfb85</id>
<displayName>Composite SCA Label</displayName>
<internal>false</internal>
<useHive>false</useHive>
<systemManaged>false</systemManaged>
<isEditable>true</isEditable>
<columnRef>
<dataObject>ORACLE_PROCESSANALYTICS_COMPOSITE_DEFINITION</dataObject>
<column>COMPOSITE_SCALABEL</column>
</columnRef>
<hidden>false</hidden>
<columnType>DIMENSION</columnType>
</column>
<column>
<name>COMPOSITE_DN</name>
<id>66cc9db1b2af47f1a5bfa2fa018df362</id>
<displayName>Composite DN</displayName>
<internal>false</internal>
<useHive>false</useHive>
<systemManaged>false</systemManaged>
<isEditable>true</isEditable>
<columnRef>
<dataObject>ORACLE_PROCESSANALYTICS_COMPOSITE_DEFINITION</dataObject>
<column>COMPOSITE_DN</column>
</columnRef>
<hidden>false</hidden>
<columnType>ATTRIBUTE</columnType>
</column>
<column>
<name>COMPOSITE_BACVERSION</name>
<id>f71b4304d2234d35a90d2da621c171d1</id>
<displayName>Composite BAC Version</displayName>
<internal>false</internal>
<useHive>false</useHive>
<systemManaged>false</systemManaged>
<isEditable>true</isEditable>
<columnRef>
<dataObject>ORACLE_PROCESSANALYTICS_COMPOSITE_DEFINITION</dataObject>
<column>COMPOSITE_BACVERSION</column>
</columnRef>
<hidden>false</hidden>
<columnType>ATTRIBUTE</columnType>
</column>
<column>
<name>COMPOSITE_DEPLOY_STATUS</name>
<id>89748867c9a74683ad7cd1d04935ff72</id>
<displayName>Composite Deployment Status</displayName>
<internal>false</internal>
<useHive>false</useHive>
<systemManaged>false</systemManaged>
<isEditable>true</isEditable>
<columnRef>
<dataObject>ORACLE_PROCESSANALYTICS_COMPOSITE_DEFINITION</dataObject>
<column>COMPOSITE_DEPLOY_STATUS</column>
</columnRef>
<hidden>false</hidden>
<columnType>ATTRIBUTE</columnType>
</column>
<column>
<name>COMPOSITE_DEPLOYDATE</name>
<id>70a5fefed19e4f939c34e7b1dfabb812</id>
<displayName>Composite Deploy Date</displayName>
<internal>false</internal>
<useHive>false</useHive>
<systemManaged>false</systemManaged>
<isEditable>true</isEditable>
<columnRef>
<dataObject>ORACLE_PROCESSANALYTICS_COMPOSITE_DEFINITION</dataObject>
<column>COMPOSITE_DEPLOYDATE</column>
</columnRef>
<hidden>false</hidden>
<columnType>ATTRIBUTE</columnType>
</column>
<column>
<name>COMPOSITE_UNDEPLOYDATE</name>
<id>d773a62cebf5491dae4ab311720f879a</id>
<displayName>Composite Undeploy Date</displayName>
<internal>false</internal>
<useHive>false</useHive>
<systemManaged>false</systemManaged>
<isEditable>true</isEditable>
<columnRef>
<dataObject>ORACLE_PROCESSANALYTICS_COMPOSITE_DEFINITION</dataObject>
<column>COMPOSITE_UNDEPLOYDATE</column>
</columnRef>
<hidden>false</hidden>
<columnType>ATTRIBUTE</columnType>
</column>
<column>
<name>COMPOSITE_LASTUPDATED</name>
<id>9bbb640de5014aa5a15519af74ade740</id>
<displayName>Composite Lastupdated Date</displayName>
<internal>false</internal>
<useHive>false</useHive>
<systemManaged>false</systemManaged>
<isEditable>true</isEditable>
<columnRef>
<dataObject>ORACLE_PROCESSANALYTICS_COMPOSITE_DEFINITION</dataObject>
<column>COMPOSITE_LASTUPDATED</column>
</columnRef>
<hidden>false</hidden>
<columnType>ATTRIBUTE</columnType>
</column>
<column>
<name>ANALYTICS_VIEWER_ROLE</name>
<id>3488dc7f7d9140449e24b4f7f7c7d426</id>
<displayName>Analytics Viewer Role</displayName>
<internal>false</internal>
<useHive>false</useHive>
<systemManaged>false</systemManaged>
<isEditable>true</isEditable>
<columnRef>
<dataObject>ORACLE_PROCESSANALYTICS_COMPOSITE_DEFINITION</dataObject>
<column>ANALYTICS_VIEWER_ROLE</column>
</columnRef>
<hidden>false</hidden>
<columnType>ATTRIBUTE</columnType>
</column>
<column>
<name>PROCESS_NAME</name>
<id>24490632e7d5475e9868aa11f4c23a1b</id>
<displayName>Process Name</displayName>
<internal>false</internal>
<useHive>false</useHive>
<systemManaged>false</systemManaged>
<isEditable>true</isEditable>
<columnRef>
<dataObject>ORACLE_PROCESSANALYTICS_PROCESS_DEFINITION</dataObject>
<column>PROCESS_NAME</column>
</columnRef>
<hidden>false</hidden>
<columnType>DIMENSION</columnType>
</column>
<column>
<name>PROCESS_LABEL</name>
<id>e57d5901b5664591a4a8c7c39e08f0b0</id>
<displayName>Process Display Name</displayName>
<internal>false</internal>
<useHive>false</useHive>
<systemManaged>false</systemManaged>
<isEditable>true</isEditable>
<columnRef>
<dataObject>ORACLE_PROCESSANALYTICS_PROCESS_DEFINITION</dataObject>
<column>PROCESS_LABEL</column>
</columnRef>
<hidden>false</hidden>
<columnType>DIMENSION</columnType>
</column>
<column>
<name>PROCESS_TYPE</name>
<id>8c667644745f4df3a4da94262d69ae61</id>
<displayName>Process Type</displayName>
<internal>false</internal>
<useHive>false</useHive>
<systemManaged>false</systemManaged>
<isEditable>true</isEditable>
<columnRef>
<dataObject>ORACLE_PROCESSANALYTICS_PROCESS_DEFINITION</dataObject>
<column>PROCESS_TYPE</column>
</columnRef>
<hidden>false</hidden>
<columnType>ATTRIBUTE</columnType>
</column>
<column>
<name>PROCESS_DEPLOYMENT_STATUS</name>
<id>2745602ff51c4dfb83999e90da0c5243</id>
<displayName>Process Deployment Status</displayName>
<internal>false</internal>
<useHive>false</useHive>
<systemManaged>false</systemManaged>
<isEditable>true</isEditable>
<columnRef>
<dataObject>ORACLE_PROCESSANALYTICS_PROCESS_DEFINITION</dataObject>
<column>PROCESS_DEPLOYMENT_STATUS</column>
</columnRef>
<hidden>false</hidden>
<columnType>ATTRIBUTE</columnType>
</column>
<column>
<name>PROCESS_MIGRATION_STATUS</name>
<id>2d6ceb191c0d43f6a2a9b6b9f87a13a4</id>
<displayName>Process Migration Status</displayName>
<internal>false</internal>
<useHive>false</useHive>
<systemManaged>false</systemManaged>
<isEditable>true</isEditable>
<columnRef>
<dataObject>ORACLE_PROCESSANALYTICS_PROCESS_DEFINITION</dataObject>
<column>PROCESS_MIGRATION_STATUS</column>
</columnRef>
<hidden>false</hidden>
<columnType>ATTRIBUTE</columnType>
</column>
<column>
<name>ORGUNITID</name>
<id>81d53e0d270347e4b6aef500689f3be6</id>
<displayName>Organization Unit ID</displayName>
<internal>false</internal>
<useHive>false</useHive>
<systemManaged>false</systemManaged>
<isEditable>true</isEditable>
<columnRef>
<dataObject>ORACLE_PROCESSANALYTICS_PROCESS_DEFINITION</dataObject>
<column>ORGUNITID</column>
</columnRef>
<hidden>false</hidden>
<columnType>ATTRIBUTE</columnType>
</column>
<column>
<name>PROCESS_DEPLOYDATE</name>
<id>1f93b61fca904d8ea007632972018769</id>
<displayName>Process Deploy Date</displayName>
<internal>false</internal>
<useHive>false</useHive>
<systemManaged>false</systemManaged>
<isEditable>true</isEditable>
<columnRef>
<dataObject>ORACLE_PROCESSANALYTICS_PROCESS_DEFINITION</dataObject>
<column>PROCESS_DEPLOYDATE</column>
</columnRef>
<hidden>false</hidden>
<columnType>ATTRIBUTE</columnType>
</column>
<column>
<name>PROCESS_UNDEPLOYDATE</name>
<id>efa2e92925ee4a42a4a73ed18007441c</id>
<displayName>Process Undeploy Date</displayName>
<internal>false</internal>
<useHive>false</useHive>
<systemManaged>false</systemManaged>
<isEditable>true</isEditable>
<columnRef>
<dataObject>ORACLE_PROCESSANALYTICS_PROCESS_DEFINITION</dataObject>
<column>PROCESS_UNDEPLOYDATE</column>
</columnRef>
<hidden>false</hidden>
<columnType>ATTRIBUTE</columnType>
</column>
<column>
<name>PROCESS_DEFN_LASTUPDATED</name>
<id>c0368413ced945b480dacf077a74b1d4</id>
<displayName>Process Definition Last Updated Date</displayName>
<internal>false</internal>
<useHive>false</useHive>
<systemManaged>false</systemManaged>
<isEditable>true</isEditable>
<columnRef>
<dataObject>ORACLE_PROCESSANALYTICS_PROCESS_DEFINITION</dataObject>
<column>PROCESS_DEFN_LASTUPDATED</column>
</columnRef>
<hidden>false</hidden>
<columnType>ATTRIBUTE</columnType>
</column>
<column>
<name>PROCESS_OWNER_ROLE</name>
<id>e009b8718f954434822c2c499f4496f2</id>
<displayName>Process Owner Role</displayName>
<internal>false</internal>
<useHive>false</useHive>
<systemManaged>false</systemManaged>
<isEditable>true</isEditable>
<columnRef>
<dataObject>ORACLE_PROCESSANALYTICS_PROCESS_DEFINITION</dataObject>
<column>PROCESS_OWNER_ROLE</column>
</columnRef>
<hidden>false</hidden>
<columnType>ATTRIBUTE</columnType>
</column>
<column>
<name>PROCESS_REVIEWER_ROLE</name>
<id>26ad5957fe5c44a089bf0c4a6c9fdc57</id>
<displayName>Process Reviewer Role</displayName>
<internal>false</internal>
<useHive>false</useHive>
<systemManaged>false</systemManaged>
<isEditable>true</isEditable>
<columnRef>
<dataObject>ORACLE_PROCESSANALYTICS_PROCESS_DEFINITION</dataObject>
<column>PROCESS_REVIEWER_ROLE</column>
</columnRef>
<hidden>false</hidden>
<columnType>ATTRIBUTE</columnType>
</column>
<column>
<name>PROCESS_ISPRIMARY</name>
<id>3422274627144692a3b56198864ec165</id>
<displayName>Is Primary Process</displayName>
<internal>false</internal>
<useHive>false</useHive>
<systemManaged>false</systemManaged>
<isEditable>true</isEditable>
<columnRef>
<dataObject>ORACLE_PROCESSANALYTICS_PROCESS_DEFINITION</dataObject>
<column>PROCESS_ISPRIMARY</column>
</columnRef>
<hidden>false</hidden>
<columnType>ATTRIBUTE</columnType>
</column>
<column>
<name>CASE_DEFINITION_ID</name>
<id>b1d38d814f0a42d7b78cdad1bcf76d23</id>
<displayName>Case Definition ID</displayName>
<internal>false</internal>
<useHive>false</useHive>
<systemManaged>false</systemManaged>
<isEditable>true</isEditable>
<columnRef>
<dataObject>ORACLE_PROCESSANALYTICS_PROCESS</dataObject>
<column>CASE_DEFINITION_ID</column>
</columnRef>
<hidden>false</hidden>
<columnType>ATTRIBUTE</columnType>
</column>
<column>
<name>PROCESS_DUE_TIME</name>
<id>0e4cec0689fc494493671fa3adfef732</id>
<displayName>PROCESS_DUE_TIME</displayName>
<internal>false</internal>
<useHive>false</useHive>
<systemManaged>false</systemManaged>
<isEditable>true</isEditable>
<columnRef>
<dataObject>ORACLE_PROCESSANALYTICS_PROCESS</dataObject>
<column>PROCESS_DUE_TIME</column>
</columnRef>
<hidden>false</hidden>
<columnType>ATTRIBUTE</columnType>
</column>
<column>
<name>PROCESS_ESTIMATED_TIME</name>
<id>0fcde2a17a104f98876f2be7cf30b2cc</id>
<displayName>PROCESS_ESTIMATED_TIME</displayName>
<internal>false</internal>
<useHive>false</useHive>
<systemManaged>false</systemManaged>
<isEditable>true</isEditable>
<columnRef>
<dataObject>ORACLE_PROCESSANALYTICS_PROCESS</dataObject>
<column>PROCESS_ESTIMATED_TIME</column>
</columnRef>
<hidden>false</hidden>
<columnType>ATTRIBUTE</columnType>
</column>
<column>
<name>PROCESS_EXPIRATION_TIME</name>
<id>0028cff3e3f948da95800a6d0ed457f4</id>
<displayName>PROCESS_EXPIRATION_TIME</displayName>
<internal>false</internal>
<useHive>false</useHive>
<systemManaged>false</systemManaged>
<isEditable>true</isEditable>
<columnRef>
<dataObject>ORACLE_PROCESSANALYTICS_PROCESS</dataObject>
<column>PROCESS_EXPIRATION_TIME</column>
</columnRef>
<hidden>false</hidden>
<columnType>ATTRIBUTE</columnType>
</column>
<column>
<name>DATAOBJECT_CREATED</name>
<id>9087619bde7d4f6792f9c46d5f1207b1</id>
<displayName>DATAOBJECT_CREATED</displayName>
<internal>false</internal>
<useHive>false</useHive>
<systemManaged>false</systemManaged>
<isEditable>true</isEditable>
<columnRef>
<dataObject>ORACLE_PROCESSANALYTICS_PROCESS</dataObject>
<column>DATAOBJECT_CREATED</column>
</columnRef>
<hidden>false</hidden>
<columnType>ATTRIBUTE</columnType>
</column>
<column>
<name>DATAOBJECT_MODIFIED</name>
<id>6ecc383f73234835a807c33e076ee59f</id>
<displayName>DATAOBJECT_MODIFIED</displayName>
<internal>false</internal>
<useHive>false</useHive>
<systemManaged>false</systemManaged>
<isEditable>true</isEditable>
<columnRef>
<dataObject>ORACLE_PROCESSANALYTICS_PROCESS</dataObject>
<column>DATAOBJECT_MODIFIED</column>
</columnRef>
<hidden>false</hidden>
<columnType>ATTRIBUTE</columnType>
</column>
<column>
<name>IS_RECOVERABLE</name>
<id>026e64dbef034541aafb79e18f97d3b0</id>
<displayName>Is Recoverable</displayName>
<internal>false</internal>
<useHive>false</useHive>
<systemManaged>false</systemManaged>
<isEditable>true</isEditable>
<columnRef>
<dataObject>ORACLE_PROCESSANALYTICS_PROCESS</dataObject>
<column>IS_RECOVERABLE</column>
</columnRef>
<hidden>false</hidden>
<columnType>ATTRIBUTE</columnType>
</column>
</columns>
<hierarchies/>
<joins>
<join>
<id>2d50cf21e4f94f63973d9e6a9c64be18</id>
<internal>false</internal>
<useHive>false</useHive>
<systemManaged>false</systemManaged>
<isEditable>true</isEditable>
<leftColumns>
<column>
<dataObject>ORACLE_PROCESSANALYTICS_PROCESS</dataObject>
<column>PROCESS_DEFINITION_ID</column>
</column>
</leftColumns>
<rightColumns>
<column>
<dataObject>ORACLE_PROCESSANALYTICS_PROCESS_DEFINITION</dataObject>
<column>BEAM_ID</column>
</column>
</rightColumns>
<joinType>innerJoin</joinType>
</join>
<join>
<id>761bd5cd228d42ec96db354ea5b384b4</id>
<internal>false</internal>
<useHive>false</useHive>
<systemManaged>false</systemManaged>
<isEditable>true</isEditable>
<leftColumns>
<column>
<dataObject>ORACLE_PROCESSANALYTICS_PROCESS</dataObject>
<column>COMPOSITE_DEFINITION_ID</column>
</column>
</leftColumns>
<rightColumns>
<column>
<dataObject>ORACLE_PROCESSANALYTICS_COMPOSITE_DEFINITION</dataObject>
<column>BEAM_ID</column>
</column>
</rightColumns>
<joinType>innerJoin</joinType>
</join>
</joins>
<filter>
<type>ALL</type>
<branches/>
<entries>
<entry>
<column>PROCESS_TYPE</column>
<lhsColumn/>
<operator>EQ</operator>
<rhsValue>
<value xmlns:xsd="http://www.w3.org/2001/XMLSchema" xmlns:xsi="http://www.w3.org/2001/XMLSchema-instance" xsi:type="xsd:string">BPMN</value>
</rhsValue>
<isDateTimeLike>false</isDateTimeLike>
<dateCompareMode>DATETIME</dateCompareMode>
</entry>
<entry>
<column>PROCESS_DEPLOYMENT_STATUS</column>
<lhsColumn/>
<operator>EQ</operator>
<rhsValue>
<value xmlns:xsd="http://www.w3.org/2001/XMLSchema" xmlns:xsi="http://www.w3.org/2001/XMLSchema-instance" xsi:type="xsd:long">1</value>
</rhsValue>
<isDateTimeLike>false</isDateTimeLike>
<dateCompareMode>DATETIME</dateCompareMode>
</entry>
</entries>
<none>false</none>
</filter>
<eventIdColName>BEAM_ID</eventIdColName>
<bIncludeCFinView>false</bIncludeCFinView>
</ns0:logicalDataObject>