<?xml version = '1.0' encoding = 'UTF-8'?>
<ns0:ems xmlns:ns0="http://xmlns.oracle.com/bam/bam12">
<name>currentrace</name>
<id>/ems/currentrace</id>
<displayName>/anki/event/currentrace</displayName>
<internal>false</internal>
<useHive>false</useHive>
<systemManaged>false</systemManaged>
<createdDate>2016-10-25T10:34:20.671-04:00</createdDate>
<modifiedDate>2016-10-25T10:37:17.509-04:00</modifiedDate>
<createdBy>weblogic</createdBy>
<modifiedBy>weblogic</modifiedBy>
<jmsProperties>
<autoStart>true</autoStart>
<destinationName>jms/anki/event/currentrace</destinationName>
<outboundConnectionJNDI>eis/bam/wls/Queue</outboundConnectionJNDI>
</jmsProperties>
<messageClassification>
<connectionFactoryName>jms/QueueConnectionFactory</connectionFactoryName>
<country/>
<dateTimeSpec>false</dateTimeSpec>
<destinationName>jms/demoQueue</destinationName>
<destinationTopic>false</destinationTopic>
<includePayload>false</includePayload>
<initialContextFactory>weblogic.jndi.WLInitialContextFactory</initialContextFactory>
<jmsMessageType>TextMessage</jmsMessageType>
<jmsPassword/>
<jmsUserName/>
<jndiPassword/>
<jndiServiceProviderURL>t3://localhost:7001</jndiServiceProviderURL>
<jndiUserName/>
<language/>
<logMessages>false</logMessages>
<messageSelector/>
<messageToDO>false</messageToDO>
<messageToJMS>false</messageToJMS>
<numOfThreads>1</numOfThreads>
<pattern>MM/dd/yyyy HH:mm:ss.SSS</pattern>
<useThreadPool>false</useThreadPool>
<variant/>
<writeMessages>false</writeMessages>
</messageClassification>
<dataInformation>
<dataObjectName>race</dataObjectName>
<errorDataObjectName/>
<errorDataObjectField/>
<operation>UPSERT</operation>
<mappedDataObject>
<mappedField>
<displayName>DEMOZONE</displayName>
<key>true</key>
<name>demozone</name>
<type>VARCHAR</type>
</mappedField>
<mappedField>
<displayName>RACEID</displayName>
<key>false</key>
<name>raceid</name>
<type>INT</type>
</mappedField>
</mappedDataObject>
<selfDescribedFormat>false</selfDescribedFormat>
<persistedFormat>false</persistedFormat>
</dataInformation>
<messageFormatting>
<messageBatching>false</messageBatching>
<xmlBatchEle>msgBatchRoot</xmlBatchEle>
<xmlColType>TAG</xmlColType>
<xmlMsgEle>event</xmlMsgEle>
<xmlMsgEleNS>anki:event:currentrace</xmlMsgEleNS>
<xslFormatting>false</xslFormatting>
</messageFormatting>
<uiProperties>
<editMode>false</editMode>
<errorStack/>
<jcaServiceStatus>true</jcaServiceStatus>
<status>Stop</status>
</uiProperties>
</ns0:ems>