<?xml version = '1.0' encoding = 'UTF-8'?>
<adfc-config xmlns="http://xmlns.oracle.com/adf/controller">
<task-flow-definition id="ps_taskflowid">
<display-name>Empty Task Flow</display-name>
<default-activity>taskflowview</default-activity>
<data-control-scope>
<isolated/>
</data-control-scope>
<input-parameter-definition id="__5">
<name id="__6">node</name>
<value>#{pageFlowScope.node}</value>
<class>oracle.soa.common.console.base.model.INode</class>
</input-parameter-definition>
<input-parameter-definition id="__8">
<name id="__7">dashboardEditMode</name>
<value>#{pageFlowScope.dashboardEditMode}</value>
<class>java.lang.String</class>
</input-parameter-definition>
<input-parameter-definition id="__10">
<name id="__9">dashPageDefInputParameterMap</name>
<value>#{pageFlowScope.dashPageDefInputParameterMap}</value>
<class>java.util.Map</class>
</input-parameter-definition>
<input-parameter-definition id="__18">
<name id="__14">displayRightPanel</name>
<value>#{pageFlowScope.displayRightPanel}</value>
<class>java.lang.String</class>
</input-parameter-definition>
<managed-bean id="__1">
<managed-bean-name id="__3">editorbean</managed-bean-name>
<managed-bean-class id="__4">oracle.beam.composer.dashboard.view.DashboardBean</managed-bean-class>
<managed-bean-scope id="__2">pageFlow</managed-bean-scope>
<managed-property id="__15">
<property-name id="__17">node</property-name>
<property-class>oracle.soa.common.console.base.model.INode</property-class>
<value id="__16">#{pageFlowScope.node}</value>
</managed-property>
<managed-property id="__12">
<property-name>dashboardEditMode</property-name>
<property-class>java.lang.String</property-class>
<value>#{pageFlowScope.dashboardEditMode}</value>
</managed-property>
</managed-bean>
<managed-bean id="__11">
<managed-bean-name>surfaceprompthandler</managed-bean-name>
<managed-bean-class>oracle.beam.composer.dashboard.view.surfaceprompt.SurfacePromptHandler</managed-bean-class>
<managed-bean-scope>pageFlow</managed-bean-scope>
</managed-bean>
<managed-bean id="__13">
<managed-bean-name>projectviewshandler</managed-bean-name>
<managed-bean-class>oracle.beam.composer.dashboard.view.projectviewscontainer.ProjectViewsHandler</managed-bean-class>
<managed-bean-scope>pageFlow</managed-bean-scope>
</managed-bean>
<managed-bean id="_7">
<managed-bean-name id="_4">tabbedToolbarBean</managed-bean-name>
<managed-bean-class id="_6">oracle.beam.composer.visualization.editor.tabbedtoolbar.TabbedToolbarBean</managed-bean-class>
<managed-bean-scope id="_5">pageFlow</managed-bean-scope>
</managed-bean>
<view id="taskflowview">
<page>/beam/project/Anki/dashboard/Race/taskflow/Race/beamDashboardRace.jsff</page>
</view>
<use-page-fragments/>
</task-flow-definition>
</adfc-config>