<?xml version = '1.0' encoding = 'UTF-8'?>
<ns0:simpleDataObject xmlns:ns0="http://xmlns.oracle.com/bam/bam12">
<name>dronestatus</name>
<id>/dataobject/dronestatus</id>
<displayName>/anki/event/dronestatus</displayName>
<internal>false</internal>
<useHive>false</useHive>
<systemManaged>false</systemManaged>
<createdDate>2016-10-15T13:07:10.877-04:00</createdDate>
<modifiedDate>2016-10-15T13:28:23.881-04:00</modifiedDate>
<createdBy>weblogic</createdBy>
<modifiedBy>weblogic</modifiedBy>
<flexTableConfigured>true</flexTableConfigured>
<category>ANKI</category>
<calculatedFields/>
<timeHierarchies/>
<cqType>RELATION</cqType>
<cqArchived>true</cqArchived>
<cqSource>jms:topic/oracle.beam.server.event.dataobject</cqSource>
<cqStampType>SYSTEM</cqStampType>
<slowChangingDimension>false</slowChangingDimension>
<physicalName>BEAM_VIEW_59</physicalName>
<eventId>BEAM_ID</eventId>
<replayAmount>0</replayAmount>
<hidden>false</hidden>
<columns>
<column>
<name>BEAM_ID</name>
<id>f9d369cfc0fe458ca5ec0fc8e8a6efc1</id>
<displayName>BEAM_ID</displayName>
<internal>false</internal>
<useHive>false</useHive>
<systemManaged>false</systemManaged>
<isEditable>true</isEditable>
<nullable>false</nullable>
<unique>false</unique>
<dataType>INT</dataType>
<columnType>ATTRIBUTE</columnType>
<hidden>false</hidden>
<editable>false</editable>
</column>
<column>
<name>DATAOBJECT_CREATED</name>
<id>7bbea5284f914b46a6e8006d69ae849f</id>
<displayName>DATAOBJECT_CREATED</displayName>
<internal>false</internal>
<useHive>false</useHive>
<systemManaged>false</systemManaged>
<isEditable>true</isEditable>
<nullable>false</nullable>
<unique>false</unique>
<dataType>DATETIME</dataType>
<columnType>DIMENSION</columnType>
<hidden>false</hidden>
<editable>false</editable>
</column>
<column>
<name>DATAOBJECT_MODIFIED</name>
<id>b42f722a06194d9a832e744e4bec6699</id>
<displayName>DATAOBJECT_MODIFIED</displayName>
<internal>false</internal>
<useHive>false</useHive>
<systemManaged>false</systemManaged>
<isEditable>true</isEditable>
<nullable>false</nullable>
<unique>false</unique>
<dataType>DATETIME</dataType>
<columnType>DIMENSION</columnType>
<hidden>false</hidden>
<editable>false</editable>
</column>
<column>
<name>DEMOZONE</name>
<id>dbc4441dde9249e18e7e0ffbacd76a2e</id>
<displayName>Demo Zone</displayName>
<internal>false</internal>
<useHive>false</useHive>
<systemManaged>false</systemManaged>
<isEditable>true</isEditable>
<length>100</length>
<nullable>true</nullable>
<unique>false</unique>
<dataType>VARCHAR</dataType>
<columnType>ATTRIBUTE</columnType>
<hidden>false</hidden>
<editable>false</editable>
</column>
<column>
<name>STATUS</name>
<id>a4d76c1fd4c24d038c05e33f8b428a12</id>
<displayName>Status</displayName>
<internal>false</internal>
<useHive>false</useHive>
<systemManaged>false</systemManaged>
<isEditable>true</isEditable>
<length>20</length>
<nullable>true</nullable>
<unique>false</unique>
<dataType>VARCHAR</dataType>
<columnType>ATTRIBUTE</columnType>
<hidden>false</hidden>
<editable>false</editable>
</column>
</columns>
<indexes/>
<hierarchies/>
<flexLimitation>
<totalDecimals>0</totalDecimals>
<totalStrings>2</totalStrings>
<totalIntegers>0</totalIntegers>
<totalFloats>0</totalFloats>
<totalDates>0</totalDates>
<totalLongStrings>0</totalLongStrings>
</flexLimitation>
</ns0:simpleDataObject>