<?xml version = '1.0' encoding = 'UTF-8'?>
<mds:customization version="12.2.1_20160607.2047" xmlns:mds="http://xmlns.oracle.com/mds" motype_local_name="DataControlConfigs" motype_nsuri="http://xmlns.oracle.com/adfm/configuration">
<mds:insert parent="(xmlns(mds_ns1=http://xmlns.oracle.com/adfm/configuration))/mds_ns1:DataControlConfigs" position="last">
<AdapterDataControl id="Anki_InTeRnAlNaMeQuery__1476366793672_DeTaIlEd" FactoryClass="oracle.beam.datacontrol.adapter.BeamDataControlFactoryImpl" ImplDef="oracle.beam.datacontrol.adapter.BeamDataControlDefinition" SupportsTransactions="false" SupportsSortCollection="false" SupportsResetState="false" SupportsRangesize="false" SupportsFindMode="false" SupportsUpdates="false" Definition="oracle.beam.datacontrol.definition.Anki_InTeRnAlNaMeQuery__1476366793672_DeTaIlEd" BeanClass="oracle.beam.datacontrol.definition.Anki_InTeRnAlNaMeQuery__1476366793672_DeTaIlEd" xmlns="http://xmlns.oracle.com/adfm/datacontrol">
<Source>
<BeamDataControl xmlns="http://xmlns.oracle.com/bam/datacontrol" connection="BAMServerConnection1">
<Modifiers>
<Modifier version="1.0" type="FLAT" dataset="lap" queryName="InTeRnAlNaMeQuery__1476366793672_DeTaIlEd" subjectArea="Anki" queryId="/project/Anki/businessquery/InTeRnAlNaMeQuery__1476366793672_DeTaIlEd">
<FieldRefs>
<DatasetField fieldRefID="0" datasetField="BEAM_ID" datasetFieldDisplayName="BEAM_ID" order="0" dataType="INTEGER" isGroupLevel="false"/>
<DatasetField fieldRefID="1" datasetField="DATAOBJECT_CREATED" datasetFieldDisplayName="DATAOBJECT_CREATED" order="1" dataType="DATETIME" isGroupLevel="false"/>
<DatasetField fieldRefID="2" datasetField="DATAOBJECT_MODIFIED" datasetFieldDisplayName="DATAOBJECT_MODIFIED" order="2" dataType="DATETIME" isGroupLevel="false"/>
<DatasetField fieldRefID="3" datasetField="DEMOZONE" datasetFieldDisplayName="Demo Zone" order="3" dataType="STRING" isGroupLevel="false"/>
<DatasetField fieldRefID="4" datasetField="RACESTATUS" datasetFieldDisplayName="Race Status" order="4" dataType="STRING" isGroupLevel="false"/>
<DatasetField fieldRefID="5" datasetField="EVENTTIME" datasetFieldDisplayName="Event Time" order="5" dataType="DATETIME" isGroupLevel="false"/>
<DatasetField fieldRefID="6" datasetField="CARNAME" datasetFieldDisplayName="Car Name" order="6" dataType="STRING" isGroupLevel="false"/>
<DatasetField fieldRefID="7" datasetField="RACEID" datasetFieldDisplayName="Race ID" order="7" dataType="INTEGER" isGroupLevel="false"/>
<DatasetField fieldRefID="8" datasetField="LAP" datasetFieldDisplayName="Lap" order="8" dataType="INTEGER" isGroupLevel="false"/>
<DatasetField fieldRefID="9" datasetField="LAPTIME" datasetFieldDisplayName="Lap Time" order="9" dataType="INTEGER" isGroupLevel="false"/>
<DatasetField CalculatedFieldID="0'" fieldRefID="10'" datasetField="Lap_Time_Sec" datasetFieldDisplayName="Lap_Time_Sec" order="10" dataType="DECIMAL" isGroupLevel="false"/>
</FieldRefs>
<CalculatedFields>
<CalculatedField CalculatedFieldID="0">
<CalculatedFieldName>Lap_Time_Sec</CalculatedFieldName>
<CalcExpression>ROUND(({LAPTIME}/1000),1)</CalcExpression>
<CalculatedExpr>
<Function>
<FunctionName>ROUND</FunctionName>
<FunctionArguments>
<Expression>
<Value bParameter="false">LAPTIME</Value>
<BinaryOpr>/</BinaryOpr>
<Value bParameter="false">1000</Value>
</Expression>
<Value bParameter="false">1</Value>
</FunctionArguments>
</Function>
</CalculatedExpr>
</CalculatedField>
</CalculatedFields>
<RecordFields>
<RecordField fieldID="0" order="0" fieldRefID="0" datasetField="BEAM_ID" dataType="INTEGER" datasetFieldAlias="BEAM_ID"/>
<RecordField fieldID="1" order="1" fieldRefID="1" datasetField="DATAOBJECT_CREATED" dataType="DATETIME" datasetFieldAlias="DATAOBJECT_CREATED"/>
<RecordField fieldID="2" order="2" fieldRefID="2" datasetField="DATAOBJECT_MODIFIED" dataType="DATETIME" datasetFieldAlias="DATAOBJECT_MODIFIED"/>
<RecordField fieldID="3" order="3" fieldRefID="3" datasetField="DEMOZONE" dataType="STRING" datasetFieldAlias="Demo Zone"/>
<RecordField fieldID="4" order="4" fieldRefID="4" datasetField="RACESTATUS" dataType="STRING" datasetFieldAlias="Race Status"/>
<RecordField fieldID="5" order="5" fieldRefID="5" datasetField="EVENTTIME" dataType="DATETIME" datasetFieldAlias="Event Time"/>
<RecordField fieldID="6" order="6" fieldRefID="6" datasetField="CARNAME" dataType="STRING" datasetFieldAlias="Car Name"/>
<RecordField fieldID="7" order="7" fieldRefID="7" datasetField="RACEID" dataType="INTEGER" datasetFieldAlias="Race ID"/>
<RecordField fieldID="8" order="8" fieldRefID="8" datasetField="LAP" dataType="INTEGER" datasetFieldAlias="Lap"/>
<RecordField fieldID="9" order="9" fieldRefID="9" datasetField="LAPTIME" dataType="INTEGER" datasetFieldAlias="Lap Time"/>
</RecordFields>
<Groups collapsed="true"/>
<Filter>
<Branch name="Root" type="ALL">
<Branch type="ALL">
<Entry type="EQ">
<Node type="COLUMN">LAP</Node>
<Node type="PARAMETER" isDateTimeLike="false">InTeRnAlNaMeQuery__1476366793672_DeTaIlEd_LAP</Node>
</Entry>
<Entry type="EQ">
<Node type="COLUMN">CARNAME</Node>
<Node type="PARAMETER" isDateTimeLike="false">InTeRnAlNaMeQuery__1476366793672_DeTaIlEd_CARNAME</Node>
</Entry>
<Branch name="internalFilter" type="ALL">
<Entry type="EQ">
<Node type="COLUMN">RACEID</Node>
<Node type="PARAMETER" isDateTimeLike="false">CURRENTRACE</Node>
</Entry>
</Branch>
</Branch>
<Branch name="runtimeFilter" type="ALL"/>
</Branch>
</Filter>
<GroupFilter>
<Branch name="groupFilter" type="ALL"/>
</GroupFilter>
<Sorts/>
<Parameters>
<Parameter name="InTeRnAlNaMeQuery__1476366793672_DeTaIlEd_CARNAME" dataType="VARCHAR">
<Value>
<Item special="false"/>
</Value>
<DefaultValue>
<Item special="true">ALL</Item>
</DefaultValue>
<DisplayName>InTeRnAlNaMeQuery__1476366793672_DeTaIlEd_CARNAME</DisplayName>
<Description/>
</Parameter>
<Parameter name="CURRENTRACE" dataType="INT">
<Value>
<Item special="false"/>
</Value>
<DefaultValue>
<Item special="true">ALL</Item>
</DefaultValue>
<DisplayName>Current Race</DisplayName>
<Description/>
</Parameter>
<Parameter name="InTeRnAlNaMeQuery__1476366793672_DeTaIlEd_LAP" dataType="INT">
<Value>
<Item special="false"/>
</Value>
<DefaultValue>
<Item special="true">ALL</Item>
</DefaultValue>
<DisplayName>InTeRnAlNaMeQuery__1476366793672_DeTaIlEd_LAP</DisplayName>
<Description/>
</Parameter>
</Parameters>
</Modifier>
<InsertNewRecordPosition>INSERT_AFTER</InsertNewRecordPosition>
<AuthenticationType>USE_BAM_CONNECTION_CREDENTIAL</AuthenticationType>
</Modifiers>
</BeamDataControl>
</Source>
</AdapterDataControl>
</mds:insert>
<mds:modify element="(xmlns(mds_ns1=http://xmlns.oracle.com/adfm/configuration))/mds_ns1:DataControlConfigs">
<mds:attribute name="Package" value="beam.project.Anki.businessquery.InTeRnAlNaMeQuery__1476366793672_DeTaIlEd.datacontrol.Anki_InTeRnAlNaMeQuery__1476366793672_DeTaIlEd"/>
<mds:attribute name="id" value="DataControls"/>
</mds:modify>
</mds:customization>