<?xml version = '1.0' encoding = 'UTF-8'?>
<ns0:logicalDataObject xmlns:ns0="http://xmlns.oracle.com/bam/bam12">
<name>ORACLE_PROCESSANALYTICS_HWF_TASK</name>
<id>/dataobject/ORACLE_PROCESSANALYTICS_HWF_TASK</id>
<displayName>oracle/processanalytics/HWF Task</displayName>
<internal>false</internal>
<useHive>false</useHive>
<systemManaged>false</systemManaged>
<createdDate>2016-09-28T11:30:27.585-04:00</createdDate>
<modifiedDate>2016-09-28T11:30:27.585-04:00</modifiedDate>
<createdBy>OracleSystemUser</createdBy>
<modifiedBy>OracleSystemUser</modifiedBy>
<flexTableConfigured>true</flexTableConfigured>
<category>HWF</category>
<calculatedFields>
<calculatedField>
<name>IS_DUE_SOON</name>
<id>331c23135ca04cf4bd111f7324614f4c</id>
<displayName>Is Due This Week</displayName>
<internal>false</internal>
<useHive>false</useHive>
<systemManaged>false</systemManaged>
<isEditable>true</isEditable>
<fieldId>0</fieldId>
<expression>if(({TASK_STATE}=="ALERTED")||({TASK_STATE}=="ASSIGNED")||({TASK_STATE}=="INFO_REQUESTED")||({TASK_STATE}=="SUSPENDED"))then(if({DUE_DATE}!=NULL)then(if((WEEK({DUE_DATE})==WEEK(NOW()))&amp;&amp;(YEAR({DUE_DATE})==YEAR(NOW())))then(1)else(0))else(0))else(0)</expression>
<dataType>INT</dataType>
<valid>true</valid>
<aggregated>false</aggregated>
<supportedByCQL>true</supportedByCQL>
<hidden>false</hidden>
<columnType>ATTRIBUTE</columnType>
</calculatedField>
<calculatedField>
<name>IS_OPEN</name>
<id>fce0cf34482142dbb3d535b643e3cf52</id>
<displayName>Is Open</displayName>
<internal>false</internal>
<useHive>false</useHive>
<systemManaged>false</systemManaged>
<isEditable>true</isEditable>
<fieldId>1</fieldId>
<expression>If(({TASK_STATE}=="ALERTED")||({TASK_STATE}=="ASSIGNED")||({TASK_STATE}=="INFO_REQUESTED")||({TASK_STATE}=="SUSPENDED"))then(1)else(0)</expression>
<dataType>INT</dataType>
<valid>true</valid>
<aggregated>false</aggregated>
<supportedByCQL>true</supportedByCQL>
<hidden>false</hidden>
<columnType>ATTRIBUTE</columnType>
</calculatedField>
<calculatedField>
<name>IS_OPENED_TODAY</name>
<id>bef127c86c5e48d2b527c5eeb938003b</id>
<displayName>Is Opened Today</displayName>
<internal>false</internal>
<useHive>false</useHive>
<systemManaged>false</systemManaged>
<isEditable>true</isEditable>
<fieldId>2</fieldId>
<expression>if((DAYOFYEAR(START_DATE)==DAYOFYEAR(NOW()))&amp;&amp;(YEAR(START_DATE)==YEAR(NOW())))then(1)else(0)</expression>
<dataType>INT</dataType>
<valid>true</valid>
<aggregated>false</aggregated>
<supportedByCQL>true</supportedByCQL>
<hidden>false</hidden>
<columnType>ATTRIBUTE</columnType>
</calculatedField>
<calculatedField>
<name>IS_CLOSED_TODAY</name>
<id>36c282a8e0094e339b4919ee60f246f9</id>
<displayName>Is Closed Today</displayName>
<internal>false</internal>
<useHive>false</useHive>
<systemManaged>false</systemManaged>
<isEditable>true</isEditable>
<fieldId>3</fieldId>
<expression>if((TASK_STATE=="COMPLETED")&amp;&amp;(DAYOFYEAR(END_DATE)==DAYOFYEAR(NOW()))&amp;&amp;(YEAR(END_DATE)==YEAR(NOW())))then(1)else(0)</expression>
<dataType>INT</dataType>
<valid>true</valid>
<aggregated>false</aggregated>
<supportedByCQL>true</supportedByCQL>
<hidden>false</hidden>
<columnType>ATTRIBUTE</columnType>
</calculatedField>
<calculatedField>
<name>DAYS_SINCE_TASK</name>
<id>21feccae7e7549a98724cf6a19a9bcbb</id>
<displayName>Days Since Task</displayName>
<internal>false</internal>
<useHive>false</useHive>
<systemManaged>false</systemManaged>
<isEditable>true</isEditable>
<fieldId>4</fieldId>
<expression>IF(TASK_STATE=="ASSIGNED")THEN(DATEDIFF(SQL_TSI_DAY,START_DATE,NOW()))ELSE(DATEDIFF(SQL_TSI_DAY,END_DATE,NOW()))</expression>
<dataType>INT</dataType>
<valid>true</valid>
<aggregated>false</aggregated>
<supportedByCQL>true</supportedByCQL>
<hidden>false</hidden>
<columnType>ATTRIBUTE</columnType>
</calculatedField>
<calculatedField>
<name>IS_OVERDUE</name>
<id>43012dc36397481b8a17c1c911cdd459</id>
<displayName>Is Overdue</displayName>
<internal>false</internal>
<useHive>false</useHive>
<systemManaged>false</systemManaged>
<isEditable>true</isEditable>
<fieldId>5</fieldId>
<expression>if(({TASK_STATE}=="ALERTED")||({TASK_STATE}=="ASSIGNED")||({TASK_STATE}=="INFO_REQUESTED")||({TASK_STATE}=="SUSPENDED"))then(if({DUE_DATE}!=NULL)then(if({DUE_DATE}&lt;NOW())then(1)else(0))else(0))else(0)</expression>
<dataType>INT</dataType>
<valid>true</valid>
<aggregated>false</aggregated>
<supportedByCQL>true</supportedByCQL>
<hidden>false</hidden>
<columnType>ATTRIBUTE</columnType>
</calculatedField>
<calculatedField>
<name>DAYS_SINCE_TASK_START</name>
<id>ff699b93720440278479c3416c2961af</id>
<displayName>Days Since Task Start</displayName>
<internal>false</internal>
<useHive>false</useHive>
<systemManaged>false</systemManaged>
<isEditable>true</isEditable>
<fieldId>6</fieldId>
<expression>DATEDIFF(SQL_TSI_DAY,START_DATE,NOW())</expression>
<dataType>INT</dataType>
<valid>true</valid>
<aggregated>false</aggregated>
<supportedByCQL>false</supportedByCQL>
<hidden>false</hidden>
<columnType>ATTRIBUTE</columnType>
</calculatedField>
<calculatedField>
<name>TASK_TOTAL_TIME_IN_DAYS</name>
<id>c5efd1f586514cdfae0195ab9f77a135</id>
<displayName>Task Total Time in Days</displayName>
<internal>false</internal>
<useHive>false</useHive>
<systemManaged>false</systemManaged>
<isEditable>true</isEditable>
<fieldId>7</fieldId>
<expression>TASK_TOTAL_TIME/86400</expression>
<dataType>INT</dataType>
<valid>true</valid>
<aggregated>false</aggregated>
<supportedByCQL>true</supportedByCQL>
<hidden>false</hidden>
<columnType>ATTRIBUTE</columnType>
</calculatedField>
<calculatedField>
<name>IS_OPEN_AND_NOT_DUE_SOON</name>
<id>a729d481244f427ba428167913cbab0f</id>
<displayName>Is On Track</displayName>
<internal>false</internal>
<useHive>false</useHive>
<systemManaged>false</systemManaged>
<isEditable>true</isEditable>
<fieldId>8</fieldId>
<expression>if(({TASK_STATE}=="ALERTED")||({TASK_STATE}=="ASSIGNED")||({TASK_STATE}=="INFO_REQUESTED")||({TASK_STATE}=="SUSPENDED"))then(if({DUE_DATE}!=NULL)then(if(((WEEK({DUE_DATE})>WEEK(NOW()))||(YEAR({DUE_DATE})>YEAR(NOW())))&amp;&amp;({DUE_DATE}>NOW()))then(1)else(0))else(1))else(0)</expression>
<dataType>INT</dataType>
<valid>true</valid>
<aggregated>false</aggregated>
<supportedByCQL>true</supportedByCQL>
<hidden>false</hidden>
<columnType>ATTRIBUTE</columnType>
</calculatedField>
<calculatedField>
<name>IS_EXPIRED_TODAY</name>
<id>9edd293f718b41348032b1f49e22acd8</id>
<displayName>Is Expired Today</displayName>
<internal>false</internal>
<useHive>false</useHive>
<systemManaged>false</systemManaged>
<isEditable>true</isEditable>
<fieldId>9</fieldId>
<expression>IF((TASK_STATE=="EXPIRED")&amp;&amp;(DAYOFYEAR(EXPIRATION_DATE)==DAYOFYEAR(NOW()))&amp;&amp;(YEAR(EXPIRATION_DATE)==YEAR(NOW())))THEN(1)ELSE(0)</expression>
<dataType>INT</dataType>
<valid>true</valid>
<aggregated>false</aggregated>
<supportedByCQL>true</supportedByCQL>
<hidden>false</hidden>
<columnType>ATTRIBUTE</columnType>
</calculatedField>
<calculatedField>
<name>IS_EXPIRED</name>
<id>ef1ee73cca58413a84b2428b921bb539</id>
<displayName>Is Expired</displayName>
<internal>false</internal>
<useHive>false</useHive>
<systemManaged>false</systemManaged>
<isEditable>true</isEditable>
<fieldId>10</fieldId>
<expression>IF({TASK_STATE}=="EXPIRED")THEN(1)ELSE(0)</expression>
<dataType>INT</dataType>
<valid>true</valid>
<aggregated>false</aggregated>
<supportedByCQL>true</supportedByCQL>
<hidden>false</hidden>
<columnType>ATTRIBUTE</columnType>
</calculatedField>
<calculatedField>
<name>IS_CLOSED</name>
<id>af2af8eea1b04449a11969128309e7ad</id>
<displayName>Is Closed</displayName>
<internal>false</internal>
<useHive>false</useHive>
<systemManaged>false</systemManaged>
<isEditable>true</isEditable>
<fieldId>11</fieldId>
<expression>IF(TASK_STATE=="COMPLETED")THEN(1)ELSE(0)</expression>
<dataType>INT</dataType>
<valid>true</valid>
<aggregated>false</aggregated>
<supportedByCQL>true</supportedByCQL>
<hidden>false</hidden>
<columnType>ATTRIBUTE</columnType>
</calculatedField>
</calculatedFields>
<timeHierarchies>
<timeHierarchy>
<name>ORACLE_PROCESSANALYTICS_HWF_TASK__DeFaUlTDTHiERaRcHy</name>
<id>/dataobject/ORACLE_PROCESSANALYTICS_HWF_TASK</id>
<displayName>ORACLE_PROCESSANALYTICS_HWF_TASK__DeFaUlTDTHiERaRcHy</displayName>
<internal>false</internal>
<useHive>false</useHive>
<systemManaged>false</systemManaged>
<isEditable>true</isEditable>
<columnName>END_DATE</columnName>
<levels>
<level>YEAR</level>
<level>QUARTER</level>
<level>MONTH</level>
<level>WEEK_OF_YEAR</level>
<level>DAY_OF_YEAR</level>
<level>DAY_OF_MONTH</level>
<level>DAY_OF_WEEK</level>
<level>HOUR</level>
<level>MINUTE</level>
<level>SECOND</level>
</levels>
</timeHierarchy>
</timeHierarchies>
<parameters>
<name>ORACLE_PROCESSANALYTICS_HWF_TASK_param1</name>
<id>/dataobject/ORACLE_PROCESSANALYTICS_HWF_TASK/parameter/ORACLE_PROCESSANALYTICS_HWF_TASK_param1</id>
<displayName>Task Due Soon Threshold (days)</displayName>
<description>Number of days before task due date that task is considered as Due Soon</description>
<internal>false</internal>
<useHive>false</useHive>
<systemManaged>false</systemManaged>
<modifiedDate>2015-02-12T00:43:25.078-05:00</modifiedDate>
<inDataObject>true</inDataObject>
<dataType>INT</dataType>
<required>true</required>
<value/>
<defaultValue>
<value xmlns:xsd="http://www.w3.org/2001/XMLSchema" xmlns:xsi="http://www.w3.org/2001/XMLSchema-instance" xsi:type="xsd:long">5</value>
</defaultValue>
</parameters>
<dataObjects>
<dataObject type="dataObjectRef">ORACLE_PROCESSANALYTICS_TASK</dataObject>
<dataObject type="dataObjectRef">ORACLE_PROCESSANALYTICS_PROCESS_DEFINITION</dataObject>
<dataObject type="dataObjectRef">ORACLE_PROCESSANALYTICS_ACTIVITY_DEFINITION</dataObject>
<dataObject type="dataObjectRef">ORACLE_PROCESSANALYTICS_COMPOSITE_DEFINITION</dataObject>
<dataObject type="dataObjectRef">ORACLE_PROCESSANALYTICS_TASK_DEFINITION</dataObject>
</dataObjects>
<columns>
<column>
<name>BEAM_ID</name>
<id>da24403cdbf44f74bdd2a7c719a4710b</id>
<displayName>BEAM_ID</displayName>
<internal>false</internal>
<useHive>false</useHive>
<systemManaged>false</systemManaged>
<isEditable>true</isEditable>
<columnRef>
<dataObject>ORACLE_PROCESSANALYTICS_TASK</dataObject>
<column>BEAM_ID</column>
</columnRef>
<hidden>false</hidden>
<columnType>ATTRIBUTE</columnType>
</column>
<column>
<name>DATAOBJECT_MODIFIED</name>
<id>4beb1ed1d8b047df82a3ca668b223a4b</id>
<displayName>DATAOBJECT_MODIFIED</displayName>
<internal>false</internal>
<useHive>false</useHive>
<systemManaged>false</systemManaged>
<isEditable>true</isEditable>
<columnRef>
<dataObject>ORACLE_PROCESSANALYTICS_TASK</dataObject>
<column>DATAOBJECT_MODIFIED</column>
</columnRef>
<hidden>false</hidden>
<columnType>ATTRIBUTE</columnType>
</column>
<column>
<name>ROOT_TASK_ID</name>
<id>f231ad15629c45098b34b20cdcabdec9</id>
<displayName>Root Task ID</displayName>
<internal>false</internal>
<useHive>false</useHive>
<systemManaged>false</systemManaged>
<isEditable>true</isEditable>
<columnRef>
<dataObject>ORACLE_PROCESSANALYTICS_TASK</dataObject>
<column>ROOT_TASK_ID</column>
</columnRef>
<hidden>false</hidden>
<columnType>ATTRIBUTE</columnType>
</column>
<column>
<name>TASK_NUMBER</name>
<id>2c58bb27be934b04a2c6bc1567724fa6</id>
<displayName>Task Number</displayName>
<internal>false</internal>
<useHive>false</useHive>
<systemManaged>false</systemManaged>
<isEditable>true</isEditable>
<columnRef>
<dataObject>ORACLE_PROCESSANALYTICS_TASK</dataObject>
<column>TASK_NUMBER</column>
</columnRef>
<hidden>false</hidden>
<columnType>DIMENSION</columnType>
</column>
<column>
<name>TASK_DEF_ID</name>
<id>78cf54c62e5b43578dd81de7e338add0</id>
<displayName>Task Definition ID</displayName>
<internal>false</internal>
<useHive>false</useHive>
<systemManaged>false</systemManaged>
<isEditable>true</isEditable>
<columnRef>
<dataObject>ORACLE_PROCESSANALYTICS_TASK</dataObject>
<column>TASK_DEFINITION_ID</column>
</columnRef>
<hidden>false</hidden>
<columnType>ATTRIBUTE</columnType>
</column>
<column>
<name>COMPOSITE_DEF_ID</name>
<id>d01eccd53398415395f202fbcf56b750</id>
<displayName>Composite Definition ID</displayName>
<internal>false</internal>
<useHive>false</useHive>
<systemManaged>false</systemManaged>
<isEditable>true</isEditable>
<columnRef>
<dataObject>ORACLE_PROCESSANALYTICS_TASK</dataObject>
<column>COMPOSITE_DEFINITION_ID</column>
</columnRef>
<hidden>false</hidden>
<columnType>ATTRIBUTE</columnType>
</column>
<column>
<name>COMPOSITE_INSTANCE_ID</name>
<id>e61a43b2b30148caa53f557b37983076</id>
<displayName>Composite Instance ID</displayName>
<internal>false</internal>
<useHive>false</useHive>
<systemManaged>false</systemManaged>
<isEditable>true</isEditable>
<columnRef>
<dataObject>ORACLE_PROCESSANALYTICS_TASK</dataObject>
<column>COMPOSITE_INSTANCE_ID</column>
</columnRef>
<hidden>false</hidden>
<columnType>ATTRIBUTE</columnType>
</column>
<column>
<name>PROCESS_DEF_ID</name>
<id>a0d00a124df84deb93f0493da2e58dfd</id>
<displayName>Process Definition ID</displayName>
<internal>false</internal>
<useHive>false</useHive>
<systemManaged>false</systemManaged>
<isEditable>true</isEditable>
<columnRef>
<dataObject>ORACLE_PROCESSANALYTICS_TASK</dataObject>
<column>PROCESS_DEFINITION_ID</column>
</columnRef>
<hidden>false</hidden>
<columnType>ATTRIBUTE</columnType>
</column>
<column>
<name>PROCESS_INSTANCE_ID</name>
<id>f8fecc896886433e9b0f0bd4ab763b2a</id>
<displayName>Process Instance ID</displayName>
<internal>false</internal>
<useHive>false</useHive>
<systemManaged>false</systemManaged>
<isEditable>true</isEditable>
<columnRef>
<dataObject>ORACLE_PROCESSANALYTICS_TASK</dataObject>
<column>PROCESS_INSTANCE_ID</column>
</columnRef>
<hidden>false</hidden>
<columnType>DIMENSION</columnType>
</column>
<column>
<name>ACTIVITY_DEF_ID</name>
<id>e32b01298059468da2fb648613938472</id>
<displayName>Activity Definition ID</displayName>
<internal>false</internal>
<useHive>false</useHive>
<systemManaged>false</systemManaged>
<isEditable>true</isEditable>
<columnRef>
<dataObject>ORACLE_PROCESSANALYTICS_TASK</dataObject>
<column>ACTIVITY_DEFINITION_ID</column>
</columnRef>
<hidden>false</hidden>
<columnType>ATTRIBUTE</columnType>
</column>
<column>
<name>START_DATE</name>
<id>e3627fa1f7a949d4888f3e28c457eb0d</id>
<displayName>Start Date</displayName>
<internal>false</internal>
<useHive>false</useHive>
<systemManaged>false</systemManaged>
<isEditable>true</isEditable>
<columnRef>
<dataObject>ORACLE_PROCESSANALYTICS_TASK</dataObject>
<column>START_DATE</column>
</columnRef>
<hidden>false</hidden>
<columnType>DIMENSION</columnType>
</column>
<column>
<name>END_DATE</name>
<id>f5094fe9077845f3874179020cd9d578</id>
<displayName>End Date</displayName>
<internal>false</internal>
<useHive>false</useHive>
<systemManaged>false</systemManaged>
<isEditable>true</isEditable>
<columnRef>
<dataObject>ORACLE_PROCESSANALYTICS_TASK</dataObject>
<column>END_DATE</column>
</columnRef>
<hidden>false</hidden>
<columnType>DIMENSION</columnType>
</column>
<column>
<name>DUE_DATE</name>
<id>65600c25a99d4157826c982a3cd09948</id>
<displayName>Due Date</displayName>
<internal>false</internal>
<useHive>false</useHive>
<systemManaged>false</systemManaged>
<isEditable>true</isEditable>
<columnRef>
<dataObject>ORACLE_PROCESSANALYTICS_TASK</dataObject>
<column>DUE_DATE</column>
</columnRef>
<hidden>false</hidden>
<columnType>ATTRIBUTE</columnType>
</column>
<column>
<name>EXPIRATION_DATE</name>
<id>8d09e0fa19e44329bdf308cfcac94584</id>
<displayName>Expiration Date</displayName>
<internal>false</internal>
<useHive>false</useHive>
<systemManaged>false</systemManaged>
<isEditable>true</isEditable>
<columnRef>
<dataObject>ORACLE_PROCESSANALYTICS_TASK</dataObject>
<column>EXPIRATION_DATE</column>
</columnRef>
<hidden>false</hidden>
<columnType>ATTRIBUTE</columnType>
</column>
<column>
<name>TASK_STATE</name>
<id>e6b4f4a0b90649a7bed3733c7c6d57fa</id>
<displayName>Task State</displayName>
<internal>false</internal>
<useHive>false</useHive>
<systemManaged>false</systemManaged>
<isEditable>true</isEditable>
<columnRef>
<dataObject>ORACLE_PROCESSANALYTICS_TASK</dataObject>
<column>TASK_STATE</column>
</columnRef>
<hidden>false</hidden>
<columnType>DIMENSION</columnType>
</column>
<column>
<name>TASK_STATE_TYPE</name>
<id>f10a5306ad7f4751ab1c6b9ff096e852</id>
<displayName>Task State Type</displayName>
<internal>false</internal>
<useHive>false</useHive>
<systemManaged>false</systemManaged>
<isEditable>true</isEditable>
<columnRef>
<dataObject>ORACLE_PROCESSANALYTICS_TASK</dataObject>
<column>TASK_STATE_TYPE</column>
</columnRef>
<hidden>false</hidden>
<columnType>DIMENSION</columnType>
</column>
<column>
<name>TASK_UNATTEND_TIME</name>
<id>5da5b926d10249edb7aae61967a2339b</id>
<displayName>Task Unattended Time</displayName>
<internal>false</internal>
<useHive>false</useHive>
<systemManaged>false</systemManaged>
<isEditable>true</isEditable>
<columnRef>
<dataObject>ORACLE_PROCESSANALYTICS_TASK</dataObject>
<column>TASK_UNATTENDED_TIME</column>
</columnRef>
<hidden>false</hidden>
<columnType>MEASURE</columnType>
</column>
<column>
<name>TASK_WAIT_TIME</name>
<id>512d069ee02a4befa72896935dc9229b</id>
<displayName>Task Waiting Time</displayName>
<internal>false</internal>
<useHive>false</useHive>
<systemManaged>false</systemManaged>
<isEditable>true</isEditable>
<columnRef>
<dataObject>ORACLE_PROCESSANALYTICS_TASK</dataObject>
<column>TASK_WAITING_TIME</column>
</columnRef>
<hidden>false</hidden>
<columnType>MEASURE</columnType>
</column>
<column>
<name>TASK_PROCESSING_TIME</name>
<id>c71dc0f6fe664288aca2ee210f64cf2d</id>
<displayName>Task Processing Time</displayName>
<internal>false</internal>
<useHive>false</useHive>
<systemManaged>false</systemManaged>
<isEditable>true</isEditable>
<columnRef>
<dataObject>ORACLE_PROCESSANALYTICS_TASK</dataObject>
<column>TASK_PROCESSING_TIME</column>
</columnRef>
<hidden>false</hidden>
<columnType>MEASURE</columnType>
</column>
<column>
<name>TASK_SUSPEND_TIME</name>
<id>9e3c1f8b41f64666a8cdc0c9c03fc13c</id>
<displayName>Task Suspended Time</displayName>
<internal>false</internal>
<useHive>false</useHive>
<systemManaged>false</systemManaged>
<isEditable>true</isEditable>
<columnRef>
<dataObject>ORACLE_PROCESSANALYTICS_TASK</dataObject>
<column>TASK_SUSPENDED_TIME</column>
</columnRef>
<hidden>false</hidden>
<columnType>MEASURE</columnType>
</column>
<column>
<name>TASK_TOTAL_TIME</name>
<id>77124b063d2247f9b65c00e7b2f66ffb</id>
<displayName>Task Total Time</displayName>
<internal>false</internal>
<useHive>false</useHive>
<systemManaged>false</systemManaged>
<isEditable>true</isEditable>
<columnRef>
<dataObject>ORACLE_PROCESSANALYTICS_TASK</dataObject>
<column>TASK_TOTAL_TIME</column>
</columnRef>
<hidden>false</hidden>
<columnType>MEASURE</columnType>
</column>
<column>
<name>OUTCOME</name>
<id>c6f94c570263429eb7885f392beb218e</id>
<displayName>Outcome</displayName>
<internal>false</internal>
<useHive>false</useHive>
<systemManaged>false</systemManaged>
<isEditable>true</isEditable>
<columnRef>
<dataObject>ORACLE_PROCESSANALYTICS_TASK</dataObject>
<column>OUTCOME</column>
</columnRef>
<hidden>false</hidden>
<columnType>DIMENSION</columnType>
</column>
<column>
<name>TENANT_ID</name>
<id>32a1a6737ece40d3a374f0e6c39848de</id>
<displayName>Tenant ID</displayName>
<internal>false</internal>
<useHive>false</useHive>
<systemManaged>false</systemManaged>
<isEditable>true</isEditable>
<columnRef>
<dataObject>ORACLE_PROCESSANALYTICS_TASK</dataObject>
<column>TENANT_ID</column>
</columnRef>
<hidden>false</hidden>
<columnType>ATTRIBUTE</columnType>
</column>
<column>
<name>CASE_ID</name>
<id>9da26f8319134aba8804039455fd69a7</id>
<displayName>Case ID</displayName>
<internal>false</internal>
<useHive>false</useHive>
<systemManaged>false</systemManaged>
<isEditable>true</isEditable>
<columnRef>
<dataObject>ORACLE_PROCESSANALYTICS_TASK</dataObject>
<column>CASE_ID</column>
</columnRef>
<hidden>false</hidden>
<columnType>ATTRIBUTE</columnType>
</column>
<column>
<name>OWNER</name>
<id>43eb96af022b4ed4bc5f2027afb5877a</id>
<displayName>Owner</displayName>
<internal>false</internal>
<useHive>false</useHive>
<systemManaged>false</systemManaged>
<isEditable>true</isEditable>
<columnRef>
<dataObject>ORACLE_PROCESSANALYTICS_TASK</dataObject>
<column>OWNER</column>
</columnRef>
<hidden>false</hidden>
<columnType>ATTRIBUTE</columnType>
</column>
<column>
<name>CREATOR</name>
<id>8468094c0ffb43c08a205b3ef15126d1</id>
<displayName>Owner</displayName>
<internal>false</internal>
<useHive>false</useHive>
<systemManaged>false</systemManaged>
<isEditable>true</isEditable>
<columnRef>
<dataObject>ORACLE_PROCESSANALYTICS_TASK</dataObject>
<column>CREATOR</column>
</columnRef>
<hidden>false</hidden>
<columnType>ATTRIBUTE</columnType>
</column>
<column>
<name>TITLE</name>
<id>7d19f8a6d5104a01be95625830183b34</id>
<displayName>Title</displayName>
<internal>false</internal>
<useHive>false</useHive>
<systemManaged>false</systemManaged>
<isEditable>true</isEditable>
<columnRef>
<dataObject>ORACLE_PROCESSANALYTICS_TASK</dataObject>
<column>TITLE</column>
</columnRef>
<hidden>false</hidden>
<columnType>DIMENSION</columnType>
</column>
<column>
<name>PRIORITY</name>
<id>f83020342766474c99f3368242ed6285</id>
<displayName>Priority</displayName>
<internal>false</internal>
<useHive>false</useHive>
<systemManaged>false</systemManaged>
<isEditable>true</isEditable>
<columnRef>
<dataObject>ORACLE_PROCESSANALYTICS_TASK</dataObject>
<column>PRIORITY</column>
</columnRef>
<hidden>false</hidden>
<columnType>DIMENSION</columnType>
</column>
<column>
<name>CATEGORY</name>
<id>587f6da14cfc4fb691a897aabd96879b</id>
<displayName>Category</displayName>
<internal>false</internal>
<useHive>false</useHive>
<systemManaged>false</systemManaged>
<isEditable>true</isEditable>
<columnRef>
<dataObject>ORACLE_PROCESSANALYTICS_TASK</dataObject>
<column>CATEGORY</column>
</columnRef>
<hidden>false</hidden>
<columnType>ATTRIBUTE</columnType>
</column>
<column>
<name>ORGANIZATIONAL_UNIT_ID</name>
<id>92c28fcdb1794f30ac4d22d3b5ad3c2f</id>
<displayName>Organizational Unit ID</displayName>
<internal>false</internal>
<useHive>false</useHive>
<systemManaged>false</systemManaged>
<isEditable>true</isEditable>
<columnRef>
<dataObject>ORACLE_PROCESSANALYTICS_TASK</dataObject>
<column>ORGANIZATIONAL_UNIT_ID</column>
</columnRef>
<hidden>false</hidden>
<columnType>ATTRIBUTE</columnType>
</column>
<column>
<name>TASK_DEF_HWF_ID</name>
<id>53dbdffaaea44ddbb4809fea9813441c</id>
<displayName>Task Definition HWF ID</displayName>
<internal>false</internal>
<useHive>false</useHive>
<systemManaged>false</systemManaged>
<isEditable>true</isEditable>
<columnRef>
<dataObject>ORACLE_PROCESSANALYTICS_TASK_DEFINITION</dataObject>
<column>TASK_DEFINITION_HWF_ID</column>
</columnRef>
<hidden>false</hidden>
<columnType>DIMENSION</columnType>
</column>
<column>
<name>TASK_NAME_SPACE</name>
<id>1ee15bb68d5f456ea55303c3b331ea72</id>
<displayName>Task Name Space</displayName>
<internal>false</internal>
<useHive>false</useHive>
<systemManaged>false</systemManaged>
<isEditable>true</isEditable>
<columnRef>
<dataObject>ORACLE_PROCESSANALYTICS_TASK_DEFINITION</dataObject>
<column>TASK_NAME_SPACE</column>
</columnRef>
<hidden>false</hidden>
<columnType>ATTRIBUTE</columnType>
</column>
<column>
<name>TASK_DEF_NAME</name>
<id>a37b370c592f4ec9b4f484977d16e9ec</id>
<displayName>Task Definition Name</displayName>
<internal>false</internal>
<useHive>false</useHive>
<systemManaged>false</systemManaged>
<isEditable>true</isEditable>
<columnRef>
<dataObject>ORACLE_PROCESSANALYTICS_TASK_DEFINITION</dataObject>
<column>TASK_DEFINITION_NAME</column>
</columnRef>
<hidden>false</hidden>
<columnType>DIMENSION</columnType>
</column>
<column>
<name>TASK_DEF_STATUS</name>
<id>363567b607704c90a15c689a77f10b68</id>
<displayName>Task Definition Status</displayName>
<internal>false</internal>
<useHive>false</useHive>
<systemManaged>false</systemManaged>
<isEditable>true</isEditable>
<columnRef>
<dataObject>ORACLE_PROCESSANALYTICS_TASK_DEFINITION</dataObject>
<column>TASK_DEFINITION_STATUS</column>
</columnRef>
<hidden>false</hidden>
<columnType>DIMENSION</columnType>
</column>
<column>
<name>REVISION_ID</name>
<id>8b80f03f2f9d4d5aad941efe45965d57</id>
<displayName>Revision ID</displayName>
<internal>false</internal>
<useHive>false</useHive>
<systemManaged>false</systemManaged>
<isEditable>true</isEditable>
<columnRef>
<dataObject>ORACLE_PROCESSANALYTICS_TASK_DEFINITION</dataObject>
<column>REVISION_ID</column>
</columnRef>
<hidden>false</hidden>
<columnType>ATTRIBUTE</columnType>
</column>
<column>
<name>LAST_UPDATE_DATE</name>
<id>7bd248eefd8d495f94d1110a68a9f31b</id>
<displayName>Last Update Date</displayName>
<internal>false</internal>
<useHive>false</useHive>
<systemManaged>false</systemManaged>
<isEditable>true</isEditable>
<columnRef>
<dataObject>ORACLE_PROCESSANALYTICS_TASK_DEFINITION</dataObject>
<column>LAST_UPDATE_DATE</column>
</columnRef>
<hidden>false</hidden>
<columnType>ATTRIBUTE</columnType>
</column>
<column>
<name>PROCESS_NAME</name>
<id>19dd432ffde64929b36293eaf1e21124</id>
<displayName>Process Name</displayName>
<internal>false</internal>
<useHive>false</useHive>
<systemManaged>false</systemManaged>
<isEditable>true</isEditable>
<columnRef>
<dataObject>ORACLE_PROCESSANALYTICS_PROCESS_DEFINITION</dataObject>
<column>PROCESS_NAME</column>
</columnRef>
<hidden>false</hidden>
<columnType>DIMENSION</columnType>
</column>
<column>
<name>PROCESS_LABEL</name>
<id>9dff0f57caae468697f9066fa44dcda2</id>
<displayName>Process Display Name</displayName>
<internal>false</internal>
<useHive>false</useHive>
<systemManaged>false</systemManaged>
<isEditable>true</isEditable>
<columnRef>
<dataObject>ORACLE_PROCESSANALYTICS_PROCESS_DEFINITION</dataObject>
<column>PROCESS_LABEL</column>
</columnRef>
<hidden>false</hidden>
<columnType>DIMENSION</columnType>
</column>
<column>
<name>PROCESS_TYPE</name>
<id>5095ac91a44b458398286b5e1ae3cd6f</id>
<displayName>Process Type</displayName>
<internal>false</internal>
<useHive>false</useHive>
<systemManaged>false</systemManaged>
<isEditable>true</isEditable>
<columnRef>
<dataObject>ORACLE_PROCESSANALYTICS_PROCESS_DEFINITION</dataObject>
<column>PROCESS_TYPE</column>
</columnRef>
<hidden>false</hidden>
<columnType>ATTRIBUTE</columnType>
</column>
<column>
<name>COMPOSITE_DOMAIN_NAME</name>
<id>4588bd9f74514c209c2442fd895841f3</id>
<displayName>Composite Domain Name</displayName>
<internal>false</internal>
<useHive>false</useHive>
<systemManaged>false</systemManaged>
<isEditable>true</isEditable>
<columnRef>
<dataObject>ORACLE_PROCESSANALYTICS_PROCESS_DEFINITION</dataObject>
<column>COMPOSITE_DOMAIN_NAME</column>
</columnRef>
<hidden>false</hidden>
<columnType>DIMENSION</columnType>
</column>
<column>
<name>COMPOSITE_NAME</name>
<id>121a03e791824200a0757edf8be6b460</id>
<displayName>Composite Name</displayName>
<internal>false</internal>
<useHive>false</useHive>
<systemManaged>false</systemManaged>
<isEditable>true</isEditable>
<columnRef>
<dataObject>ORACLE_PROCESSANALYTICS_PROCESS_DEFINITION</dataObject>
<column>COMPOSITE_NAME</column>
</columnRef>
<hidden>false</hidden>
<columnType>DIMENSION</columnType>
</column>
<column>
<name>COMPOSITE_REVISION</name>
<id>bfed9921e039446db7fc3317a5212f21</id>
<displayName>Composite Revision</displayName>
<internal>false</internal>
<useHive>false</useHive>
<systemManaged>false</systemManaged>
<isEditable>true</isEditable>
<columnRef>
<dataObject>ORACLE_PROCESSANALYTICS_PROCESS_DEFINITION</dataObject>
<column>COMPOSITE_REVISION</column>
</columnRef>
<hidden>false</hidden>
<columnType>DIMENSION</columnType>
</column>
<column>
<name>COMPOSITE_SCALABEL</name>
<id>9cf2b1319b8948d18045fd92d849abde</id>
<displayName>Composite SCA Label</displayName>
<internal>false</internal>
<useHive>false</useHive>
<systemManaged>false</systemManaged>
<isEditable>true</isEditable>
<columnRef>
<dataObject>ORACLE_PROCESSANALYTICS_PROCESS_DEFINITION</dataObject>
<column>COMPOSITE_SCALABEL</column>
</columnRef>
<hidden>false</hidden>
<columnType>ATTRIBUTE</columnType>
</column>
<column>
<name>COMPOSITE_DN</name>
<id>f76c0003cbe84acc87179f90dc9d3b9e</id>
<displayName>Composite DN</displayName>
<internal>false</internal>
<useHive>false</useHive>
<systemManaged>false</systemManaged>
<isEditable>true</isEditable>
<columnRef>
<dataObject>ORACLE_PROCESSANALYTICS_PROCESS_DEFINITION</dataObject>
<column>COMPOSITE_DN</column>
</columnRef>
<hidden>false</hidden>
<columnType>ATTRIBUTE</columnType>
</column>
<column>
<name>PROCESS_DEPLOYMENT_STATUS</name>
<id>257b0dcf2d524787b0a4ca2f2f52a1c3</id>
<displayName>Process Deployment Status</displayName>
<internal>false</internal>
<useHive>false</useHive>
<systemManaged>false</systemManaged>
<isEditable>true</isEditable>
<columnRef>
<dataObject>ORACLE_PROCESSANALYTICS_PROCESS_DEFINITION</dataObject>
<column>PROCESS_DEPLOYMENT_STATUS</column>
</columnRef>
<hidden>false</hidden>
<columnType>ATTRIBUTE</columnType>
</column>
<column>
<name>PROCESS_MIGRATION_STATUS</name>
<id>8b1122aa9a1f4bd9bcb43694b90a3686</id>
<displayName>Process Migration Status</displayName>
<internal>false</internal>
<useHive>false</useHive>
<systemManaged>false</systemManaged>
<isEditable>true</isEditable>
<columnRef>
<dataObject>ORACLE_PROCESSANALYTICS_PROCESS_DEFINITION</dataObject>
<column>PROCESS_MIGRATION_STATUS</column>
</columnRef>
<hidden>false</hidden>
<columnType>ATTRIBUTE</columnType>
</column>
<column>
<name>ORGUNITID</name>
<id>644a4f41a8c44b2da1e2fa9326786902</id>
<displayName>Organization Unit ID</displayName>
<internal>false</internal>
<useHive>false</useHive>
<systemManaged>false</systemManaged>
<isEditable>true</isEditable>
<columnRef>
<dataObject>ORACLE_PROCESSANALYTICS_PROCESS_DEFINITION</dataObject>
<column>ORGUNITID</column>
</columnRef>
<hidden>false</hidden>
<columnType>ATTRIBUTE</columnType>
</column>
<column>
<name>PROCESS_DEPLOYDATE</name>
<id>d6f20044475b4dedb57207721a7da8bc</id>
<displayName>Process Deploy Date</displayName>
<internal>false</internal>
<useHive>false</useHive>
<systemManaged>false</systemManaged>
<isEditable>true</isEditable>
<columnRef>
<dataObject>ORACLE_PROCESSANALYTICS_PROCESS_DEFINITION</dataObject>
<column>PROCESS_DEPLOYDATE</column>
</columnRef>
<hidden>false</hidden>
<columnType>ATTRIBUTE</columnType>
</column>
<column>
<name>PROCESS_UNDEPLOYDATE</name>
<id>0e7285bd79be4500b34ec58c723b09e6</id>
<displayName>Process Undeploy Date</displayName>
<internal>false</internal>
<useHive>false</useHive>
<systemManaged>false</systemManaged>
<isEditable>true</isEditable>
<columnRef>
<dataObject>ORACLE_PROCESSANALYTICS_PROCESS_DEFINITION</dataObject>
<column>PROCESS_UNDEPLOYDATE</column>
</columnRef>
<hidden>false</hidden>
<columnType>ATTRIBUTE</columnType>
</column>
<column>
<name>PROCESS_DEFN_SUSPENDDATE</name>
<id>eedd4918cf53409aa837878899a743a9</id>
<displayName>Process Definition Suspend Date</displayName>
<internal>false</internal>
<useHive>false</useHive>
<systemManaged>false</systemManaged>
<isEditable>true</isEditable>
<columnRef>
<dataObject>ORACLE_PROCESSANALYTICS_PROCESS_DEFINITION</dataObject>
<column>PROCESS_DEFN_SUSPENDDATE</column>
</columnRef>
<hidden>false</hidden>
<columnType>ATTRIBUTE</columnType>
</column>
<column>
<name>PROCESS_DEFN_RESUMEDATE</name>
<id>da5e9b35c45641339b2979ae7bf25d52</id>
<displayName>Process Definition Resume Date</displayName>
<internal>false</internal>
<useHive>false</useHive>
<systemManaged>false</systemManaged>
<isEditable>true</isEditable>
<columnRef>
<dataObject>ORACLE_PROCESSANALYTICS_PROCESS_DEFINITION</dataObject>
<column>PROCESS_DEFN_RESUMEDATE</column>
</columnRef>
<hidden>false</hidden>
<columnType>ATTRIBUTE</columnType>
</column>
<column>
<name>PROCESS_DEFN_LASTUPDATED</name>
<id>e25ef453172b4baeafb4812560da296b</id>
<displayName>Process Definition Last Updated Date</displayName>
<internal>false</internal>
<useHive>false</useHive>
<systemManaged>false</systemManaged>
<isEditable>true</isEditable>
<columnRef>
<dataObject>ORACLE_PROCESSANALYTICS_PROCESS_DEFINITION</dataObject>
<column>PROCESS_DEFN_LASTUPDATED</column>
</columnRef>
<hidden>false</hidden>
<columnType>ATTRIBUTE</columnType>
</column>
<column>
<name>PROCESS_OWNER_ROLE</name>
<id>e189cab3ab934b2880908700ca253e4f</id>
<displayName>Process Owner Role</displayName>
<internal>false</internal>
<useHive>false</useHive>
<systemManaged>false</systemManaged>
<isEditable>true</isEditable>
<columnRef>
<dataObject>ORACLE_PROCESSANALYTICS_PROCESS_DEFINITION</dataObject>
<column>PROCESS_OWNER_ROLE</column>
</columnRef>
<hidden>false</hidden>
<columnType>ATTRIBUTE</columnType>
</column>
<column>
<name>PROCESS_REVIEWER_ROLE</name>
<id>151c18b6cd2c4ce6bc61d90924592508</id>
<displayName>Process Reviewer Role</displayName>
<internal>false</internal>
<useHive>false</useHive>
<systemManaged>false</systemManaged>
<isEditable>true</isEditable>
<columnRef>
<dataObject>ORACLE_PROCESSANALYTICS_PROCESS_DEFINITION</dataObject>
<column>PROCESS_REVIEWER_ROLE</column>
</columnRef>
<hidden>false</hidden>
<columnType>ATTRIBUTE</columnType>
</column>
<column>
<name>PROCESS_SUBTYPE</name>
<id>ccece47fa608496892c67e3207e1dfbf</id>
<displayName>Process SubType</displayName>
<internal>false</internal>
<useHive>false</useHive>
<systemManaged>false</systemManaged>
<isEditable>true</isEditable>
<columnRef>
<dataObject>ORACLE_PROCESSANALYTICS_PROCESS_DEFINITION</dataObject>
<column>PROCESS_SUBTYPE</column>
</columnRef>
<hidden>false</hidden>
<columnType>ATTRIBUTE</columnType>
</column>
<column>
<name>PROCESS_ISPRIMARY</name>
<id>91c6090e966a495797afc3ead6af8d3b</id>
<displayName>Is Primary Process</displayName>
<internal>false</internal>
<useHive>false</useHive>
<systemManaged>false</systemManaged>
<isEditable>true</isEditable>
<columnRef>
<dataObject>ORACLE_PROCESSANALYTICS_PROCESS_DEFINITION</dataObject>
<column>PROCESS_ISPRIMARY</column>
</columnRef>
<hidden>false</hidden>
<columnType>ATTRIBUTE</columnType>
</column>
<column>
<name>PROCDEF_SYS_STR01</name>
<id>44f9c6fe9b694673a8a13301f979b47b</id>
<displayName>Process Definition System String 01</displayName>
<internal>false</internal>
<useHive>false</useHive>
<systemManaged>false</systemManaged>
<isEditable>true</isEditable>
<columnRef>
<dataObject>ORACLE_PROCESSANALYTICS_PROCESS_DEFINITION</dataObject>
<column>PROCDEF_SYS_STR01</column>
</columnRef>
<hidden>false</hidden>
<columnType>ATTRIBUTE</columnType>
</column>
<column>
<name>PROCDEF_SYS_STR02</name>
<id>96f0e4932a094382bc748675d426028a</id>
<displayName>Process Definition System String 02</displayName>
<internal>false</internal>
<useHive>false</useHive>
<systemManaged>false</systemManaged>
<isEditable>true</isEditable>
<columnRef>
<dataObject>ORACLE_PROCESSANALYTICS_PROCESS_DEFINITION</dataObject>
<column>PROCDEF_SYS_STR02</column>
</columnRef>
<hidden>false</hidden>
<columnType>ATTRIBUTE</columnType>
</column>
<column>
<name>PROCDEF_SYS_STR03</name>
<id>d49dd3ed47c14d84a89ec1963f58a7b2</id>
<displayName>Process Definition System String 03</displayName>
<internal>false</internal>
<useHive>false</useHive>
<systemManaged>false</systemManaged>
<isEditable>true</isEditable>
<columnRef>
<dataObject>ORACLE_PROCESSANALYTICS_PROCESS_DEFINITION</dataObject>
<column>PROCDEF_SYS_STR03</column>
</columnRef>
<hidden>false</hidden>
<columnType>ATTRIBUTE</columnType>
</column>
<column>
<name>COMPOSITE_BACVERSION</name>
<id>0474cbdb7009424a8f20464a72eb04d0</id>
<displayName>Composite BAC Version</displayName>
<internal>false</internal>
<useHive>false</useHive>
<systemManaged>false</systemManaged>
<isEditable>true</isEditable>
<columnRef>
<dataObject>ORACLE_PROCESSANALYTICS_COMPOSITE_DEFINITION</dataObject>
<column>COMPOSITE_BACVERSION</column>
</columnRef>
<hidden>false</hidden>
<columnType>ATTRIBUTE</columnType>
</column>
<column>
<name>COMPOSITE_DEPLOY_STATUS</name>
<id>b72f0380fc3947bfbb6dc16fd1f69b51</id>
<displayName>Composite Deployment Status</displayName>
<internal>false</internal>
<useHive>false</useHive>
<systemManaged>false</systemManaged>
<isEditable>true</isEditable>
<columnRef>
<dataObject>ORACLE_PROCESSANALYTICS_COMPOSITE_DEFINITION</dataObject>
<column>COMPOSITE_DEPLOY_STATUS</column>
</columnRef>
<hidden>false</hidden>
<columnType>ATTRIBUTE</columnType>
</column>
<column>
<name>COMPOSITE_DEPLOYDATE</name>
<id>9a24dd3bb1bb44daa4711f528fcebb3a</id>
<displayName>Composite Deploy Date</displayName>
<internal>false</internal>
<useHive>false</useHive>
<systemManaged>false</systemManaged>
<isEditable>true</isEditable>
<columnRef>
<dataObject>ORACLE_PROCESSANALYTICS_COMPOSITE_DEFINITION</dataObject>
<column>COMPOSITE_DEPLOYDATE</column>
</columnRef>
<hidden>false</hidden>
<columnType>ATTRIBUTE</columnType>
</column>
<column>
<name>COMPOSITE_UNDEPLOYDATE</name>
<id>34f6645f00004e7bb6ec489017580123</id>
<displayName>Composite Undeploy Date</displayName>
<internal>false</internal>
<useHive>false</useHive>
<systemManaged>false</systemManaged>
<isEditable>true</isEditable>
<columnRef>
<dataObject>ORACLE_PROCESSANALYTICS_COMPOSITE_DEFINITION</dataObject>
<column>COMPOSITE_UNDEPLOYDATE</column>
</columnRef>
<hidden>false</hidden>
<columnType>ATTRIBUTE</columnType>
</column>
<column>
<name>COMPOSITE_LASTUPDATED</name>
<id>cca29b1f7be443f281cae8352913a54e</id>
<displayName>Composite Lastupdated Date</displayName>
<internal>false</internal>
<useHive>false</useHive>
<systemManaged>false</systemManaged>
<isEditable>true</isEditable>
<columnRef>
<dataObject>ORACLE_PROCESSANALYTICS_COMPOSITE_DEFINITION</dataObject>
<column>COMPOSITE_LASTUPDATED</column>
</columnRef>
<hidden>false</hidden>
<columnType>ATTRIBUTE</columnType>
</column>
<column>
<name>ANALYTICS_VIEWER_ROLE</name>
<id>eb10e7bf0a9a4143ab20368053cdd586</id>
<displayName>Analytics Viewer Role</displayName>
<internal>false</internal>
<useHive>false</useHive>
<systemManaged>false</systemManaged>
<isEditable>true</isEditable>
<columnRef>
<dataObject>ORACLE_PROCESSANALYTICS_COMPOSITE_DEFINITION</dataObject>
<column>ANALYTICS_VIEWER_ROLE</column>
</columnRef>
<hidden>false</hidden>
<columnType>ATTRIBUTE</columnType>
</column>
<column>
<name>COMPOSITEDEF_SYS_STR01</name>
<id>1842d938c9764dc39a999d793b4fb0a6</id>
<displayName>Composite Definition System String 01</displayName>
<internal>false</internal>
<useHive>false</useHive>
<systemManaged>false</systemManaged>
<isEditable>true</isEditable>
<columnRef>
<dataObject>ORACLE_PROCESSANALYTICS_COMPOSITE_DEFINITION</dataObject>
<column>COMPOSITEDEF_SYS_STR01</column>
</columnRef>
<hidden>false</hidden>
<columnType>ATTRIBUTE</columnType>
</column>
<column>
<name>COMPOSITEDEF_SYS_STR02</name>
<id>3bbae026ffd641adabd7188367bb2d22</id>
<displayName>Composite Definition System String 02</displayName>
<internal>false</internal>
<useHive>false</useHive>
<systemManaged>false</systemManaged>
<isEditable>true</isEditable>
<columnRef>
<dataObject>ORACLE_PROCESSANALYTICS_COMPOSITE_DEFINITION</dataObject>
<column>COMPOSITEDEF_SYS_STR02</column>
</columnRef>
<hidden>false</hidden>
<columnType>ATTRIBUTE</columnType>
</column>
<column>
<name>COMPOSITEDEF_SYS_STR03</name>
<id>0ebff3a6a14747be99d68c6c572a5827</id>
<displayName>Composite Definition System String 03</displayName>
<internal>false</internal>
<useHive>false</useHive>
<systemManaged>false</systemManaged>
<isEditable>true</isEditable>
<columnRef>
<dataObject>ORACLE_PROCESSANALYTICS_COMPOSITE_DEFINITION</dataObject>
<column>COMPOSITEDEF_SYS_STR03</column>
</columnRef>
<hidden>false</hidden>
<columnType>ATTRIBUTE</columnType>
</column>
<column>
<name>ACTIVITY_NAME</name>
<id>cfe4bc4164df46d58798d078ac32028b</id>
<displayName>Activity Name</displayName>
<internal>false</internal>
<useHive>false</useHive>
<systemManaged>false</systemManaged>
<isEditable>true</isEditable>
<columnRef>
<dataObject>ORACLE_PROCESSANALYTICS_ACTIVITY_DEFINITION</dataObject>
<column>ACTIVITY_NAME</column>
</columnRef>
<hidden>false</hidden>
<columnType>DIMENSION</columnType>
</column>
<column>
<name>ACTIVITY_LABEL</name>
<id>1d3840fc8afc4e41a6cea99a1552732a</id>
<displayName>Activity Display Name</displayName>
<internal>false</internal>
<useHive>false</useHive>
<systemManaged>false</systemManaged>
<isEditable>true</isEditable>
<columnRef>
<dataObject>ORACLE_PROCESSANALYTICS_ACTIVITY_DEFINITION</dataObject>
<column>ACTIVITY_LABEL</column>
</columnRef>
<hidden>false</hidden>
<columnType>DIMENSION</columnType>
</column>
<column>
<name>ACTIVITY_TYPE</name>
<id>e59962dd0a1e4e0b911d4066a75d6720</id>
<displayName>Activity Type</displayName>
<internal>false</internal>
<useHive>false</useHive>
<systemManaged>false</systemManaged>
<isEditable>true</isEditable>
<columnRef>
<dataObject>ORACLE_PROCESSANALYTICS_ACTIVITY_DEFINITION</dataObject>
<column>ACTIVITY_TYPE</column>
</columnRef>
<hidden>false</hidden>
<columnType>ATTRIBUTE</columnType>
</column>
<column>
<name>ACTVDEF_SYS_STR01</name>
<id>bc1c4852baa345949a20d9d824dddf0a</id>
<displayName>Activity Definition System String 01</displayName>
<internal>false</internal>
<useHive>false</useHive>
<systemManaged>false</systemManaged>
<isEditable>true</isEditable>
<columnRef>
<dataObject>ORACLE_PROCESSANALYTICS_ACTIVITY_DEFINITION</dataObject>
<column>ACTVDEF_SYS_STR01</column>
</columnRef>
<hidden>false</hidden>
<columnType>ATTRIBUTE</columnType>
</column>
<column>
<name>ACTVDEF_SYS_STR02</name>
<id>6e018ac927dc48a686e4899047fca7b9</id>
<displayName>Activity Definition System String 02</displayName>
<internal>false</internal>
<useHive>false</useHive>
<systemManaged>false</systemManaged>
<isEditable>true</isEditable>
<columnRef>
<dataObject>ORACLE_PROCESSANALYTICS_ACTIVITY_DEFINITION</dataObject>
<column>ACTVDEF_SYS_STR02</column>
</columnRef>
<hidden>false</hidden>
<columnType>ATTRIBUTE</columnType>
</column>
<column>
<name>ACTVDEF_SYS_STR03</name>
<id>5378f728eae841fc8acd3999eb6a81dc</id>
<displayName>Activity Definition System String 03</displayName>
<internal>false</internal>
<useHive>false</useHive>
<systemManaged>false</systemManaged>
<isEditable>true</isEditable>
<columnRef>
<dataObject>ORACLE_PROCESSANALYTICS_ACTIVITY_DEFINITION</dataObject>
<column>ACTVDEF_SYS_STR03</column>
</columnRef>
<hidden>false</hidden>
<columnType>ATTRIBUTE</columnType>
</column>
<column>
<name>DATAOBJECT_CREATED</name>
<id>c8bc8b60b2de4e2e940a42d06393697e</id>
<displayName>DATAOBJECT_CREATED</displayName>
<internal>false</internal>
<useHive>false</useHive>
<systemManaged>false</systemManaged>
<isEditable>true</isEditable>
<columnRef>
<dataObject>ORACLE_PROCESSANALYTICS_TASK</dataObject>
<column>DATAOBJECT_CREATED</column>
</columnRef>
<hidden>false</hidden>
<columnType>ATTRIBUTE</columnType>
</column>
</columns>
<hierarchies>
<hierarchy>
<name>TaskOutcome</name>
<id>1af601690ff445a58748f8316ee8e204</id>
<displayName>Task Outcome Hierarchy</displayName>
<internal>false</internal>
<useHive>false</useHive>
<systemManaged>false</systemManaged>
<isEditable>true</isEditable>
<columns>
<column>
<dataObject>ORACLE_PROCESSANALYTICS_HWF_TASK</dataObject>
<column>TITLE</column>
</column>
<column>
<dataObject>ORACLE_PROCESSANALYTICS_HWF_TASK</dataObject>
<column>OUTCOME</column>
</column>
</columns>
</hierarchy>
</hierarchies>
<joins>
<join>
<id>8fc0f75b23df43aca68483ff9ede6aa2</id>
<internal>false</internal>
<useHive>false</useHive>
<systemManaged>false</systemManaged>
<isEditable>true</isEditable>
<leftColumns>
<column>
<dataObject>ORACLE_PROCESSANALYTICS_TASK</dataObject>
<column>TASK_DEFINITION_ID</column>
</column>
</leftColumns>
<rightColumns>
<column>
<dataObject>ORACLE_PROCESSANALYTICS_TASK_DEFINITION</dataObject>
<column>BEAM_ID</column>
</column>
</rightColumns>
<joinType>innerJoin</joinType>
</join>
<join>
<id>1432d1589db54068962befd6bbbbdce1</id>
<internal>false</internal>
<useHive>false</useHive>
<systemManaged>false</systemManaged>
<isEditable>true</isEditable>
<leftColumns>
<column>
<dataObject>ORACLE_PROCESSANALYTICS_TASK</dataObject>
<column>PROCESS_DEFINITION_ID</column>
</column>
</leftColumns>
<rightColumns>
<column>
<dataObject>ORACLE_PROCESSANALYTICS_PROCESS_DEFINITION</dataObject>
<column>BEAM_ID</column>
</column>
</rightColumns>
<joinType>innerJoin</joinType>
</join>
<join>
<id>0962cc89985240e490264c7be9899d75</id>
<internal>false</internal>
<useHive>false</useHive>
<systemManaged>false</systemManaged>
<isEditable>true</isEditable>
<leftColumns>
<column>
<dataObject>ORACLE_PROCESSANALYTICS_TASK</dataObject>
<column>COMPOSITE_DEFINITION_ID</column>
</column>
</leftColumns>
<rightColumns>
<column>
<dataObject>ORACLE_PROCESSANALYTICS_COMPOSITE_DEFINITION</dataObject>
<column>BEAM_ID</column>
</column>
</rightColumns>
<joinType>innerJoin</joinType>
</join>
<join>
<id>2c89af33edbd4933b3870d4b85aa0ff6</id>
<internal>false</internal>
<useHive>false</useHive>
<systemManaged>false</systemManaged>
<isEditable>true</isEditable>
<leftColumns>
<column>
<dataObject>ORACLE_PROCESSANALYTICS_TASK</dataObject>
<column>ACTIVITY_DEFINITION_ID</column>
</column>
</leftColumns>
<rightColumns>
<column>
<dataObject>ORACLE_PROCESSANALYTICS_ACTIVITY_DEFINITION</dataObject>
<column>BEAM_ID</column>
</column>
</rightColumns>
<joinType>innerJoin</joinType>
</join>
</joins>
<filter>
<type>ALL</type>
<branches/>
<entries/>
<none>false</none>
</filter>
<eventIdColName>BEAM_ID</eventIdColName>
<bIncludeCFinView>false</bIncludeCFinView>
</ns0:logicalDataObject>