<?xml version = '1.0' encoding = 'UTF-8'?>
<ns0:businessQuery xmlns:ns0="http://xmlns.oracle.com/bam/bam12">
<name>InTeRnAlNaMeQuery__1476199799669_DeTaIlEd</name>
<id>/project/Anki/businessquery/InTeRnAlNaMeQuery__1476199799669_DeTaIlEd</id>
<internal>true</internal>
<useHive>false</useHive>
<systemManaged>false</systemManaged>
<createdDate>2016-10-11T11:29:59.723-04:00</createdDate>
<modifiedDate>2016-10-25T06:05:00.816-04:00</modifiedDate>
<createdBy>weblogic</createdBy>
<modifiedBy>weblogic</modifiedBy>
<type>FLAT</type>
<projectName>Anki</projectName>
<dataObjectName>lap</dataObjectName>
<selectedFields>
<field>DATAOBJECT_CREATED</field>
<field>DATAOBJECT_MODIFIED</field>
<field>DEMOZONE</field>
<field>RACESTATUS</field>
<field>EVENTTIME</field>
<field>CARNAME</field>
<field>RACEID</field>
<field>LAP</field>
<field>LAPTIME</field>
</selectedFields>
<dataSeries/>
<labelSeries/>
<groups/>
<timeGroupings>
<entries/>
</timeGroupings>
<calculatedFields/>
<runtimeFilter>
<name>runtimeFilter</name>
<type>ALL</type>
<branches/>
<entries/>
<none>false</none>
</runtimeFilter>
<internalFilter>
<type>ALL</type>
<branches>
<branch>
<name>internalFilter</name>
<type>ALL</type>
<branches/>
<entries/>
<none>false</none>
</branch>
</branches>
<entries>
<entry>
<column>RACEID</column>
<lhsColumn/>
<operator>EQ</operator>
<rhsValue>
<beamObjectRef>
<itemType>Parameter</itemType>
<projectName>Anki</projectName>
<itemName>InTeRnAlNaMeQuery__1476199799669_DeTaIlEd_RACEID</itemName>
</beamObjectRef>
</rhsValue>
<isDateTimeLike>false</isDateTimeLike>
<dateCompareMode>DATETIME</dateCompareMode>
</entry>
<entry>
<column>CARNAME</column>
<lhsColumn/>
<operator>EQ</operator>
<rhsValue>
<beamObjectRef>
<itemType>Parameter</itemType>
<projectName>Anki</projectName>
<itemName>InTeRnAlNaMeQuery__1476199799669_DeTaIlEd_CARNAME</itemName>
</beamObjectRef>
</rhsValue>
<isDateTimeLike>false</isDateTimeLike>
<dateCompareMode>DATETIME</dateCompareMode>
</entry>
</entries>
<none>false</none>
</internalFilter>
<groupFilter>
<name>groupFilter</name>
<type>ALL</type>
<branches/>
<entries/>
<none>false</none>
</groupFilter>
<topN>0</topN>
<topNEnabled>false</topNEnabled>
<opaque>false</opaque>
<opaqueSqlType>oracle</opaqueSqlType>
<opaqueSql/>
<dataSourceName/>
<sorts>
<entries/>
</sorts>
</ns0:businessQuery>