<?xml version="1.0" encoding="UTF-8"?><SecurityFilters><SecurityFilter role="BPMContentViewer"><filter><type>ALL</type><branches/><entries><entry><column>BEAM_ID</column><lhsColumn><name>BEAM_ID</name><displayName>BEAM_ID</displayName></lhsColumn><operator>NOTNULL</operator><rhsValue/><isDateTimeLike>false</isDateTimeLike><dateCompareMode>DATETIME</dateCompareMode></entry></entries><none>false</none></filter></SecurityFilter><SecurityFilter role="BAMAdministrator"><filter><type>ALL</type><branches/><entries><entry><column>BEAM_ID</column><lhsColumn><name>BEAM_ID</name><displayName>BEAM_ID</displayName></lhsColumn><operator>NOTNULL</operator><rhsValue/><isDateTimeLike>false</isDateTimeLike><dateCompareMode>DATETIME</dateCompareMode></entry></entries><none>false</none></filter></SecurityFilter><SecurityFilter role="BAMDefaultFilter"><filter><type>ANY</type><branches/><entries><entry><column>ANALYTICS_VIEWER_ROLE</column><lhsColumn><name>ANALYTICS_VIEWER_ROLE</name><displayName>Analytics Viewer Role</displayName></lhsColumn><operator>EQ</operator><rhsValue><value xmlns:xsd="http://www.w3.org/2001/XMLSchema" xmlns:xsi="http://www.w3.org/2001/XMLSchema-instance" xsi:type="xsd:string">&amp;user_app_roles</value></rhsValue><isDateTimeLike>false</isDateTimeLike><dateCompareMode>DATETIME</dateCompareMode></entry><entry><column>ANALYTICS_OWNER_ROLE</column><lhsColumn><name>ANALYTICS_OWNER_ROLE</name><displayName>Analytics Owner Role</displayName></lhsColumn><operator>EQ</operator><rhsValue><value xmlns:xsd="http://www.w3.org/2001/XMLSchema" xmlns:xsi="http://www.w3.org/2001/XMLSchema-instance" xsi:type="xsd:string">&amp;user_app_roles</value></rhsValue><isDateTimeLike>false</isDateTimeLike><dateCompareMode>DATETIME</dateCompareMode></entry></entries><none>false</none></filter></SecurityFilter></SecurityFilters>