<?xml version = '1.0' encoding = 'UTF-8'?>
<mds:customization version="12.2.1_20160607.2047" xmlns:mds="http://xmlns.oracle.com/mds" motype_local_name="DataControlConfigs" motype_nsuri="http://xmlns.oracle.com/adfm/configuration">
<mds:insert parent="(xmlns(mds_ns1=http://xmlns.oracle.com/adfm/configuration))/mds_ns1:DataControlConfigs" position="last">
<AdapterDataControl id="Anki_Select_Race" FactoryClass="oracle.beam.datacontrol.adapter.BeamDataControlFactoryImpl" ImplDef="oracle.beam.datacontrol.adapter.BeamDataControlDefinition" SupportsTransactions="false" SupportsSortCollection="false" SupportsResetState="false" SupportsRangesize="false" SupportsFindMode="false" SupportsUpdates="false" Definition="oracle.beam.datacontrol.definition.Anki_Select_Race" BeanClass="oracle.beam.datacontrol.definition.Anki_Select_Race" xmlns="http://xmlns.oracle.com/adfm/datacontrol">
<Source>
<BeamDataControl xmlns="http://xmlns.oracle.com/bam/datacontrol" connection="BAMServerConnection1">
<Modifiers>
<Modifier version="1.0" type="FLAT" dataset="race" queryName="Select_Race" subjectArea="Anki" queryId="/project/Anki/businessquery/Select_Race">
<FieldRefs>
<DatasetField fieldRefID="0" datasetField="BEAM_ID" datasetFieldDisplayName="BEAM_ID" order="0" dataType="INTEGER" isGroupLevel="false"/>
<DatasetField fieldRefID="1" datasetField="DATAOBJECT_CREATED" datasetFieldDisplayName="DATAOBJECT_CREATED" order="1" dataType="DATETIME" isGroupLevel="false"/>
<DatasetField fieldRefID="2" datasetField="DATAOBJECT_MODIFIED" datasetFieldDisplayName="DATAOBJECT_MODIFIED" order="2" dataType="DATETIME" isGroupLevel="false"/>
<DatasetField fieldRefID="3" datasetField="DEMOZONE" datasetFieldDisplayName="Demo Zone" order="3" dataType="STRING" isGroupLevel="false"/>
<DatasetField fieldRefID="4" datasetField="RACEID" datasetFieldDisplayName="Race ID" order="4" dataType="INTEGER" isGroupLevel="false"/>
</FieldRefs>
<CalculatedFields/>
<RecordFields>
<RecordField fieldID="0" order="0" fieldRefID="0" datasetField="BEAM_ID" dataType="INTEGER" datasetFieldAlias="BEAM_ID"/>
<RecordField fieldID="1" order="1" fieldRefID="3" datasetField="DEMOZONE" dataType="STRING" datasetFieldAlias="Demo Zone"/>
<RecordField fieldID="2" order="2" fieldRefID="4" datasetField="RACEID" dataType="INTEGER" datasetFieldAlias="Race ID"/>
</RecordFields>
<Groups collapsed="true"/>
<Filter>
<Branch name="Root" type="ALL">
<Branch name="internalFilter" type="ALL"/>
<Branch name="runtimeFilter" type="ALL"/>
</Branch>
</Filter>
<GroupFilter>
<Branch name="groupFilter" type="ALL"/>
</GroupFilter>
<Sorts>
<Sort datasetField="DEMOZONE" order="ASC"/>
<Sort datasetField="RACEID" order="DESC"/>
</Sorts>
<Parameters/>
</Modifier>
<InsertNewRecordPosition>INSERT_AFTER</InsertNewRecordPosition>
<AuthenticationType>USE_BAM_CONNECTION_CREDENTIAL</AuthenticationType>
</Modifiers>
</BeamDataControl>
</Source>
</AdapterDataControl>
</mds:insert>
<mds:modify element="(xmlns(mds_ns1=http://xmlns.oracle.com/adfm/configuration))/mds_ns1:DataControlConfigs">
<mds:attribute name="Package" value="beam.project.Anki.businessquery.Select_Race.datacontrol.Anki_Select_Race"/>
<mds:attribute name="id" value="DataControls"/>
</mds:modify>
</mds:customization>