<?xml version = '1.0' encoding = 'UTF-8'?>
<ns0:dashboard xmlns:ns0="http://xmlns.oracle.com/bam/bam12">
<name>Anki</name>
<id>/project/Anki/dashboard/Anki</id>
<displayName>Anki</displayName>
<description>Dashboard Description</description>
<internal>false</internal>
<useHive>false</useHive>
<systemManaged>false</systemManaged>
<createdDate>2016-10-13T05:39:48.792-04:00</createdDate>
<modifiedDate>2016-10-17T04:53:26.661-04:00</modifiedDate>
<createdBy>weblogic</createdBy>
<modifiedBy>OracleSystemUser</modifiedBy>
<strExternalURL>http://129.152.128.118:9001/bam/composer/faces/proxypage?project=Anki&amp;dashboard=Anki</strExternalURL>
<m_oParameterMapping>
<m_oMapping>
<paramMapEntries/>
</m_oMapping>
</m_oParameterMapping>
<dashboardThumbnailsList/>
<m_strMetadataFile>/beam/project/Anki/dashboard/Anki/taskflow/Anki/beamDashboardAnki.xml</m_strMetadataFile>
<m_oDriverViews/>
<favorite>false</favorite>
<startOnLaunch>false</startOnLaunch>
<lastAccessTime>2016-10-17T04:53:26.653-04:00</lastAccessTime>
<shortLived>false</shortLived>
<m_oViews/>
<m_oParameters/>
<m_oFieldParameters/>
<m_oListParameters/>
<m_oValueParameters/>
<m_oBusinessViewsList/>
<m_oAllViewsList/>
<paramMapList/>
<m_oViewRefreshCondition/>
<m_oViewExternalTFFlag/>
<m_oTabbedDashboardTFList>
<dashboardTF>/beam/project/Anki/dashboard/Race/taskflow/Race/beamDashboardRace.xml#ps_taskflowid</dashboardTF>
<dashboardTF/>
<dashboardTF/>
<dashboardTF/>
<dashboardTF/>
<dashboardTF/>
</m_oTabbedDashboardTFList>
<dashboardType>tab</dashboardType>
<selectedDashs>
<selectedDash>/project/Anki/dashboard/Race</selectedDash>
<selectedDash/>
<selectedDash/>
<selectedDash/>
<selectedDash/>
<selectedDash/>
</selectedDashs>
<editMode>true</editMode>
<title>&lt;div style="text-align: left;">&lt;font color="white" size="3">&lt;font style="font-family: Tahoma,Verdana,sans-serif; background-color: rgb(20, 102, 178);" size="3">Anki&lt;/font>&lt;br>&lt;/font>&lt;/div></title>
<currentPanel>57</currentPanel>
<bgcolor>
<red>255</red>
<green>255</green>
<blue>255</blue>
<alpha>255</alpha>
</bgcolor>
<defaultBg>false</defaultBg>
<colorBg>false</colorBg>
<imageBg>false</imageBg>
<centerImage>false</centerImage>
<tileImage>false</tileImage>
<stretchImage>false</stretchImage>
<removeBorders>false</removeBorders>
<upperHeaderHeight>50px</upperHeaderHeight>
<m_strProjectName>Anki</m_strProjectName>
</ns0:dashboard>