<?xml version = '1.0' encoding = 'UTF-8'?>
<mds:customization version="12.2.1_20160607.2047" xmlns:mds="http://xmlns.oracle.com/mds" motype_local_name="DataControlConfigs" motype_nsuri="http://xmlns.oracle.com/adfm/configuration">
<mds:insert parent="(xmlns(mds_ns1=http://xmlns.oracle.com/adfm/configuration))/mds_ns1:DataControlConfigs" position="last">
<AdapterDataControl id="Anki_Time_per_lap" FactoryClass="oracle.beam.datacontrol.adapter.BeamDataControlFactoryImpl" ImplDef="oracle.beam.datacontrol.adapter.BeamDataControlDefinition" SupportsTransactions="false" SupportsSortCollection="false" SupportsResetState="false" SupportsRangesize="false" SupportsFindMode="false" SupportsUpdates="false" Definition="oracle.beam.datacontrol.definition.Anki_Time_per_lap" BeanClass="oracle.beam.datacontrol.definition.Anki_Time_per_lap" xmlns="http://xmlns.oracle.com/adfm/datacontrol">
<Source>
<BeamDataControl xmlns="http://xmlns.oracle.com/bam/datacontrol" connection="BAMServerConnection1">
<Modifiers>
<Modifier version="1.0" type="GROUP" dataset="VDO0B004030F00606000F500D0A0FD0F40F20F30F70FB" queryName="Time_per_lap" subjectArea="Anki" queryId="/project/Anki/businessquery/Time_per_lap">
<FieldRefs>
<DatasetField fieldRefID="0" datasetField="RACEID" datasetFieldDisplayName="RACEID" order="0" dataType="DECIMAL" isGroupLevel="false"/>
<DatasetField fieldRefID="1" datasetField="LAP" datasetFieldDisplayName="LAP" order="1" dataType="DECIMAL" isGroupLevel="false"/>
<DatasetField fieldRefID="2" datasetField="EVENTTIME" datasetFieldDisplayName="EVENTTIME" order="2" dataType="DATETIME" isGroupLevel="false"/>
<DatasetField fieldRefID="3" datasetField="CARNAME" datasetFieldDisplayName="CARNAME" order="3" dataType="STRING" isGroupLevel="false"/>
<DatasetField fieldRefID="4" datasetField="AVGLAP_TIME_SEC" datasetFieldDisplayName="AVGLAP_TIME_SEC" order="4" dataType="DECIMAL" isGroupLevel="false"/>
</FieldRefs>
<CalculatedFields/>
<RecordFields/>
<Groups collapsed="true">
<Group level="0"/>
<Group level="1" order="ASC" datasetField="LAP" labelFlag="false" dataType="DECIMAL"/>
<Group level="2" order="ASC" datasetField="CARNAME" labelFlag="true" dataType="STRING">
<Aggregate operandDatasetField="AVGLAP_TIME_SEC" operation="AVG" fieldID="AVGAVGLAP_TIME_SEC"/>
</Group>
</Groups>
<Filter>
<Branch name="Root" type="ALL">
<Branch name="internalFilter" type="ALL"/>
<Branch name="runtimeFilter" type="ALL"/>
</Branch>
</Filter>
<GroupFilter>
<Branch name="groupFilter" type="ALL"/>
</GroupFilter>
<Sorts/>
<OpaqueSql dataSource="BamDataSource" sqlType="oracle">SELECT * FROM ( SELECT RACEID AS RACEID, LAP AS LAP, EVENTTIME AS EVENTTIME, CARNAME AS CARNAME, AVG(ROUND((LAPTIME/1000),1)) AS AVGLap_Time_Sec  FROM BEAM_VIEW_55 GROUP BY RACEID, EVENTTIME, LAP, CARNAME ORDER BY EVENTTIME ASC, LAP ASC , CARNAME ASC  ) WHERE ROWNUM &lt;= 10240 </OpaqueSql>
<Parameters/>
</Modifier>
<InsertNewRecordPosition>INSERT_AFTER</InsertNewRecordPosition>
<AuthenticationType>USE_BAM_CONNECTION_CREDENTIAL</AuthenticationType>
</Modifiers>
</BeamDataControl>
</Source>
</AdapterDataControl>
</mds:insert>
<mds:modify element="(xmlns(mds_ns1=http://xmlns.oracle.com/adfm/configuration))/mds_ns1:DataControlConfigs">
<mds:attribute name="Package" value="beam.project.Anki.businessquery.Time_per_lap.datacontrol.Anki_Time_per_lap"/>
<mds:attribute name="id" value="DataControls"/>
</mds:modify>
</mds:customization>