<?xml version = '1.0' encoding = 'UTF-8'?>
<ns0:simpleDataObject xmlns:ns0="http://xmlns.oracle.com/bam/bam12">
<name>ORACLE_PROCESSANALYTICS_CASE_ACTIVITY_DEF</name>
<id>/dataobject/ORACLE_PROCESSANALYTICS_CASE_ACTIVITY_DEF</id>
<displayName>/oracle/processanalytics/internal/physical/CM Case Activity Definition</displayName>
<internal>false</internal>
<useHive>false</useHive>
<systemManaged>false</systemManaged>
<createdDate>2016-09-28T11:30:23.043-04:00</createdDate>
<modifiedDate>2016-09-28T11:30:23.043-04:00</modifiedDate>
<createdBy>OracleSystemUser</createdBy>
<modifiedBy>OracleSystemUser</modifiedBy>
<alias>BPM_PV_CASE_ACTIVITY_DEF_V</alias>
<flexTableConfigured>true</flexTableConfigured>
<category>CASE</category>
<calculatedFields/>
<timeHierarchies/>
<cqType>RELATION</cqType>
<cqArchived>true</cqArchived>
<cqSource>jms:topic/oracle.beam.server.event.dataobject</cqSource>
<cqStampType>SYSTEM</cqStampType>
<slowChangingDimension>false</slowChangingDimension>
<physicalName>BEAM_VIEW_20</physicalName>
<eventId>BEAM_ID</eventId>
<replayAmount>0</replayAmount>
<hidden>false</hidden>
<columns>
<column>
<name>BEAM_ID</name>
<id>d71a83e5be6649b6ac12580d984f971f</id>
<displayName>BEAM_ID</displayName>
<internal>false</internal>
<useHive>false</useHive>
<systemManaged>false</systemManaged>
<isEditable>true</isEditable>
<length>2000</length>
<nullable>true</nullable>
<unique>false</unique>
<precision>38</precision>
<scale>10</scale>
<dataType>INT</dataType>
<columnType>ATTRIBUTE</columnType>
<hidden>false</hidden>
<editable>false</editable>
</column>
<column>
<name>DATAOBJECT_CREATED</name>
<id>226453edbabf49a69d04d77a03b8e980</id>
<displayName>DATAOBJECT_CREATED</displayName>
<internal>false</internal>
<useHive>false</useHive>
<systemManaged>false</systemManaged>
<isEditable>true</isEditable>
<length>2000</length>
<nullable>true</nullable>
<unique>false</unique>
<precision>38</precision>
<scale>10</scale>
<dataType>DATETIME</dataType>
<columnType>ATTRIBUTE</columnType>
<hidden>false</hidden>
<editable>false</editable>
</column>
<column>
<name>DATAOBJECT_MODIFIED</name>
<id>c9f75d98012a43f2960e6524de5ad588</id>
<displayName>DATAOBJECT_MODIFIED</displayName>
<internal>false</internal>
<useHive>false</useHive>
<systemManaged>false</systemManaged>
<isEditable>true</isEditable>
<length>2000</length>
<nullable>true</nullable>
<unique>false</unique>
<precision>38</precision>
<scale>10</scale>
<dataType>DATETIME</dataType>
<columnType>ATTRIBUTE</columnType>
<hidden>false</hidden>
<editable>false</editable>
</column>
<column>
<name>ACTIVITY_DEFINITION_ID</name>
<id>e0a00b06b30245019623b0f0a47b15e2</id>
<displayName>ACTIVITY_DEFINITION_ID</displayName>
<internal>false</internal>
<useHive>false</useHive>
<systemManaged>false</systemManaged>
<isEditable>true</isEditable>
<length>200</length>
<nullable>false</nullable>
<unique>false</unique>
<precision>38</precision>
<scale>10</scale>
<dataType>VARCHAR</dataType>
<columnType>ATTRIBUTE</columnType>
<label>Case Activity Definition Id</label>
<hidden>false</hidden>
<editable>false</editable>
</column>
<column>
<name>CASE_DEFINITION_BEAM_ID</name>
<id>92b679c9ba8e43e5920dccceed336cca</id>
<displayName>CASE_DEFINITION_BEAM_ID</displayName>
<internal>false</internal>
<useHive>false</useHive>
<systemManaged>false</systemManaged>
<isEditable>true</isEditable>
<length>100</length>
<nullable>false</nullable>
<unique>false</unique>
<precision>38</precision>
<scale>10</scale>
<dataType>INT</dataType>
<columnType>DIMENSION</columnType>
<label>Case Definition Beam Id</label>
<hidden>false</hidden>
<editable>false</editable>
</column>
<column>
<name>COMPOSITE_DEFINITION_BEAM_ID</name>
<id>10cc368c35454756a3bea3ecabb8e7cc</id>
<displayName>COMPOSITE_DEFINITION_BEAM_ID</displayName>
<internal>false</internal>
<useHive>false</useHive>
<systemManaged>false</systemManaged>
<isEditable>true</isEditable>
<length>100</length>
<nullable>false</nullable>
<unique>false</unique>
<precision>38</precision>
<scale>10</scale>
<dataType>INT</dataType>
<columnType>ATTRIBUTE</columnType>
<label>Composite Definition Id</label>
<hidden>false</hidden>
<editable>false</editable>
</column>
<column>
<name>IS_CUSTOM</name>
<id>01e1eada388849ecb3c0f0bbd356da2f</id>
<displayName>IS_CUSTOM</displayName>
<internal>false</internal>
<useHive>false</useHive>
<systemManaged>false</systemManaged>
<isEditable>true</isEditable>
<length>1</length>
<nullable>true</nullable>
<unique>false</unique>
<precision>38</precision>
<scale>10</scale>
<dataType>INT</dataType>
<columnType>ATTRIBUTE</columnType>
<label>Is Case Activity Custom</label>
<hidden>false</hidden>
<editable>false</editable>
</column>
<column>
<name>IS_GLOBAL</name>
<id>018683f22803451bb9f7bd383768dde7</id>
<displayName>IS_GLOBAL</displayName>
<internal>false</internal>
<useHive>false</useHive>
<systemManaged>false</systemManaged>
<isEditable>true</isEditable>
<length>1</length>
<nullable>true</nullable>
<unique>false</unique>
<precision>38</precision>
<scale>10</scale>
<dataType>INT</dataType>
<columnType>ATTRIBUTE</columnType>
<label>Is Case Activity Global</label>
<hidden>false</hidden>
<editable>false</editable>
</column>
<column>
<name>IS_MANUAL</name>
<id>779025467af94eec9528435ad1e36177</id>
<displayName>IS_MANUAL</displayName>
<internal>false</internal>
<useHive>false</useHive>
<systemManaged>false</systemManaged>
<isEditable>true</isEditable>
<length>1</length>
<nullable>true</nullable>
<unique>false</unique>
<precision>38</precision>
<scale>10</scale>
<dataType>INT</dataType>
<columnType>ATTRIBUTE</columnType>
<label>Is Case Activity Manual</label>
<hidden>false</hidden>
<editable>false</editable>
</column>
<column>
<name>IS_CONDITIONAL</name>
<id>a1659fa910b64c7e8283d63ea9f567e9</id>
<displayName>IS_CONDITIONAL</displayName>
<internal>false</internal>
<useHive>false</useHive>
<systemManaged>false</systemManaged>
<isEditable>true</isEditable>
<length>1</length>
<nullable>true</nullable>
<unique>false</unique>
<precision>38</precision>
<scale>10</scale>
<dataType>INT</dataType>
<columnType>ATTRIBUTE</columnType>
<label>Is Case Activity Conditional</label>
<hidden>false</hidden>
<editable>false</editable>
</column>
<column>
<name>IS_CASE_SPECIFIC</name>
<id>951369719d5b4371bae751d269bae6af</id>
<displayName>IS_CASE_SPECIFIC</displayName>
<internal>false</internal>
<useHive>false</useHive>
<systemManaged>false</systemManaged>
<isEditable>true</isEditable>
<length>1</length>
<nullable>true</nullable>
<unique>false</unique>
<precision>38</precision>
<scale>10</scale>
<dataType>INT</dataType>
<columnType>ATTRIBUTE</columnType>
<label>Is Case Activity specific</label>
<hidden>false</hidden>
<editable>false</editable>
</column>
<column>
<name>IS_REQUIRED</name>
<id>22355ce3116f4fdfb62ba22fee4cae20</id>
<displayName>IS_REQUIRED</displayName>
<internal>false</internal>
<useHive>false</useHive>
<systemManaged>false</systemManaged>
<isEditable>true</isEditable>
<length>1</length>
<nullable>true</nullable>
<unique>false</unique>
<precision>38</precision>
<scale>10</scale>
<dataType>INT</dataType>
<columnType>ATTRIBUTE</columnType>
<label>Is Case Activity required</label>
<hidden>false</hidden>
<editable>false</editable>
</column>
<column>
<name>IS_REPEATABLE</name>
<id>31fd746b64b74a0e8148fe59642b8c5e</id>
<displayName>IS_REPEATABLE</displayName>
<internal>false</internal>
<useHive>false</useHive>
<systemManaged>false</systemManaged>
<isEditable>true</isEditable>
<length>1</length>
<nullable>true</nullable>
<unique>false</unique>
<precision>38</precision>
<scale>10</scale>
<dataType>INT</dataType>
<columnType>ATTRIBUTE</columnType>
<label>Is Case Activity repeatable</label>
<hidden>false</hidden>
<editable>false</editable>
</column>
<column>
<name>TASK_DEFINITION_NAME</name>
<id>0af23cf3933847cfbefe55d95ad46241</id>
<displayName>TASK_DEFINITION_NAME</displayName>
<internal>false</internal>
<useHive>false</useHive>
<systemManaged>false</systemManaged>
<isEditable>true</isEditable>
<length>200</length>
<nullable>true</nullable>
<unique>false</unique>
<precision>38</precision>
<scale>10</scale>
<dataType>VARCHAR</dataType>
<columnType>DIMENSION</columnType>
<hidden>false</hidden>
<editable>false</editable>
</column>
<column>
<name>PROCESS_DEFINITION_NAME</name>
<id>c02a205554024c658c0c1ade43fe86ff</id>
<displayName>PROCESS_DEFINITION_NAME</displayName>
<internal>false</internal>
<useHive>false</useHive>
<systemManaged>false</systemManaged>
<isEditable>true</isEditable>
<length>100</length>
<nullable>true</nullable>
<unique>false</unique>
<precision>38</precision>
<scale>10</scale>
<dataType>VARCHAR</dataType>
<columnType>DIMENSION</columnType>
<hidden>false</hidden>
<editable>false</editable>
</column>
<column>
<name>CASE_ACTIVITY_DEFINITION_NAME</name>
<id>96797230f7be463b99a17dd865150cc4</id>
<displayName>CASE_ACTIVITY_DEFINITION_NAME</displayName>
<internal>false</internal>
<useHive>false</useHive>
<systemManaged>false</systemManaged>
<isEditable>true</isEditable>
<length>255</length>
<nullable>true</nullable>
<unique>false</unique>
<precision>38</precision>
<scale>10</scale>
<dataType>VARCHAR</dataType>
<columnType>DIMENSION</columnType>
<hidden>false</hidden>
<editable>false</editable>
</column>
<column>
<name>CASE_ACTIVITY_DEFINITION_TYPE</name>
<id>6322f869cdc840fe993a7b9545d094d6</id>
<displayName>CASE_ACTIVITY_DEFINITION_TYPE</displayName>
<internal>false</internal>
<useHive>false</useHive>
<systemManaged>false</systemManaged>
<isEditable>true</isEditable>
<length>20</length>
<nullable>true</nullable>
<unique>false</unique>
<precision>38</precision>
<scale>10</scale>
<dataType>VARCHAR</dataType>
<columnType>DIMENSION</columnType>
<hidden>false</hidden>
<editable>false</editable>
</column>
</columns>
<indexes>
<index>
<name>ORA_PA_CASE_ACTIVITY_DEF_IDX0</name>
<id>3e533cc339324d3d8dd2c43048e0aac4</id>
<internal>false</internal>
<useHive>false</useHive>
<systemManaged>false</systemManaged>
<isEditable>true</isEditable>
<unique>false</unique>
<columns>
<columnRef>
<dataObject>ORACLE_PROCESSANALYTICS_CASE_ACTIVITY_DEF</dataObject>
<column>CASE_DEFINITION_BEAM_ID</column>
</columnRef>
</columns>
</index>
<index>
<name>ORA_PA_CASE_ACTIVITY_DEF_IDX1</name>
<id>7527d2c18d374faaad61cae8c6899bd2</id>
<internal>false</internal>
<useHive>false</useHive>
<systemManaged>false</systemManaged>
<isEditable>true</isEditable>
<unique>false</unique>
<columns>
<columnRef>
<dataObject>ORACLE_PROCESSANALYTICS_CASE_ACTIVITY_DEF</dataObject>
<column>COMPOSITE_DEFINITION_BEAM_ID</column>
</columnRef>
</columns>
</index>
</indexes>
<hierarchies/>
<flexLimitation>
<totalDecimals>25</totalDecimals>
<totalStrings>25</totalStrings>
<totalIntegers>25</totalIntegers>
<totalFloats>25</totalFloats>
<totalDates>10</totalDates>
<totalLongStrings>25</totalLongStrings>
</flexLimitation>
</ns0:simpleDataObject>