<?xml version = '1.0' encoding = 'UTF-8'?>
<ns0:valueParameter xmlns:ns0="http://xmlns.oracle.com/bam/bam12">
<name>CURRENTRACE</name>
<id>/project/Anki/parameter/CURRENTRACE</id>
<displayName>Current Race</displayName>
<internal>false</internal>
<useHive>false</useHive>
<systemManaged>false</systemManaged>
<createdDate>2016-10-15T11:58:41.814-04:00</createdDate>
<modifiedDate>2016-10-15T11:58:52.973-04:00</modifiedDate>
<createdBy>weblogic</createdBy>
<modifiedBy>weblogic</modifiedBy>
<inDataObject>false</inDataObject>
<dataType>INT</dataType>
<required>true</required>
<value/>
<defaultValue>
<specialValue>ALL</specialValue>
</defaultValue>
</ns0:valueParameter>