<?xml version = '1.0' encoding = 'UTF-8'?>
<ns0:businessQuery xmlns:ns0="http://xmlns.oracle.com/bam/bam12">
<name>Drone_Status</name>
<id>/project/Anki/businessquery/Drone_Status</id>
<displayName>Drone_Status</displayName>
<internal>false</internal>
<useHive>false</useHive>
<systemManaged>false</systemManaged>
<createdDate>2016-10-15T13:14:25.558-04:00</createdDate>
<modifiedDate>2016-10-15T13:41:45.754-04:00</modifiedDate>
<createdBy>weblogic</createdBy>
<modifiedBy>weblogic</modifiedBy>
<type>FLAT</type>
<projectName>Anki</projectName>
<dataObjectName>dronestatus</dataObjectName>
<selectedFields>
<field>STATUS</field>
</selectedFields>
<dataSeries/>
<labelSeries/>
<groups/>
<timeGroupings>
<entries/>
</timeGroupings>
<calculatedFields/>
<runtimeFilter>
<name>runtimeFilter</name>
<type>ALL</type>
<branches/>
<entries/>
<none>false</none>
</runtimeFilter>
<internalFilter>
<name>internalFilter</name>
<type>ALL</type>
<branches/>
<entries>
<entry>
<column>DEMOZONE</column>
<lhsColumn>
<name>DEMOZONE</name>
<displayName>Demo Zone</displayName>
</lhsColumn>
<operator>EQ</operator>
<rhsValue>
<value xmlns:xsd="http://www.w3.org/2001/XMLSchema" xmlns:xsi="http://www.w3.org/2001/XMLSchema-instance" xsi:type="xsd:string">MADRID</value>
</rhsValue>
<isDateTimeLike>false</isDateTimeLike>
<dateCompareMode>DATETIME</dateCompareMode>
</entry>
</entries>
<none>false</none>
</internalFilter>
<groupFilter>
<name>groupFilter</name>
<type>ALL</type>
<branches/>
<entries/>
<none>false</none>
</groupFilter>
<topN>1</topN>
<topNEnabled>false</topNEnabled>
<opaque>false</opaque>
<opaqueSqlType>oracle</opaqueSqlType>
<opaqueSql/>
<dataSourceName/>
<sorts>
<entries/>
</sorts>
</ns0:businessQuery>