<?xml version = '1.0' encoding = 'UTF-8'?>
<mds:customization version="12.2.1_20160607.2047" xmlns:mds="http://xmlns.oracle.com/mds" motype_local_name="DataControlConfigs" motype_nsuri="http://xmlns.oracle.com/adfm/configuration">
<mds:insert parent="(xmlns(mds_ns1=http://xmlns.oracle.com/adfm/configuration))/mds_ns1:DataControlConfigs" position="last">
<AdapterDataControl id="Anki_Offtracks" FactoryClass="oracle.beam.datacontrol.adapter.BeamDataControlFactoryImpl" ImplDef="oracle.beam.datacontrol.adapter.BeamDataControlDefinition" SupportsTransactions="false" SupportsSortCollection="false" SupportsResetState="false" SupportsRangesize="false" SupportsFindMode="false" SupportsUpdates="false" Definition="oracle.beam.datacontrol.definition.Anki_Offtracks" BeanClass="oracle.beam.datacontrol.definition.Anki_Offtracks" xmlns="http://xmlns.oracle.com/adfm/datacontrol">
<Source>
<BeamDataControl xmlns="http://xmlns.oracle.com/bam/datacontrol" connection="BAMServerConnection1">
<Modifiers>
<Modifier version="1.0" type="GROUP" dataset="offtrack" queryName="Offtracks" subjectArea="Anki" queryId="/project/Anki/businessquery/Offtracks">
<FieldRefs>
<DatasetField fieldRefID="0" datasetField="BEAM_ID" datasetFieldDisplayName="BEAM_ID" order="0" dataType="INTEGER" isGroupLevel="false"/>
<DatasetField fieldRefID="1" datasetField="DATAOBJECT_CREATED" datasetFieldDisplayName="DATAOBJECT_CREATED" order="1" dataType="DATETIME" isGroupLevel="false"/>
<DatasetField fieldRefID="2" datasetField="DATAOBJECT_MODIFIED" datasetFieldDisplayName="DATAOBJECT_MODIFIED" order="2" dataType="DATETIME" isGroupLevel="false"/>
<DatasetField fieldRefID="3" datasetField="DEMOZONE" datasetFieldDisplayName="Demo Zone" order="3" dataType="STRING" isGroupLevel="false"/>
<DatasetField fieldRefID="4" datasetField="RACESTATUS" datasetFieldDisplayName="Race Status" order="4" dataType="STRING" isGroupLevel="false"/>
<DatasetField fieldRefID="5" datasetField="EVENTTIME" datasetFieldDisplayName="Event Time" order="5" dataType="DATETIME" isGroupLevel="false"/>
<DatasetField fieldRefID="6" datasetField="CARNAME" datasetFieldDisplayName="Car Name" order="6" dataType="STRING" isGroupLevel="false"/>
<DatasetField fieldRefID="7" datasetField="RACEID" datasetFieldDisplayName="Race ID" order="7" dataType="INTEGER" isGroupLevel="false"/>
<DatasetField fieldRefID="8" datasetField="LAP" datasetFieldDisplayName="Lap" order="8" dataType="INTEGER" isGroupLevel="false"/>
<DatasetField fieldRefID="9" datasetField="MESSAGE" datasetFieldDisplayName="Message" order="9" dataType="STRING" isGroupLevel="false"/>
<DatasetField fieldRefID="10" datasetField="LASTKNOWNTRACK" datasetFieldDisplayName="Last Known Track" order="10" dataType="INTEGER" isGroupLevel="false"/>
</FieldRefs>
<CalculatedFields/>
<RecordFields/>
<Groups collapsed="true">
<Group level="0"/>
<Group level="1" order="ASC" datasetField="CARNAME" labelFlag="false" dataType="STRING">
<Aggregate operandDatasetField="*" operation="COUNT" fieldID="COUNTX"/>
</Group>
</Groups>
<Filter>
<Branch name="Root" type="ALL">
<Branch name="internalFilter" type="ALL"/>
<Branch name="runtimeFilter" type="ALL"/>
</Branch>
</Filter>
<GroupFilter>
<Branch name="groupFilter" type="ALL"/>
</GroupFilter>
<Sorts/>
<Parameters/>
</Modifier>
<InsertNewRecordPosition>INSERT_AFTER</InsertNewRecordPosition>
<AuthenticationType>USE_BAM_CONNECTION_CREDENTIAL</AuthenticationType>
</Modifiers>
</BeamDataControl>
</Source>
</AdapterDataControl>
</mds:insert>
<mds:modify element="(xmlns(mds_ns1=http://xmlns.oracle.com/adfm/configuration))/mds_ns1:DataControlConfigs">
<mds:attribute name="Package" value="beam.project.Anki.businessquery.Offtracks.datacontrol.Anki_Offtracks"/>
<mds:attribute name="id" value="DataControls"/>
</mds:modify>
</mds:customization>