<?xml version = '1.0' encoding = 'UTF-8'?>
<ns0:beamProject xmlns:ns0="http://xmlns.oracle.com/bam/bam12">
<name>Anki</name>
<id>/project/Anki</id>
<displayName>Anki</displayName>
<internal>false</internal>
<useHive>false</useHive>
<systemManaged>false</systemManaged>
<createdDate>2016-10-10T10:00:23.002-04:00</createdDate>
<modifiedDate>2016-10-15T13:12:23.605-04:00</modifiedDate>
<createdBy>weblogic</createdBy>
<modifiedBy>weblogic</modifiedBy>
<dataObjects>
<dataObject type="dataObjectRef">lap</dataObject>
<dataObject type="dataObjectRef">offtrack</dataObject>
<dataObject type="dataObjectRef">speed</dataObject>
<dataObject type="dataObjectRef">race</dataObject>
<dataObject type="dataObjectRef">currentspeed</dataObject>
<dataObject type="dataObjectRef">dronestatus</dataObject>
</dataObjects>
</ns0:beamProject>