<?xml version = '1.0' encoding = 'UTF-8'?>
<ns0:derivedDataObject xmlns:ns0="http://xmlns.oracle.com/bam/bam12">
<name>DupDetectionOutputDDO</name>
<id>/dataobject/DupDetectionOutputDDO</id>
<displayName>/oracle/writeback/DupDetectionOutputDDO</displayName>
<internal>false</internal>
<useHive>false</useHive>
<systemManaged>false</systemManaged>
<createdDate>2016-09-28T11:31:19.27-04:00</createdDate>
<modifiedDate>2016-09-28T11:31:19.27-04:00</modifiedDate>
<createdBy>OracleSystemUser</createdBy>
<modifiedBy>OracleSystemUser</modifiedBy>
<flexTableConfigured>true</flexTableConfigured>
<calculatedFields/>
<timeHierarchies/>
<cqType>RELATION</cqType>
<cqArchived>true</cqArchived>
<cqSource>jms:topic/oracle.beam.server.event.dataobject</cqSource>
<cqStampType>SYSTEM</cqStampType>
<slowChangingDimension>false</slowChangingDimension>
<physicalName>BEAM_VIEW_34</physicalName>
<eventId>BEAM_ID</eventId>
<replayAmount>0</replayAmount>
<hidden>false</hidden>
<columns>
<column>
<name>MeasureDecimal1</name>
<id>9d13f16ea7a44acc8e9a503e5d04d343</id>
<displayName>MeasureDecimal1</displayName>
<internal>false</internal>
<useHive>false</useHive>
<systemManaged>false</systemManaged>
<isEditable>true</isEditable>
<length>2000</length>
<nullable>true</nullable>
<unique>false</unique>
<precision>38</precision>
<scale>10</scale>
<dataType>DECIMAL</dataType>
<columnType>MEASURE</columnType>
<hidden>false</hidden>
<editable>true</editable>
</column>
<column>
<name>MeasureDecimal2</name>
<id>71849aeced29401a891e9b04bcdefb8f</id>
<displayName>MeasureDecimal2</displayName>
<internal>false</internal>
<useHive>false</useHive>
<systemManaged>false</systemManaged>
<isEditable>true</isEditable>
<length>2000</length>
<nullable>true</nullable>
<unique>false</unique>
<precision>38</precision>
<scale>10</scale>
<dataType>DECIMAL</dataType>
<columnType>MEASURE</columnType>
<hidden>false</hidden>
<editable>true</editable>
</column>
<column>
<name>MeasureString1</name>
<id>3003f804c5794442aeb361ca4ed6cfbe</id>
<displayName>MeasureString1</displayName>
<internal>false</internal>
<useHive>false</useHive>
<systemManaged>false</systemManaged>
<isEditable>true</isEditable>
<length>2000</length>
<nullable>true</nullable>
<unique>false</unique>
<precision>38</precision>
<scale>10</scale>
<dataType>VARCHAR</dataType>
<columnType>MEASURE</columnType>
<hidden>false</hidden>
<editable>true</editable>
</column>
<column>
<name>MeasureString2</name>
<id>13a4190263e6485896a56b50644f4137</id>
<displayName>MeasureString2</displayName>
<internal>false</internal>
<useHive>false</useHive>
<systemManaged>false</systemManaged>
<isEditable>true</isEditable>
<length>2000</length>
<nullable>true</nullable>
<unique>false</unique>
<precision>38</precision>
<scale>10</scale>
<dataType>VARCHAR</dataType>
<columnType>MEASURE</columnType>
<hidden>false</hidden>
<editable>true</editable>
</column>
<column>
<name>MeasureInteger1</name>
<id>5cef408cd8234714b9a9fd73326000dd</id>
<displayName>MeasureInteger1</displayName>
<internal>false</internal>
<useHive>false</useHive>
<systemManaged>false</systemManaged>
<isEditable>true</isEditable>
<length>2000</length>
<nullable>true</nullable>
<unique>false</unique>
<precision>38</precision>
<scale>10</scale>
<dataType>INT</dataType>
<columnType>MEASURE</columnType>
<hidden>false</hidden>
<editable>true</editable>
</column>
<column>
<name>MeasureInteger2</name>
<id>6b2175b131a949a7b657eff5b0f0c452</id>
<displayName>MeasureInteger2</displayName>
<internal>false</internal>
<useHive>false</useHive>
<systemManaged>false</systemManaged>
<isEditable>true</isEditable>
<length>2000</length>
<nullable>true</nullable>
<unique>false</unique>
<precision>38</precision>
<scale>10</scale>
<dataType>INT</dataType>
<columnType>MEASURE</columnType>
<hidden>false</hidden>
<editable>true</editable>
</column>
</columns>
<indexes/>
<hierarchies/>
<flexLimitation>
<totalDecimals>25</totalDecimals>
<totalStrings>25</totalStrings>
<totalIntegers>25</totalIntegers>
<totalFloats>25</totalFloats>
<totalDates>10</totalDates>
<totalLongStrings>25</totalLongStrings>
</flexLimitation>
<parent type="dataObjectRef">BasedWriteBackDO</parent>
</ns0:derivedDataObject>