<?xml version = '1.0' encoding = 'UTF-8'?>
<ns0:simpleDataObject xmlns:ns0="http://xmlns.oracle.com/bam/bam12">
<name>ORACLE_PROCESSANALYTICS_PROCESS_DEFINITION</name>
<id>/dataobject/ORACLE_PROCESSANALYTICS_PROCESS_DEFINITION</id>
<displayName>/oracle/processanalytics/internal/physical/Process Definition (physical)</displayName>
<internal>false</internal>
<useHive>false</useHive>
<systemManaged>false</systemManaged>
<createdDate>2016-09-28T11:29:41.516-04:00</createdDate>
<modifiedDate>2016-09-28T11:29:41.516-04:00</modifiedDate>
<createdBy>OracleSystemUser</createdBy>
<modifiedBy>OracleSystemUser</modifiedBy>
<alias>BPM_PV_PROCESS_DEFINITION_V</alias>
<flexTableConfigured>true</flexTableConfigured>
<category>PROCESS</category>
<calculatedFields/>
<timeHierarchies/>
<cqType>RELATION</cqType>
<cqArchived>true</cqArchived>
<cqSource>jms:topic/oracle.beam.server.event.dataobject</cqSource>
<cqStampType>SYSTEM</cqStampType>
<slowChangingDimension>true</slowChangingDimension>
<physicalName>BEAM_VIEW_8</physicalName>
<eventId>BEAM_ID</eventId>
<replayAmount>0</replayAmount>
<hidden>false</hidden>
<columns>
<column>
<name>BEAM_ID</name>
<id>3f3b4eaf1c9f4891811589cefc10bdd2</id>
<displayName>BEAM_ID</displayName>
<internal>false</internal>
<useHive>false</useHive>
<systemManaged>false</systemManaged>
<isEditable>true</isEditable>
<length>2000</length>
<nullable>true</nullable>
<unique>false</unique>
<precision>38</precision>
<scale>10</scale>
<dataType>INT</dataType>
<columnType>ATTRIBUTE</columnType>
<hidden>false</hidden>
<editable>false</editable>
</column>
<column>
<name>DATAOBJECT_CREATED</name>
<id>f445700130334db89d150dd6a3aaf539</id>
<displayName>DATAOBJECT_CREATED</displayName>
<internal>false</internal>
<useHive>false</useHive>
<systemManaged>false</systemManaged>
<isEditable>true</isEditable>
<length>2000</length>
<nullable>true</nullable>
<unique>false</unique>
<precision>38</precision>
<scale>10</scale>
<dataType>DATETIME</dataType>
<columnType>ATTRIBUTE</columnType>
<hidden>false</hidden>
<editable>false</editable>
</column>
<column>
<name>DATAOBJECT_MODIFIED</name>
<id>8d8c54ec5e1547e0972665527a91a7bb</id>
<displayName>DATAOBJECT_MODIFIED</displayName>
<internal>false</internal>
<useHive>false</useHive>
<systemManaged>false</systemManaged>
<isEditable>true</isEditable>
<length>2000</length>
<nullable>true</nullable>
<unique>false</unique>
<precision>38</precision>
<scale>10</scale>
<dataType>DATETIME</dataType>
<columnType>ATTRIBUTE</columnType>
<hidden>false</hidden>
<editable>false</editable>
</column>
<column>
<name>COMPOSITE_DEFINITION_ID</name>
<id>01418665af734113be51dfdb804c82ce</id>
<displayName>Composite Defintion ID</displayName>
<internal>false</internal>
<useHive>false</useHive>
<systemManaged>false</systemManaged>
<isEditable>true</isEditable>
<length>2000</length>
<nullable>false</nullable>
<unique>false</unique>
<precision>38</precision>
<scale>10</scale>
<dataType>INT</dataType>
<columnType>ATTRIBUTE</columnType>
<hidden>false</hidden>
<editable>false</editable>
</column>
<column>
<name>PROCESS_NAME</name>
<id>b37889b00d9c497086f36f13db6985b3</id>
<displayName>Process Name</displayName>
<internal>false</internal>
<useHive>false</useHive>
<systemManaged>false</systemManaged>
<isEditable>true</isEditable>
<length>100</length>
<nullable>false</nullable>
<unique>false</unique>
<precision>38</precision>
<scale>10</scale>
<dataType>VARCHAR</dataType>
<columnType>DIMENSION</columnType>
<hidden>false</hidden>
<editable>false</editable>
</column>
<column>
<name>PROCESS_LABEL</name>
<id>b350f8689222485ead2541988157d64e</id>
<displayName>Process Display Name</displayName>
<internal>false</internal>
<useHive>false</useHive>
<systemManaged>false</systemManaged>
<isEditable>true</isEditable>
<length>256</length>
<nullable>false</nullable>
<unique>false</unique>
<precision>38</precision>
<scale>10</scale>
<dataType>VARCHAR</dataType>
<columnType>DIMENSION</columnType>
<hidden>false</hidden>
<editable>false</editable>
</column>
<column>
<name>PROCESS_TYPE</name>
<id>5358bf35ca10483f83a5e68270b360fd</id>
<displayName>Process Type</displayName>
<internal>false</internal>
<useHive>false</useHive>
<systemManaged>false</systemManaged>
<isEditable>true</isEditable>
<length>100</length>
<nullable>false</nullable>
<unique>false</unique>
<precision>38</precision>
<scale>10</scale>
<dataType>VARCHAR</dataType>
<columnType>ATTRIBUTE</columnType>
<hidden>false</hidden>
<editable>false</editable>
</column>
<column>
<name>COMPOSITE_DOMAIN_NAME</name>
<id>d28cdb8e213f4ba49768687995b81428</id>
<displayName>Composite Domain Name</displayName>
<internal>false</internal>
<useHive>false</useHive>
<systemManaged>false</systemManaged>
<isEditable>true</isEditable>
<length>100</length>
<nullable>false</nullable>
<unique>false</unique>
<precision>38</precision>
<scale>10</scale>
<dataType>VARCHAR</dataType>
<columnType>DIMENSION</columnType>
<hidden>false</hidden>
<editable>false</editable>
</column>
<column>
<name>COMPOSITE_NAME</name>
<id>b425c8b99f7b43628f538b1bd5af2b17</id>
<displayName>Composite Name</displayName>
<internal>false</internal>
<useHive>false</useHive>
<systemManaged>false</systemManaged>
<isEditable>true</isEditable>
<length>100</length>
<nullable>false</nullable>
<unique>false</unique>
<precision>38</precision>
<scale>10</scale>
<dataType>VARCHAR</dataType>
<columnType>DIMENSION</columnType>
<hidden>false</hidden>
<editable>false</editable>
</column>
<column>
<name>COMPOSITE_REVISION</name>
<id>b1e16c1a831d42fe8d41dead49284648</id>
<displayName>Composite Revision</displayName>
<internal>false</internal>
<useHive>false</useHive>
<systemManaged>false</systemManaged>
<isEditable>true</isEditable>
<length>50</length>
<nullable>false</nullable>
<unique>false</unique>
<precision>38</precision>
<scale>10</scale>
<dataType>VARCHAR</dataType>
<columnType>DIMENSION</columnType>
<hidden>false</hidden>
<editable>false</editable>
</column>
<column>
<name>COMPOSITE_SCALABEL</name>
<id>fe81bb4984eb4eb7b641e7990059692c</id>
<displayName>Composite SCA Label</displayName>
<internal>false</internal>
<useHive>false</useHive>
<systemManaged>false</systemManaged>
<isEditable>true</isEditable>
<length>100</length>
<nullable>false</nullable>
<unique>false</unique>
<precision>38</precision>
<scale>10</scale>
<dataType>VARCHAR</dataType>
<columnType>ATTRIBUTE</columnType>
<hidden>false</hidden>
<editable>false</editable>
</column>
<column>
<name>COMPOSITE_DN</name>
<id>f430e4691e9d42fe869b91486a4b201d</id>
<displayName>Composite DN</displayName>
<internal>false</internal>
<useHive>false</useHive>
<systemManaged>false</systemManaged>
<isEditable>true</isEditable>
<length>500</length>
<nullable>false</nullable>
<unique>false</unique>
<precision>38</precision>
<scale>10</scale>
<dataType>VARCHAR</dataType>
<columnType>ATTRIBUTE</columnType>
<hidden>false</hidden>
<editable>false</editable>
</column>
<column>
<name>PROCESS_DEPLOYMENT_STATUS</name>
<id>b76244c2e7524eb0805cd1dd0b5ca024</id>
<displayName>Process Deployment Status</displayName>
<internal>false</internal>
<useHive>false</useHive>
<systemManaged>false</systemManaged>
<isEditable>true</isEditable>
<length>2000</length>
<nullable>false</nullable>
<unique>false</unique>
<precision>38</precision>
<scale>10</scale>
<dataType>INT</dataType>
<columnType>ATTRIBUTE</columnType>
<hidden>false</hidden>
<editable>false</editable>
</column>
<column>
<name>PROCESS_MIGRATION_STATUS</name>
<id>9531f469ce554f23bd958d2ea450e44d</id>
<displayName>Process Migration Status</displayName>
<internal>false</internal>
<useHive>false</useHive>
<systemManaged>false</systemManaged>
<isEditable>true</isEditable>
<length>100</length>
<nullable>false</nullable>
<unique>false</unique>
<defaultValue>LATEST</defaultValue>
<precision>38</precision>
<scale>10</scale>
<dataType>VARCHAR</dataType>
<columnType>ATTRIBUTE</columnType>
<hidden>false</hidden>
<editable>false</editable>
</column>
<column>
<name>ORGUNITID</name>
<id>a9bdb80c8cbd49c292012efb6558504c</id>
<displayName>Organization Unit ID</displayName>
<internal>false</internal>
<useHive>false</useHive>
<systemManaged>false</systemManaged>
<isEditable>true</isEditable>
<length>100</length>
<nullable>true</nullable>
<unique>false</unique>
<precision>38</precision>
<scale>10</scale>
<dataType>VARCHAR</dataType>
<columnType>ATTRIBUTE</columnType>
<hidden>false</hidden>
<editable>false</editable>
</column>
<column>
<name>PROCESS_DEPLOYDATE</name>
<id>f060ef1bd00f44939838aa9cec899b8e</id>
<displayName>Process Deploy Date</displayName>
<internal>false</internal>
<useHive>false</useHive>
<systemManaged>false</systemManaged>
<isEditable>true</isEditable>
<length>2000</length>
<nullable>false</nullable>
<unique>false</unique>
<precision>38</precision>
<scale>10</scale>
<dataType>DATETIME</dataType>
<columnType>ATTRIBUTE</columnType>
<hidden>false</hidden>
<editable>false</editable>
</column>
<column>
<name>PROCESS_UNDEPLOYDATE</name>
<id>0ede8f0d57ec4ee294b186cd62eb187b</id>
<displayName>Process Undeploy Date</displayName>
<internal>false</internal>
<useHive>false</useHive>
<systemManaged>false</systemManaged>
<isEditable>true</isEditable>
<length>2000</length>
<nullable>true</nullable>
<unique>false</unique>
<precision>38</precision>
<scale>10</scale>
<dataType>DATETIME</dataType>
<columnType>ATTRIBUTE</columnType>
<hidden>false</hidden>
<editable>false</editable>
</column>
<column>
<name>PROCESS_DEFN_SUSPENDDATE</name>
<id>10abb35e406b4ecb80025f40ae875e87</id>
<displayName>Process Definition Suspend Date</displayName>
<internal>false</internal>
<useHive>false</useHive>
<systemManaged>false</systemManaged>
<isEditable>true</isEditable>
<length>2000</length>
<nullable>true</nullable>
<unique>false</unique>
<precision>38</precision>
<scale>10</scale>
<dataType>DATETIME</dataType>
<columnType>ATTRIBUTE</columnType>
<hidden>false</hidden>
<editable>false</editable>
</column>
<column>
<name>PROCESS_DEFN_RESUMEDATE</name>
<id>ee947889eb874033873b9b3493a03de4</id>
<displayName>Process Definition Resume Date</displayName>
<internal>false</internal>
<useHive>false</useHive>
<systemManaged>false</systemManaged>
<isEditable>true</isEditable>
<length>2000</length>
<nullable>true</nullable>
<unique>false</unique>
<precision>38</precision>
<scale>10</scale>
<dataType>DATETIME</dataType>
<columnType>ATTRIBUTE</columnType>
<hidden>false</hidden>
<editable>false</editable>
</column>
<column>
<name>PROCESS_DEFN_LASTUPDATED</name>
<id>ea40a87be1c84d0dad2021fae4d1979a</id>
<displayName>Process Definition Last Updated Date</displayName>
<internal>false</internal>
<useHive>false</useHive>
<systemManaged>false</systemManaged>
<isEditable>true</isEditable>
<length>2000</length>
<nullable>false</nullable>
<unique>false</unique>
<precision>38</precision>
<scale>10</scale>
<dataType>DATETIME</dataType>
<columnType>ATTRIBUTE</columnType>
<hidden>false</hidden>
<editable>false</editable>
</column>
<column>
<name>PROCESS_OWNER_ROLE</name>
<id>cf5a92f0a38e4f489defc8d1545d273a</id>
<displayName>Process Owner Role</displayName>
<internal>false</internal>
<useHive>false</useHive>
<systemManaged>false</systemManaged>
<isEditable>true</isEditable>
<length>256</length>
<nullable>true</nullable>
<unique>false</unique>
<precision>38</precision>
<scale>10</scale>
<dataType>VARCHAR</dataType>
<columnType>ATTRIBUTE</columnType>
<hidden>false</hidden>
<editable>false</editable>
</column>
<column>
<name>PROCESS_REVIEWER_ROLE</name>
<id>f432ad11856148e0a3e8c8a3eca7801c</id>
<displayName>Process Reviewer Role</displayName>
<internal>false</internal>
<useHive>false</useHive>
<systemManaged>false</systemManaged>
<isEditable>true</isEditable>
<length>256</length>
<nullable>true</nullable>
<unique>false</unique>
<precision>38</precision>
<scale>10</scale>
<dataType>VARCHAR</dataType>
<columnType>ATTRIBUTE</columnType>
<hidden>false</hidden>
<editable>false</editable>
</column>
<column>
<name>PROCESS_SUBTYPE</name>
<id>e7ef46e9d2f1478ca1c98f64805c09ba</id>
<displayName>Process SubType</displayName>
<internal>false</internal>
<useHive>false</useHive>
<systemManaged>false</systemManaged>
<isEditable>true</isEditable>
<length>200</length>
<nullable>true</nullable>
<unique>false</unique>
<precision>38</precision>
<scale>10</scale>
<dataType>VARCHAR</dataType>
<columnType>ATTRIBUTE</columnType>
<hidden>false</hidden>
<editable>false</editable>
</column>
<column>
<name>PROCESS_ISPRIMARY</name>
<id>fbae760d273440ce9d677f1287b2f332</id>
<displayName>Is Primary Process</displayName>
<internal>false</internal>
<useHive>false</useHive>
<systemManaged>false</systemManaged>
<isEditable>true</isEditable>
<length>1</length>
<nullable>true</nullable>
<unique>false</unique>
<precision>38</precision>
<scale>10</scale>
<dataType>VARCHAR</dataType>
<columnType>ATTRIBUTE</columnType>
<hidden>false</hidden>
<editable>false</editable>
</column>
<column>
<name>PROCDEF_SYS_STR01</name>
<id>afd767558d5e480cac58b12e70a23344</id>
<displayName>Process Definition System String 01</displayName>
<internal>false</internal>
<useHive>false</useHive>
<systemManaged>false</systemManaged>
<isEditable>true</isEditable>
<length>256</length>
<nullable>true</nullable>
<unique>false</unique>
<precision>38</precision>
<scale>10</scale>
<dataType>VARCHAR</dataType>
<columnType>ATTRIBUTE</columnType>
<hidden>false</hidden>
<editable>false</editable>
</column>
<column>
<name>PROCDEF_SYS_STR02</name>
<id>6d0f56a155ac4318a2181c6321e200cc</id>
<displayName>Process Definition System String 02</displayName>
<internal>false</internal>
<useHive>false</useHive>
<systemManaged>false</systemManaged>
<isEditable>true</isEditable>
<length>256</length>
<nullable>true</nullable>
<unique>false</unique>
<precision>38</precision>
<scale>10</scale>
<dataType>VARCHAR</dataType>
<columnType>ATTRIBUTE</columnType>
<hidden>false</hidden>
<editable>false</editable>
</column>
<column>
<name>PROCDEF_SYS_STR03</name>
<id>c93d2f07ac234dfabfa63d2818d75aa8</id>
<displayName>Process Definition System String 03</displayName>
<internal>false</internal>
<useHive>false</useHive>
<systemManaged>false</systemManaged>
<isEditable>true</isEditable>
<length>256</length>
<nullable>true</nullable>
<unique>false</unique>
<precision>38</precision>
<scale>10</scale>
<dataType>VARCHAR</dataType>
<columnType>ATTRIBUTE</columnType>
<hidden>false</hidden>
<editable>false</editable>
</column>
</columns>
<indexes>
<index>
<name>BPM_ORA_PA_PROCDEF_IDX_1</name>
<id>e058733570a84d8081f53a4619c9e0c7</id>
<internal>false</internal>
<useHive>false</useHive>
<systemManaged>false</systemManaged>
<isEditable>true</isEditable>
<unique>false</unique>
<columns>
<columnRef>
<dataObject>ORACLE_PROCESSANALYTICS_PROCESS_DEFINITION</dataObject>
<column>COMPOSITE_DEFINITION_ID</column>
</columnRef>
</columns>
</index>
<index>
<name>BPM_ORA_PA_PROCDEF_IDX_2</name>
<id>49b9cdb621dd44bfb79ee7062daa9fa9</id>
<internal>false</internal>
<useHive>false</useHive>
<systemManaged>false</systemManaged>
<isEditable>true</isEditable>
<unique>false</unique>
<columns>
<columnRef>
<dataObject>ORACLE_PROCESSANALYTICS_PROCESS_DEFINITION</dataObject>
<column>PROCESS_NAME</column>
</columnRef>
</columns>
</index>
<index>
<name>BPM_ORA_PA_PROCDEF_IDX_3</name>
<id>312145002aea418a8b5b7fe1b974e173</id>
<internal>false</internal>
<useHive>false</useHive>
<systemManaged>false</systemManaged>
<isEditable>true</isEditable>
<unique>false</unique>
<columns>
<columnRef>
<dataObject>ORACLE_PROCESSANALYTICS_PROCESS_DEFINITION</dataObject>
<column>PROCESS_TYPE</column>
</columnRef>
</columns>
</index>
<index>
<name>BPM_ORA_PA_PROCDEF_IDX_4</name>
<id>7976c1bf287240adb2b60461e5e49b28</id>
<internal>false</internal>
<useHive>false</useHive>
<systemManaged>false</systemManaged>
<isEditable>true</isEditable>
<unique>false</unique>
<columns>
<columnRef>
<dataObject>ORACLE_PROCESSANALYTICS_PROCESS_DEFINITION</dataObject>
<column>COMPOSITE_DOMAIN_NAME</column>
</columnRef>
</columns>
</index>
<index>
<name>BPM_ORA_PA_PROCDEF_IDX_5</name>
<id>2abeb813d8f1413895e7371ec4c3bdc6</id>
<internal>false</internal>
<useHive>false</useHive>
<systemManaged>false</systemManaged>
<isEditable>true</isEditable>
<unique>false</unique>
<columns>
<columnRef>
<dataObject>ORACLE_PROCESSANALYTICS_PROCESS_DEFINITION</dataObject>
<column>COMPOSITE_NAME</column>
</columnRef>
</columns>
</index>
<index>
<name>BPM_ORA_PA_PROCDEF_IDX_6</name>
<id>561977c2c5254a4e88690f2da7990265</id>
<internal>false</internal>
<useHive>false</useHive>
<systemManaged>false</systemManaged>
<isEditable>true</isEditable>
<unique>false</unique>
<columns>
<columnRef>
<dataObject>ORACLE_PROCESSANALYTICS_PROCESS_DEFINITION</dataObject>
<column>COMPOSITE_REVISION</column>
</columnRef>
</columns>
</index>
<index>
<name>BPM_ORA_PA_PROCDEF_IDX_7</name>
<id>e0bdc81443774aab92890a62a6d6bd58</id>
<internal>false</internal>
<useHive>false</useHive>
<systemManaged>false</systemManaged>
<isEditable>true</isEditable>
<unique>false</unique>
<columns>
<columnRef>
<dataObject>ORACLE_PROCESSANALYTICS_PROCESS_DEFINITION</dataObject>
<column>COMPOSITE_SCALABEL</column>
</columnRef>
</columns>
</index>
<index>
<name>BPM_ORA_PA_PROCDEF_IDX_8</name>
<id>374e7b6ef3dd4fe8913a9e5de49562db</id>
<internal>false</internal>
<useHive>false</useHive>
<systemManaged>false</systemManaged>
<isEditable>true</isEditable>
<unique>false</unique>
<columns>
<columnRef>
<dataObject>ORACLE_PROCESSANALYTICS_PROCESS_DEFINITION</dataObject>
<column>COMPOSITE_DN</column>
</columnRef>
</columns>
</index>
<index>
<name>BPM_ORA_PA_PROCDEF_IDX_9</name>
<id>2f4f1a9958774645b63c1ba8ca33ed97</id>
<internal>false</internal>
<useHive>false</useHive>
<systemManaged>false</systemManaged>
<isEditable>true</isEditable>
<unique>false</unique>
<columns>
<columnRef>
<dataObject>ORACLE_PROCESSANALYTICS_PROCESS_DEFINITION</dataObject>
<column>PROCESS_DEPLOYMENT_STATUS</column>
</columnRef>
</columns>
</index>
<index>
<name>BPM_ORA_PA_PROCDEF_IDX_10</name>
<id>f4db88b0778f4f878f82b993a2543ea4</id>
<internal>false</internal>
<useHive>false</useHive>
<systemManaged>false</systemManaged>
<isEditable>true</isEditable>
<unique>false</unique>
<columns>
<columnRef>
<dataObject>ORACLE_PROCESSANALYTICS_PROCESS_DEFINITION</dataObject>
<column>PROCESS_MIGRATION_STATUS</column>
</columnRef>
</columns>
</index>
<index>
<name>BPM_ORA_PA_PROCDEF_IDX_11</name>
<id>702d687ff7744b99970c525eeb2fac6d</id>
<internal>false</internal>
<useHive>false</useHive>
<systemManaged>false</systemManaged>
<isEditable>true</isEditable>
<unique>false</unique>
<columns>
<columnRef>
<dataObject>ORACLE_PROCESSANALYTICS_PROCESS_DEFINITION</dataObject>
<column>PROCESS_OWNER_ROLE</column>
</columnRef>
</columns>
</index>
</indexes>
<hierarchies/>
<flexLimitation>
<totalDecimals>10</totalDecimals>
<totalStrings>20</totalStrings>
<totalIntegers>10</totalIntegers>
<totalFloats>25</totalFloats>
<totalDates>10</totalDates>
<totalLongStrings>3</totalLongStrings>
</flexLimitation>
</ns0:simpleDataObject>