<?xml version = '1.0' encoding = 'UTF-8'?>
<ns0:businessQuery xmlns:ns0="http://xmlns.oracle.com/bam/bam12">
<name>InTeRnAlNaMeQuery__1476351297499_DeTaIlEd</name>
<id>/project/Anki/businessquery/InTeRnAlNaMeQuery__1476351297499_DeTaIlEd</id>
<internal>true</internal>
<useHive>false</useHive>
<systemManaged>false</systemManaged>
<createdDate>2016-10-13T05:34:57.502-04:00</createdDate>
<modifiedDate>2016-10-13T10:51:53.58-04:00</modifiedDate>
<createdBy>weblogic</createdBy>
<modifiedBy>weblogic</modifiedBy>
<type>FLAT</type>
<projectName>Anki</projectName>
<dataObjectName>currentspeed</dataObjectName>
<selectedFields>
<field>DATAOBJECT_CREATED</field>
<field>DATAOBJECT_MODIFIED</field>
<field>DEMOZONE</field>
<field>CARNAME</field>
<field>SPEED</field>
</selectedFields>
<dataSeries/>
<labelSeries/>
<groups/>
<timeGroupings>
<entries/>
</timeGroupings>
<calculatedFields/>
<runtimeFilter>
<name>runtimeFilter</name>
<type>ALL</type>
<branches/>
<entries/>
<none>false</none>
</runtimeFilter>
<internalFilter>
<type>ALL</type>
<branches>
<branch>
<name>internalFilter</name>
<type>ALL</type>
<branches/>
<entries>
<entry>
<column>CARNAME</column>
<lhsColumn>
<name>CARNAME</name>
<displayName>Car Name</displayName>
</lhsColumn>
<operator>EQ</operator>
<rhsValue>
<value xmlns:xsd="http://www.w3.org/2001/XMLSchema" xmlns:xsi="http://www.w3.org/2001/XMLSchema-instance" xsi:type="xsd:string">Guardian</value>
</rhsValue>
<isDateTimeLike>false</isDateTimeLike>
<dateCompareMode>DATETIME</dateCompareMode>
</entry>
</entries>
<none>false</none>
</branch>
</branches>
<entries/>
<none>false</none>
</internalFilter>
<groupFilter>
<name>groupFilter</name>
<type>ALL</type>
<branches/>
<entries/>
<none>false</none>
</groupFilter>
<topN>0</topN>
<topNEnabled>false</topNEnabled>
<opaque>false</opaque>
<opaqueSqlType>oracle</opaqueSqlType>
<opaqueSql/>
<dataSourceName/>
<sorts>
<entries/>
</sorts>
</ns0:businessQuery>