<?xml version = '1.0' encoding = 'UTF-8'?>
<ns0:simpleDataObject xmlns:ns0="http://xmlns.oracle.com/bam/bam12">
<name>race</name>
<id>/dataobject/race</id>
<displayName>/anki/race</displayName>
<internal>false</internal>
<useHive>false</useHive>
<systemManaged>false</systemManaged>
<createdDate>2016-10-10T10:37:41.836-04:00</createdDate>
<modifiedDate>2016-10-25T10:33:45.497-04:00</modifiedDate>
<createdBy>weblogic</createdBy>
<modifiedBy>weblogic</modifiedBy>
<flexTableConfigured>true</flexTableConfigured>
<category>ANKI</category>
<calculatedFields/>
<timeHierarchies/>
<cqType>RELATION</cqType>
<cqArchived>true</cqArchived>
<cqSource>jms:topic/oracle.beam.server.event.dataobject</cqSource>
<cqStampType>SYSTEM</cqStampType>
<slowChangingDimension>false</slowChangingDimension>
<physicalName>BEAM_VIEW_56</physicalName>
<eventId>BEAM_ID</eventId>
<replayAmount>0</replayAmount>
<hidden>false</hidden>
<columns>
<column>
<name>BEAM_ID</name>
<id>e029ac7725cb4418b75cc2385b4975ec</id>
<displayName>BEAM_ID</displayName>
<internal>false</internal>
<useHive>false</useHive>
<systemManaged>false</systemManaged>
<isEditable>true</isEditable>
<nullable>false</nullable>
<unique>false</unique>
<dataType>INT</dataType>
<columnType>ATTRIBUTE</columnType>
<hidden>false</hidden>
<editable>false</editable>
</column>
<column>
<name>DATAOBJECT_CREATED</name>
<id>2d388ae7ec014113bcf89912d08ddcf7</id>
<displayName>DATAOBJECT_CREATED</displayName>
<internal>false</internal>
<useHive>false</useHive>
<systemManaged>false</systemManaged>
<isEditable>true</isEditable>
<nullable>false</nullable>
<unique>false</unique>
<dataType>DATETIME</dataType>
<columnType>DIMENSION</columnType>
<hidden>false</hidden>
<editable>false</editable>
</column>
<column>
<name>DATAOBJECT_MODIFIED</name>
<id>425de1b9a8874617b9ab96218cce9a05</id>
<displayName>DATAOBJECT_MODIFIED</displayName>
<internal>false</internal>
<useHive>false</useHive>
<systemManaged>false</systemManaged>
<isEditable>true</isEditable>
<nullable>false</nullable>
<unique>false</unique>
<dataType>DATETIME</dataType>
<columnType>DIMENSION</columnType>
<hidden>false</hidden>
<editable>false</editable>
</column>
<column>
<name>DEMOZONE</name>
<id>5f26868def304c49a4d5aacfe6c65c4a</id>
<displayName>Demo Zone</displayName>
<internal>false</internal>
<useHive>false</useHive>
<systemManaged>false</systemManaged>
<isEditable>true</isEditable>
<length>100</length>
<nullable>true</nullable>
<unique>false</unique>
<dataType>VARCHAR</dataType>
<columnType>ATTRIBUTE</columnType>
<hidden>false</hidden>
<editable>false</editable>
</column>
<column>
<name>RACEID</name>
<id>05ad72bfcbd14a7eb09ba54057187475</id>
<displayName>Race ID</displayName>
<internal>false</internal>
<useHive>false</useHive>
<systemManaged>false</systemManaged>
<isEditable>true</isEditable>
<nullable>true</nullable>
<unique>false</unique>
<dataType>INT</dataType>
<columnType>ATTRIBUTE</columnType>
<hidden>false</hidden>
<editable>false</editable>
</column>
</columns>
<indexes/>
<hierarchies/>
<flexLimitation>
<totalDecimals>0</totalDecimals>
<totalStrings>1</totalStrings>
<totalIntegers>1</totalIntegers>
<totalFloats>0</totalFloats>
<totalDates>0</totalDates>
<totalLongStrings>0</totalLongStrings>
</flexLimitation>
</ns0:simpleDataObject>