<?xml version = '1.0' encoding = 'UTF-8'?>
<ns0:businessQuery xmlns:ns0="http://xmlns.oracle.com/bam/bam12">
<name>Offtracks</name>
<id>/project/Anki/businessquery/Offtracks</id>
<displayName>Offtracks</displayName>
<internal>false</internal>
<useHive>false</useHive>
<systemManaged>false</systemManaged>
<createdDate>2016-10-15T13:16:46.688-04:00</createdDate>
<modifiedDate>2016-10-25T05:30:05.673-04:00</modifiedDate>
<createdBy>weblogic</createdBy>
<modifiedBy>weblogic</modifiedBy>
<type>GROUP</type>
<projectName>Anki</projectName>
<dataObjectName>offtrack</dataObjectName>
<dataSeries>
<series>COUNT(*)</series>
</dataSeries>
<labelSeries/>
<groups>
<group>CARNAME</group>
</groups>
<timeGroupings>
<entries/>
</timeGroupings>
<calculatedFields/>
<runtimeFilter>
<name>runtimeFilter</name>
<type>ALL</type>
<branches/>
<entries/>
<none>false</none>
</runtimeFilter>
<internalFilter>
<name>internalFilter</name>
<type>ALL</type>
<branches/>
<entries/>
<none>false</none>
</internalFilter>
<groupFilter>
<name>groupFilter</name>
<type>ALL</type>
<branches/>
<entries/>
<none>false</none>
</groupFilter>
<topN>0</topN>
<topNEnabled>false</topNEnabled>
<opaque>false</opaque>
<opaqueSqlType>oracle</opaqueSqlType>
<opaqueSql/>
<dataSourceName/>
<sorts>
<entries/>
</sorts>
</ns0:businessQuery>