<?xml version = '1.0' encoding = 'UTF-8'?>
<mds:customization version="12.2.1_20160607.2047" xmlns:mds="http://xmlns.oracle.com/mds" motype_local_name="DataControlConfigs" motype_nsuri="http://xmlns.oracle.com/adfm/configuration">
<mds:insert parent="(xmlns(mds_ns1=http://xmlns.oracle.com/adfm/configuration))/mds_ns1:DataControlConfigs" position="last">
<AdapterDataControl id="Anki_Current_Speed_Skull" FactoryClass="oracle.beam.datacontrol.adapter.BeamDataControlFactoryImpl" ImplDef="oracle.beam.datacontrol.adapter.BeamDataControlDefinition" SupportsTransactions="false" SupportsSortCollection="false" SupportsResetState="false" SupportsRangesize="false" SupportsFindMode="false" SupportsUpdates="false" Definition="oracle.beam.datacontrol.definition.Anki_Current_Speed_Skull" BeanClass="oracle.beam.datacontrol.definition.Anki_Current_Speed_Skull" xmlns="http://xmlns.oracle.com/adfm/datacontrol">
<Source>
<BeamDataControl xmlns="http://xmlns.oracle.com/bam/datacontrol" connection="BAMServerConnection1">
<Modifiers>
<Modifier version="1.0" type="GROUP" dataset="currentspeed" queryName="Current_Speed_Skull" subjectArea="Anki" queryId="/project/Anki/businessquery/Current_Speed_Skull">
<FieldRefs>
<DatasetField fieldRefID="0" datasetField="BEAM_ID" datasetFieldDisplayName="BEAM_ID" order="0" dataType="INTEGER" isGroupLevel="false"/>
<DatasetField fieldRefID="1" datasetField="DATAOBJECT_CREATED" datasetFieldDisplayName="DATAOBJECT_CREATED" order="1" dataType="DATETIME" isGroupLevel="false"/>
<DatasetField fieldRefID="2" datasetField="DATAOBJECT_MODIFIED" datasetFieldDisplayName="DATAOBJECT_MODIFIED" order="2" dataType="DATETIME" isGroupLevel="false"/>
<DatasetField fieldRefID="3" datasetField="DEMOZONE" datasetFieldDisplayName="Demo Zone" order="3" dataType="STRING" isGroupLevel="false"/>
<DatasetField fieldRefID="4" datasetField="CARNAME" datasetFieldDisplayName="Car Name" order="4" dataType="STRING" isGroupLevel="false"/>
<DatasetField fieldRefID="5" datasetField="SPEED" datasetFieldDisplayName="Speed" order="5" dataType="INTEGER" isGroupLevel="false"/>
</FieldRefs>
<CalculatedFields/>
<RecordFields/>
<Groups collapsed="true">
<Group level="0">
<Aggregate operandDatasetField="SPEED" operation="AVG" fieldID="AVGSPEED"/>
</Group>
</Groups>
<Filter>
<Branch name="Root" type="ALL">
<Branch name="internalFilter" type="ALL">
<Entry type="EQ">
<Node type="COLUMN">CARNAME</Node>
<Node type="STRING">Skull</Node>
</Entry>
</Branch>
<Branch name="runtimeFilter" type="ALL"/>
</Branch>
</Filter>
<GroupFilter>
<Branch name="groupFilter" type="ALL"/>
</GroupFilter>
<Sorts/>
<Parameters/>
</Modifier>
<InsertNewRecordPosition>INSERT_AFTER</InsertNewRecordPosition>
<AuthenticationType>USE_BAM_CONNECTION_CREDENTIAL</AuthenticationType>
</Modifiers>
</BeamDataControl>
</Source>
</AdapterDataControl>
</mds:insert>
<mds:modify element="(xmlns(mds_ns1=http://xmlns.oracle.com/adfm/configuration))/mds_ns1:DataControlConfigs">
<mds:attribute name="Package" value="beam.project.Anki.businessquery.Current_Speed_Skull.datacontrol.Anki_Current_Speed_Skull"/>
<mds:attribute name="id" value="DataControls"/>
</mds:modify>
</mds:customization>