<?xml version = '1.0' encoding = 'UTF-8'?>
<ns0:simpleDataObject xmlns:ns0="http://xmlns.oracle.com/bam/bam12">
<name>ORACLE_BUSINESSARCHITECTURE_ENTITY_DATA</name>
<id>/dataobject/ORACLE_BUSINESSARCHITECTURE_ENTITY_DATA</id>
<displayName>/oracle/businessarchitecture/BARCH_ENTITY_DATA</displayName>
<description>Data Object to store data imported for KPI evaluation </description>
<internal>false</internal>
<useHive>false</useHive>
<systemManaged>false</systemManaged>
<createdDate>2016-09-28T11:31:21.448-04:00</createdDate>
<modifiedDate>2016-09-28T11:31:21.448-04:00</modifiedDate>
<createdBy>OracleSystemUser</createdBy>
<modifiedBy>OracleSystemUser</modifiedBy>
<flexTableConfigured>true</flexTableConfigured>
<calculatedFields>
<calculatedField>
<name>DAYS_SINCE_CREATED</name>
<id>fc7d8eb2f1ee4c208749133d68ee39f8</id>
<displayName>DAYS_SINCE_CREATED</displayName>
<internal>false</internal>
<useHive>false</useHive>
<systemManaged>false</systemManaged>
<isEditable>true</isEditable>
<fieldId>-1</fieldId>
<expression>DATEDIFF(SQL_TSI_DAY,DATECREATED,NOW())</expression>
<valid>false</valid>
<aggregated>false</aggregated>
<supportedByCQL>true</supportedByCQL>
<hidden>false</hidden>
<columnType>MEASURE</columnType>
</calculatedField>
</calculatedFields>
<timeHierarchies/>
<cqType>RELATION</cqType>
<cqArchived>true</cqArchived>
<cqSource>jms:topic/oracle.beam.server.event.dataobject</cqSource>
<cqStampType>SYSTEM</cqStampType>
<slowChangingDimension>false</slowChangingDimension>
<physicalName>BEAM_VIEW_40</physicalName>
<eventId>BEAM_ID</eventId>
<replayAmount>0</replayAmount>
<hidden>false</hidden>
<columns>
<column>
<name>BEAM_ID</name>
<id>92bd33a8f0844454a3b2e4bd28227fff</id>
<displayName>BEAM_ID</displayName>
<internal>false</internal>
<useHive>false</useHive>
<systemManaged>false</systemManaged>
<isEditable>true</isEditable>
<length>2000</length>
<nullable>true</nullable>
<unique>false</unique>
<precision>38</precision>
<scale>10</scale>
<dataType>INT</dataType>
<columnType>ATTRIBUTE</columnType>
<hidden>false</hidden>
<editable>false</editable>
</column>
<column>
<name>ENTITYTYPE</name>
<id>fec6c21cdcc94edb847404c9d6bd4632</id>
<displayName>ENTITYTYPE</displayName>
<internal>false</internal>
<useHive>false</useHive>
<systemManaged>false</systemManaged>
<isEditable>true</isEditable>
<length>2000</length>
<nullable>true</nullable>
<unique>false</unique>
<precision>38</precision>
<scale>10</scale>
<dataType>VARCHAR</dataType>
<columnType>DIMENSION</columnType>
<hidden>false</hidden>
<editable>false</editable>
</column>
<column>
<name>ENTITYNAME</name>
<id>09202d832a7845a6a31c25eb7ab1888c</id>
<displayName>ENTITYNAME</displayName>
<internal>false</internal>
<useHive>false</useHive>
<systemManaged>false</systemManaged>
<isEditable>true</isEditable>
<length>2000</length>
<nullable>true</nullable>
<unique>false</unique>
<precision>38</precision>
<scale>10</scale>
<dataType>VARCHAR</dataType>
<columnType>DIMENSION</columnType>
<hidden>false</hidden>
<editable>false</editable>
</column>
<column>
<name>MEASURENAME</name>
<id>57b368f940714e088de27e923f6f109e</id>
<displayName>MEASURENAME</displayName>
<internal>false</internal>
<useHive>false</useHive>
<systemManaged>false</systemManaged>
<isEditable>true</isEditable>
<length>2000</length>
<nullable>true</nullable>
<unique>false</unique>
<precision>38</precision>
<scale>10</scale>
<dataType>VARCHAR</dataType>
<columnType>DIMENSION</columnType>
<hidden>false</hidden>
<editable>false</editable>
</column>
<column>
<name>MEASUREVALUE</name>
<id>81e6246abf0443f7bac782530387d68b</id>
<displayName>MEASUREVALUE</displayName>
<internal>false</internal>
<useHive>false</useHive>
<systemManaged>false</systemManaged>
<isEditable>true</isEditable>
<length>2000</length>
<nullable>true</nullable>
<unique>false</unique>
<precision>38</precision>
<scale>4</scale>
<dataType>DECIMAL</dataType>
<columnType>MEASURE</columnType>
<hidden>false</hidden>
<editable>false</editable>
</column>
<column>
<name>MEASUREUNIT</name>
<id>4a26ccadee4941e3a2232bf0d8c9f234</id>
<displayName>MEASUREUNIT</displayName>
<internal>false</internal>
<useHive>false</useHive>
<systemManaged>false</systemManaged>
<isEditable>true</isEditable>
<length>2000</length>
<nullable>true</nullable>
<unique>false</unique>
<precision>38</precision>
<scale>10</scale>
<dataType>VARCHAR</dataType>
<columnType>ATTRIBUTE</columnType>
<hidden>false</hidden>
<editable>false</editable>
</column>
<column>
<name>DATECREATED</name>
<id>ffb605ba0998452eaff45fbdf13649bf</id>
<displayName>DATECREATED</displayName>
<internal>false</internal>
<useHive>false</useHive>
<systemManaged>false</systemManaged>
<isEditable>true</isEditable>
<length>2000</length>
<nullable>true</nullable>
<unique>false</unique>
<precision>38</precision>
<scale>10</scale>
<dataType>DATETIME</dataType>
<columnType>ATTRIBUTE</columnType>
<hidden>false</hidden>
<editable>false</editable>
</column>
</columns>
<indexes/>
<hierarchies/>
<flexLimitation>
<totalDecimals>25</totalDecimals>
<totalStrings>25</totalStrings>
<totalIntegers>25</totalIntegers>
<totalFloats>25</totalFloats>
<totalDates>10</totalDates>
<totalLongStrings>25</totalLongStrings>
</flexLimitation>
</ns0:simpleDataObject>