<?xml version = '1.0' encoding = 'UTF-8'?>
<ns0:simpleDataObject xmlns:ns0="http://xmlns.oracle.com/bam/bam12">
<name>ORACLE_PROCESSANALYTICS_ASSIGNMENT</name>
<id>/dataobject/ORACLE_PROCESSANALYTICS_ASSIGNMENT</id>
<displayName>/oracle/processanalytics/internal/physical/HWF Assignment (physical)</displayName>
<internal>false</internal>
<useHive>false</useHive>
<systemManaged>false</systemManaged>
<createdDate>2016-09-28T11:30:01.467-04:00</createdDate>
<modifiedDate>2016-09-28T11:30:01.467-04:00</modifiedDate>
<createdBy>OracleSystemUser</createdBy>
<modifiedBy>OracleSystemUser</modifiedBy>
<alias>BPM_PV_HWF_ASSIGNMENT_V</alias>
<flexTableConfigured>true</flexTableConfigured>
<category>HWF</category>
<calculatedFields/>
<timeHierarchies/>
<cqType>RELATION</cqType>
<cqArchived>true</cqArchived>
<cqSource>jms:topic/oracle.beam.server.event.dataobject</cqSource>
<cqStampType>SYSTEM</cqStampType>
<slowChangingDimension>false</slowChangingDimension>
<physicalName>BEAM_VIEW_14</physicalName>
<eventId>BEAM_ID</eventId>
<replayAmount>0</replayAmount>
<hidden>false</hidden>
<columns>
<column>
<name>BEAM_ID</name>
<id>9d196dd581cb435a8adaad075c3aa840</id>
<displayName>BEAM_ID</displayName>
<internal>false</internal>
<useHive>false</useHive>
<systemManaged>false</systemManaged>
<isEditable>true</isEditable>
<length>2000</length>
<nullable>true</nullable>
<unique>false</unique>
<precision>38</precision>
<scale>10</scale>
<dataType>INT</dataType>
<columnType>ATTRIBUTE</columnType>
<hidden>false</hidden>
<editable>false</editable>
</column>
<column>
<name>DATAOBJECT_CREATED</name>
<id>a761087af9c94cd1ad74c72e9d384475</id>
<displayName>DATAOBJECT_CREATED</displayName>
<internal>false</internal>
<useHive>false</useHive>
<systemManaged>false</systemManaged>
<isEditable>true</isEditable>
<length>2000</length>
<nullable>true</nullable>
<unique>false</unique>
<precision>38</precision>
<scale>10</scale>
<dataType>DATETIME</dataType>
<columnType>ATTRIBUTE</columnType>
<hidden>false</hidden>
<editable>false</editable>
</column>
<column>
<name>DATAOBJECT_MODIFIED</name>
<id>cfc086071b2f4a74beb0ed9803d252b0</id>
<displayName>DATAOBJECT_MODIFIED</displayName>
<internal>false</internal>
<useHive>false</useHive>
<systemManaged>false</systemManaged>
<isEditable>true</isEditable>
<length>2000</length>
<nullable>true</nullable>
<unique>false</unique>
<precision>38</precision>
<scale>10</scale>
<dataType>DATETIME</dataType>
<columnType>ATTRIBUTE</columnType>
<hidden>false</hidden>
<editable>false</editable>
</column>
<column>
<name>ASSIGNEE_ID</name>
<id>ad99e071a01743d8bf5fe10aea503b61</id>
<displayName>Assignee ID</displayName>
<internal>false</internal>
<useHive>false</useHive>
<systemManaged>false</systemManaged>
<isEditable>true</isEditable>
<length>256</length>
<nullable>false</nullable>
<unique>false</unique>
<precision>38</precision>
<scale>10</scale>
<dataType>VARCHAR</dataType>
<columnType>DIMENSION</columnType>
<label>Assignee Id</label>
<hidden>false</hidden>
<editable>false</editable>
</column>
<column>
<name>ASSIGNEE_DISPLAY_NAME</name>
<id>416b2ba922dd4d78b7bb15c912e7d6eb</id>
<displayName>Assignee Display Name</displayName>
<internal>false</internal>
<useHive>false</useHive>
<systemManaged>false</systemManaged>
<isEditable>true</isEditable>
<length>256</length>
<nullable>true</nullable>
<unique>false</unique>
<precision>38</precision>
<scale>10</scale>
<dataType>VARCHAR</dataType>
<columnType>DIMENSION</columnType>
<label>Assignee Display Name</label>
<hidden>false</hidden>
<editable>false</editable>
</column>
<column>
<name>TASK_ID</name>
<id>9d1e1c75ebed4d5fab2a7109dfb5ec64</id>
<displayName>Task ID</displayName>
<internal>false</internal>
<useHive>false</useHive>
<systemManaged>false</systemManaged>
<isEditable>true</isEditable>
<length>200</length>
<nullable>false</nullable>
<unique>false</unique>
<precision>38</precision>
<scale>10</scale>
<dataType>VARCHAR</dataType>
<columnType>DIMENSION</columnType>
<label>Task Id</label>
<hidden>false</hidden>
<editable>false</editable>
</column>
<column>
<name>ROOT_TASK_ID</name>
<id>a60cf0d0110948ff839c64e431759d03</id>
<displayName>Root Task ID</displayName>
<internal>false</internal>
<useHive>false</useHive>
<systemManaged>false</systemManaged>
<isEditable>true</isEditable>
<length>200</length>
<nullable>false</nullable>
<unique>false</unique>
<precision>38</precision>
<scale>10</scale>
<dataType>VARCHAR</dataType>
<columnType>ATTRIBUTE</columnType>
<label>Root Task Id</label>
<hidden>false</hidden>
<editable>false</editable>
</column>
<column>
<name>PROCESS_DEFINITION_ID</name>
<id>3febd1772ad7458a9343236176bbae2d</id>
<displayName>Process Definition ID</displayName>
<internal>false</internal>
<useHive>false</useHive>
<systemManaged>false</systemManaged>
<isEditable>true</isEditable>
<length>100</length>
<nullable>true</nullable>
<unique>false</unique>
<precision>38</precision>
<scale>10</scale>
<dataType>INT</dataType>
<columnType>ATTRIBUTE</columnType>
<label>Process Definition Beam Id</label>
<hidden>false</hidden>
<editable>false</editable>
</column>
<column>
<name>COMPOSITE_DEFINITION_ID</name>
<id>3fff224ac4584dc7972f9d1fa007f9a2</id>
<displayName>Composite Definition ID</displayName>
<internal>false</internal>
<useHive>false</useHive>
<systemManaged>false</systemManaged>
<isEditable>true</isEditable>
<length>100</length>
<nullable>true</nullable>
<unique>false</unique>
<precision>38</precision>
<scale>10</scale>
<dataType>INT</dataType>
<columnType>ATTRIBUTE</columnType>
<label>Composite Definition Beam Id</label>
<hidden>false</hidden>
<editable>false</editable>
</column>
<column>
<name>ACTIVITY_DEFINITION_ID</name>
<id>a5ae3d89c6ba4e9ab86f4ea61ce638b7</id>
<displayName>Activity Definition ID</displayName>
<internal>false</internal>
<useHive>false</useHive>
<systemManaged>false</systemManaged>
<isEditable>true</isEditable>
<length>100</length>
<nullable>true</nullable>
<unique>false</unique>
<precision>38</precision>
<scale>10</scale>
<dataType>INT</dataType>
<columnType>ATTRIBUTE</columnType>
<label>Activity Definition Beam Id</label>
<hidden>false</hidden>
<editable>false</editable>
</column>
<column>
<name>TASK_DEFINITION_ID</name>
<id>741a3582da954994832953c44080ec37</id>
<displayName>Task Definition ID</displayName>
<internal>false</internal>
<useHive>false</useHive>
<systemManaged>false</systemManaged>
<isEditable>true</isEditable>
<length>100</length>
<nullable>false</nullable>
<unique>false</unique>
<precision>38</precision>
<scale>10</scale>
<dataType>INT</dataType>
<columnType>ATTRIBUTE</columnType>
<label>Task Definition Beam Id</label>
<hidden>false</hidden>
<editable>false</editable>
</column>
<column>
<name>ASSIGNEE_GROUP_ID</name>
<id>d38da9027b294de384b9b498ad3d22a6</id>
<displayName>Assignee Group ID</displayName>
<internal>false</internal>
<useHive>false</useHive>
<systemManaged>false</systemManaged>
<isEditable>true</isEditable>
<length>200</length>
<nullable>true</nullable>
<unique>false</unique>
<precision>38</precision>
<scale>10</scale>
<dataType>VARCHAR</dataType>
<columnType>ATTRIBUTE</columnType>
<label>Assignee Group Id</label>
<hidden>false</hidden>
<editable>false</editable>
</column>
<column>
<name>ASSIGNEE_GRP_DISP_NAME</name>
<id>fd988a78d959469da9e6d1ba1a19b930</id>
<displayName>Assignee Group Display Name</displayName>
<internal>false</internal>
<useHive>false</useHive>
<systemManaged>false</systemManaged>
<isEditable>true</isEditable>
<length>200</length>
<nullable>true</nullable>
<unique>false</unique>
<precision>38</precision>
<scale>10</scale>
<dataType>VARCHAR</dataType>
<columnType>ATTRIBUTE</columnType>
<label>Assignee Group Display Name</label>
<hidden>false</hidden>
<editable>false</editable>
</column>
<column>
<name>IS_GROUP</name>
<id>3dc1a415d7b648c1b5197895c90d3a99</id>
<displayName>Is Group</displayName>
<internal>false</internal>
<useHive>false</useHive>
<systemManaged>false</systemManaged>
<isEditable>true</isEditable>
<length>200</length>
<nullable>true</nullable>
<unique>false</unique>
<precision>38</precision>
<scale>10</scale>
<dataType>VARCHAR</dataType>
<columnType>ATTRIBUTE</columnType>
<label>Is Group</label>
<hidden>false</hidden>
<editable>false</editable>
</column>
<column>
<name>ASSIGNMENT_START_DATE</name>
<id>e7d5331fe5c6484197cbc6a5bb52e452</id>
<displayName>Assignment Start Date</displayName>
<internal>false</internal>
<useHive>false</useHive>
<systemManaged>false</systemManaged>
<isEditable>true</isEditable>
<length>100</length>
<nullable>true</nullable>
<unique>false</unique>
<precision>38</precision>
<scale>10</scale>
<dataType>DATETIME</dataType>
<columnType>DIMENSION</columnType>
<label>Assignment Start Date</label>
<hidden>false</hidden>
<editable>false</editable>
</column>
<column>
<name>ASSIGNMENT_END_DATE</name>
<id>8855adf274f543ce8ae3a591f6ea5fe7</id>
<displayName>Assignment End Date</displayName>
<internal>false</internal>
<useHive>false</useHive>
<systemManaged>false</systemManaged>
<isEditable>true</isEditable>
<length>100</length>
<nullable>true</nullable>
<unique>false</unique>
<precision>38</precision>
<scale>10</scale>
<dataType>DATETIME</dataType>
<columnType>DIMENSION</columnType>
<label>Assignment End Date</label>
<hidden>false</hidden>
<editable>false</editable>
</column>
<column>
<name>ASSIGNMENT_UPDATE_DATE</name>
<id>b20aec37f591464fb230c35df632f025</id>
<displayName>Assignment Update Date</displayName>
<internal>false</internal>
<useHive>false</useHive>
<systemManaged>false</systemManaged>
<isEditable>true</isEditable>
<length>100</length>
<nullable>false</nullable>
<unique>false</unique>
<precision>38</precision>
<scale>10</scale>
<dataType>DATETIME</dataType>
<columnType>ATTRIBUTE</columnType>
<label>Assignment Update Date</label>
<hidden>false</hidden>
<editable>false</editable>
</column>
<column>
<name>UNATTENDED_START_DATE</name>
<id>a4fd7bf0eed544e1aca1d8ec59d15173</id>
<displayName>Unattended Start Date</displayName>
<internal>false</internal>
<useHive>false</useHive>
<systemManaged>false</systemManaged>
<isEditable>true</isEditable>
<length>100</length>
<nullable>true</nullable>
<unique>false</unique>
<precision>38</precision>
<scale>10</scale>
<dataType>DATETIME</dataType>
<columnType>ATTRIBUTE</columnType>
<label>Unattended Start Date</label>
<hidden>false</hidden>
<editable>false</editable>
</column>
<column>
<name>UNATTENDED_TIME</name>
<id>001c02fa55df44f8af742b391cd3e161</id>
<displayName>Unattended Time</displayName>
<internal>false</internal>
<useHive>false</useHive>
<systemManaged>false</systemManaged>
<isEditable>true</isEditable>
<length>100</length>
<nullable>true</nullable>
<unique>false</unique>
<precision>38</precision>
<scale>10</scale>
<dataType>INT</dataType>
<columnType>MEASURE</columnType>
<label>Unattended Time</label>
<hidden>false</hidden>
<editable>false</editable>
</column>
<column>
<name>WAITING_TIME</name>
<id>54ac8a7e3e08495db000b2d983446a1a</id>
<displayName>Waiting Time</displayName>
<internal>false</internal>
<useHive>false</useHive>
<systemManaged>false</systemManaged>
<isEditable>true</isEditable>
<length>100</length>
<nullable>true</nullable>
<unique>false</unique>
<precision>38</precision>
<scale>10</scale>
<dataType>INT</dataType>
<columnType>MEASURE</columnType>
<label>Waiting Time</label>
<hidden>false</hidden>
<editable>false</editable>
</column>
<column>
<name>WAITING_START_DATE</name>
<id>646f4fb4bb14484bb64f53ae70a66080</id>
<displayName>Waiting Start Date</displayName>
<internal>false</internal>
<useHive>false</useHive>
<systemManaged>false</systemManaged>
<isEditable>true</isEditable>
<length>100</length>
<nullable>true</nullable>
<unique>false</unique>
<precision>38</precision>
<scale>10</scale>
<dataType>DATETIME</dataType>
<columnType>ATTRIBUTE</columnType>
<label>Waiting Start Date</label>
<hidden>false</hidden>
<editable>false</editable>
</column>
<column>
<name>PROCESSING_TIME</name>
<id>49c20d27d1494d3c955861b326de34ff</id>
<displayName>Processing Time</displayName>
<internal>false</internal>
<useHive>false</useHive>
<systemManaged>false</systemManaged>
<isEditable>true</isEditable>
<length>100</length>
<nullable>true</nullable>
<unique>false</unique>
<precision>38</precision>
<scale>10</scale>
<dataType>INT</dataType>
<columnType>MEASURE</columnType>
<label>Processing Time</label>
<hidden>false</hidden>
<editable>false</editable>
</column>
<column>
<name>PROCESSING_START_DATE</name>
<id>b82f1e1f33054b76ae0ecb2d7374dc4c</id>
<displayName>Processing Start Date</displayName>
<internal>false</internal>
<useHive>false</useHive>
<systemManaged>false</systemManaged>
<isEditable>true</isEditable>
<length>100</length>
<nullable>true</nullable>
<unique>false</unique>
<precision>38</precision>
<scale>10</scale>
<dataType>DATETIME</dataType>
<columnType>ATTRIBUTE</columnType>
<label>Processing Start Date</label>
<hidden>false</hidden>
<editable>false</editable>
</column>
<column>
<name>SUSPENDED_TIME</name>
<id>9a1af145746d418d925681f79c98c794</id>
<displayName>Suspended Time</displayName>
<internal>false</internal>
<useHive>false</useHive>
<systemManaged>false</systemManaged>
<isEditable>true</isEditable>
<length>100</length>
<nullable>true</nullable>
<unique>false</unique>
<precision>38</precision>
<scale>10</scale>
<dataType>INT</dataType>
<columnType>MEASURE</columnType>
<label>Suspended Time</label>
<hidden>false</hidden>
<editable>false</editable>
</column>
<column>
<name>SUSPENDED_START_DATE</name>
<id>bec31bd3366740b1b3fc3a4a4c6c6535</id>
<displayName>Suspended Start Date</displayName>
<internal>false</internal>
<useHive>false</useHive>
<systemManaged>false</systemManaged>
<isEditable>true</isEditable>
<length>100</length>
<nullable>true</nullable>
<unique>false</unique>
<precision>38</precision>
<scale>10</scale>
<dataType>DATETIME</dataType>
<columnType>ATTRIBUTE</columnType>
<label>Suspended Start Date</label>
<hidden>false</hidden>
<editable>false</editable>
</column>
<column>
<name>TOTAL_TIME</name>
<id>ea8a21a583ff4d398354f3c14abace0c</id>
<displayName>Total Time</displayName>
<internal>false</internal>
<useHive>false</useHive>
<systemManaged>false</systemManaged>
<isEditable>true</isEditable>
<length>100</length>
<nullable>true</nullable>
<unique>false</unique>
<precision>38</precision>
<scale>10</scale>
<dataType>INT</dataType>
<columnType>MEASURE</columnType>
<label>Total Time</label>
<hidden>false</hidden>
<editable>false</editable>
</column>
<column>
<name>ASSIGNMENT_STATE</name>
<id>344033fe26814513993904af2b90a0c3</id>
<displayName>Assignment State</displayName>
<internal>false</internal>
<useHive>false</useHive>
<systemManaged>false</systemManaged>
<isEditable>true</isEditable>
<length>200</length>
<nullable>true</nullable>
<unique>false</unique>
<precision>38</precision>
<scale>10</scale>
<dataType>VARCHAR</dataType>
<columnType>DIMENSION</columnType>
<label>Assignment State</label>
<hidden>false</hidden>
<editable>false</editable>
</column>
<column>
<name>ASSIGNMENT_STATE_TYPE</name>
<id>89b4a48fdb64490f9d04164540f4049e</id>
<displayName>Assignment State Type</displayName>
<internal>false</internal>
<useHive>false</useHive>
<systemManaged>false</systemManaged>
<isEditable>true</isEditable>
<length>200</length>
<nullable>true</nullable>
<unique>false</unique>
<precision>38</precision>
<scale>10</scale>
<dataType>VARCHAR</dataType>
<columnType>DIMENSION</columnType>
<label>Assignment State Type</label>
<hidden>false</hidden>
<editable>false</editable>
</column>
<column>
<name>ASSIGNMENT_END_STATE</name>
<id>f0de48a83a3a4e29aaf9bc8b07276309</id>
<displayName>Assignment End State</displayName>
<internal>false</internal>
<useHive>false</useHive>
<systemManaged>false</systemManaged>
<isEditable>true</isEditable>
<length>200</length>
<nullable>true</nullable>
<unique>false</unique>
<precision>38</precision>
<scale>10</scale>
<dataType>VARCHAR</dataType>
<columnType>DIMENSION</columnType>
<label>Assignment End State</label>
<hidden>false</hidden>
<editable>false</editable>
</column>
<column>
<name>CASE_DEFINITION_ID</name>
<id>7a556d183f434ca68600d799a1e457dc</id>
<displayName>Case Definition ID</displayName>
<internal>false</internal>
<useHive>false</useHive>
<systemManaged>false</systemManaged>
<isEditable>true</isEditable>
<length>2000</length>
<nullable>true</nullable>
<unique>false</unique>
<precision>38</precision>
<scale>10</scale>
<dataType>INT</dataType>
<columnType>ATTRIBUTE</columnType>
<hidden>false</hidden>
<editable>false</editable>
</column>
</columns>
<indexes>
<index>
<name>ORA_PA_ASSIGNMENT_IDX0</name>
<id>ab193f6f2d9343e5a7b066eaeb7a617e</id>
<internal>false</internal>
<useHive>false</useHive>
<systemManaged>false</systemManaged>
<isEditable>true</isEditable>
<unique>false</unique>
<columns>
<columnRef>
<dataObject>ORACLE_PROCESSANALYTICS_ASSIGNMENT</dataObject>
<column>ASSIGNEE_ID</column>
</columnRef>
</columns>
</index>
<index>
<name>ORA_PA_ASSIGNMENT_IDX1</name>
<id>e3f9624b36c64c82bd26d455150208f3</id>
<internal>false</internal>
<useHive>false</useHive>
<systemManaged>false</systemManaged>
<isEditable>true</isEditable>
<unique>false</unique>
<columns>
<columnRef>
<dataObject>ORACLE_PROCESSANALYTICS_ASSIGNMENT</dataObject>
<column>TASK_ID</column>
</columnRef>
</columns>
</index>
<index>
<name>ORA_PA_ASSIGNMENT_IDX2</name>
<id>c91f15e778574409b20cefd0b40c5387</id>
<internal>false</internal>
<useHive>false</useHive>
<systemManaged>false</systemManaged>
<isEditable>true</isEditable>
<unique>false</unique>
<columns>
<columnRef>
<dataObject>ORACLE_PROCESSANALYTICS_ASSIGNMENT</dataObject>
<column>ROOT_TASK_ID</column>
</columnRef>
</columns>
</index>
<index>
<name>ORA_PA_ASSIGNMENT_IDX3</name>
<id>aab958a8acf144a3a5a73de7b229fb95</id>
<internal>false</internal>
<useHive>false</useHive>
<systemManaged>false</systemManaged>
<isEditable>true</isEditable>
<unique>false</unique>
<columns>
<columnRef>
<dataObject>ORACLE_PROCESSANALYTICS_ASSIGNMENT</dataObject>
<column>PROCESS_DEFINITION_ID</column>
</columnRef>
</columns>
</index>
<index>
<name>ORA_PA_ASSIGNMENT_IDX4</name>
<id>b7710a88b2694a58baf636f6018a1db0</id>
<internal>false</internal>
<useHive>false</useHive>
<systemManaged>false</systemManaged>
<isEditable>true</isEditable>
<unique>false</unique>
<columns>
<columnRef>
<dataObject>ORACLE_PROCESSANALYTICS_ASSIGNMENT</dataObject>
<column>COMPOSITE_DEFINITION_ID</column>
</columnRef>
</columns>
</index>
<index>
<name>ORA_PA_ASSIGNMENT_IDX5</name>
<id>14d5e9695cb34f9980054312d94a954c</id>
<internal>false</internal>
<useHive>false</useHive>
<systemManaged>false</systemManaged>
<isEditable>true</isEditable>
<unique>false</unique>
<columns>
<columnRef>
<dataObject>ORACLE_PROCESSANALYTICS_ASSIGNMENT</dataObject>
<column>ACTIVITY_DEFINITION_ID</column>
</columnRef>
</columns>
</index>
<index>
<name>ORA_PA_ASSIGNMENT_IDX6</name>
<id>0f77fb8f3c1b473ebde8a5614bec3774</id>
<internal>false</internal>
<useHive>false</useHive>
<systemManaged>false</systemManaged>
<isEditable>true</isEditable>
<unique>false</unique>
<columns>
<columnRef>
<dataObject>ORACLE_PROCESSANALYTICS_ASSIGNMENT</dataObject>
<column>TASK_DEFINITION_ID</column>
</columnRef>
</columns>
</index>
<index>
<name>ORA_PA_ASSIGNMENT_IDX7</name>
<id>b32d0787616344e5b0360c88a42ce66d</id>
<internal>false</internal>
<useHive>false</useHive>
<systemManaged>false</systemManaged>
<isEditable>true</isEditable>
<unique>false</unique>
<columns>
<columnRef>
<dataObject>ORACLE_PROCESSANALYTICS_ASSIGNMENT</dataObject>
<column>ASSIGNMENT_START_DATE</column>
</columnRef>
</columns>
</index>
<index>
<name>ORA_PA_ASSIGNMENT_IDX8</name>
<id>09342f9ad4d2482db7e5623ec889e955</id>
<internal>false</internal>
<useHive>false</useHive>
<systemManaged>false</systemManaged>
<isEditable>true</isEditable>
<unique>false</unique>
<columns>
<columnRef>
<dataObject>ORACLE_PROCESSANALYTICS_ASSIGNMENT</dataObject>
<column>ASSIGNMENT_END_DATE</column>
</columnRef>
</columns>
</index>
<index>
<name>ORA_PA_ASSIGNMENT_IDX9</name>
<id>bcb2d34e08224c9d887a176ed25ba993</id>
<internal>false</internal>
<useHive>false</useHive>
<systemManaged>false</systemManaged>
<isEditable>true</isEditable>
<unique>false</unique>
<columns>
<columnRef>
<dataObject>ORACLE_PROCESSANALYTICS_ASSIGNMENT</dataObject>
<column>ASSIGNMENT_STATE</column>
</columnRef>
</columns>
</index>
<index>
<name>ORA_PA_ASSIGNMENT_IDX10</name>
<id>6cd9fce328144472b06db883b749a17f</id>
<internal>false</internal>
<useHive>false</useHive>
<systemManaged>false</systemManaged>
<isEditable>true</isEditable>
<unique>false</unique>
<columns>
<columnRef>
<dataObject>ORACLE_PROCESSANALYTICS_ASSIGNMENT</dataObject>
<column>ASSIGNMENT_STATE_TYPE</column>
</columnRef>
</columns>
</index>
<index>
<name>ORA_PA_ASSIGNMENT_IDX11</name>
<id>73aa770671ad4f1e82c8075cc6aef6e7</id>
<internal>false</internal>
<useHive>false</useHive>
<systemManaged>false</systemManaged>
<isEditable>true</isEditable>
<unique>false</unique>
<columns>
<columnRef>
<dataObject>ORACLE_PROCESSANALYTICS_ASSIGNMENT</dataObject>
<column>ASSIGNMENT_END_STATE</column>
</columnRef>
</columns>
</index>
</indexes>
<hierarchies/>
<flexLimitation>
<totalDecimals>25</totalDecimals>
<totalStrings>25</totalStrings>
<totalIntegers>25</totalIntegers>
<totalFloats>25</totalFloats>
<totalDates>10</totalDates>
<totalLongStrings>25</totalLongStrings>
</flexLimitation>
</ns0:simpleDataObject>