<?xml version = '1.0' encoding = 'UTF-8'?>
<ns0:externalDataObject xmlns:ns0="http://xmlns.oracle.com/bam/bam12">
<name>INSIGHT_MILESTONE_TIME_EDO</name>
<id>/dataobject/INSIGHT_MILESTONE_TIME_EDO</id>
<displayName>/oracle/insight/internal/Insight Milestone Timing EDO</displayName>
<internal>false</internal>
<useHive>false</useHive>
<systemManaged>false</systemManaged>
<createdDate>2016-09-28T11:31:22.243-04:00</createdDate>
<modifiedDate>2016-09-28T11:31:22.243-04:00</modifiedDate>
<createdBy>OracleSystemUser</createdBy>
<modifiedBy>OracleSystemUser</modifiedBy>
<flexTableConfigured>true</flexTableConfigured>
<calculatedFields>
<calculatedField>
<name>INSTANCE_STATE_DESC</name>
<id>4d23093676d0477298a833462beac23e</id>
<displayName>INSTANCE_STATE_DESC</displayName>
<internal>false</internal>
<useHive>false</useHive>
<systemManaged>false</systemManaged>
<isEditable>true</isEditable>
<fieldId>0</fieldId>
<expression>SWITCH({INSTANCE_STATE})CASE(0):("Healthy")CASE(1):("Successful")CASE(2):("Recoverable Errors")CASE(3):("Failed")DEFAULT("Healthy")</expression>
<dataType>VARCHAR</dataType>
<valid>true</valid>
<aggregated>false</aggregated>
<supportedByCQL>true</supportedByCQL>
<hidden>false</hidden>
<columnType>ATTRIBUTE</columnType>
</calculatedField>
</calculatedFields>
<timeHierarchies/>
<cqType>RELATION</cqType>
<cqArchived>true</cqArchived>
<cqSource>jms:topic/oracle.beam.server.event.dataobject</cqSource>
<cqStampType>SYSTEM</cqStampType>
<slowChangingDimension>false</slowChangingDimension>
<physicalName>OII_BASE_METRICS_TIMINGS_VIEW</physicalName>
<eventId>BEAM_ID</eventId>
<replayAmount>0</replayAmount>
<hidden>false</hidden>
<columns>
<column>
<name>EVENT_ID</name>
<id>4750b61580f74e1b942d8840cdbb3379</id>
<displayName>EVENT ID</displayName>
<internal>false</internal>
<useHive>false</useHive>
<systemManaged>false</systemManaged>
<isEditable>true</isEditable>
<nullable>true</nullable>
<unique>false</unique>
<precision>38</precision>
<scale>10</scale>
<dataType>INT</dataType>
<columnType>ATTRIBUTE</columnType>
<label>label_EVENT_ID</label>
<hidden>false</hidden>
<editable>true</editable>
<physicalName>EVENT_ID</physicalName>
</column>
<column>
<name>FLOW_CORRELATION_ID</name>
<id>7cf8707881704cf086ca8cd08e164172</id>
<displayName>FLOW CORRELATION ID</displayName>
<internal>false</internal>
<useHive>false</useHive>
<systemManaged>false</systemManaged>
<isEditable>true</isEditable>
<length>256</length>
<nullable>true</nullable>
<unique>false</unique>
<dataType>VARCHAR</dataType>
<columnType>ATTRIBUTE</columnType>
<label>label_FLOW_CORRELATION_ID</label>
<hidden>false</hidden>
<editable>true</editable>
<physicalName>FLOW_CORRELATION_ID</physicalName>
</column>
<column>
<name>BUSINESS_MODEL_ID</name>
<id>6a76326bde0441b08761cb7d2dfab2cf</id>
<displayName>BUSINESS MODEL ID</displayName>
<internal>false</internal>
<useHive>false</useHive>
<systemManaged>false</systemManaged>
<isEditable>true</isEditable>
<length>256</length>
<nullable>true</nullable>
<unique>false</unique>
<dataType>VARCHAR</dataType>
<columnType>ATTRIBUTE</columnType>
<label>label_BUSINESS_MODEL_ID</label>
<hidden>false</hidden>
<editable>true</editable>
<physicalName>BUSINESS_MODEL_ID</physicalName>
</column>
<column>
<name>MILESTONE_ID</name>
<id>3c7cde5ed51941ac9dda92b296410800</id>
<displayName>MILESTONE ID</displayName>
<internal>false</internal>
<useHive>false</useHive>
<systemManaged>false</systemManaged>
<isEditable>true</isEditable>
<length>256</length>
<nullable>true</nullable>
<unique>false</unique>
<dataType>VARCHAR</dataType>
<columnType>ATTRIBUTE</columnType>
<label>label_MILESTONE_ID</label>
<hidden>false</hidden>
<editable>true</editable>
<physicalName>MILESTONE_ID</physicalName>
</column>
<column>
<name>EXECUTION_TIME</name>
<id>ab918924d7fb4560a07820c5088a39c9</id>
<displayName>EXECUTION TIME</displayName>
<internal>false</internal>
<useHive>false</useHive>
<systemManaged>false</systemManaged>
<isEditable>true</isEditable>
<nullable>true</nullable>
<unique>false</unique>
<dataType>DATETIME</dataType>
<columnType>DIMENSION</columnType>
<label>label_EXECUTION_TIME</label>
<hidden>false</hidden>
<editable>true</editable>
<physicalName>EXECUTION_TIME</physicalName>
</column>
<column>
<name>MILESTONE_NAME</name>
<id>112c0febc0a44a1ebf6a8af7fccc27e9</id>
<displayName>MILESTONE NAME</displayName>
<internal>false</internal>
<useHive>false</useHive>
<systemManaged>false</systemManaged>
<isEditable>true</isEditable>
<length>2000</length>
<nullable>true</nullable>
<unique>false</unique>
<dataType>VARCHAR</dataType>
<columnType>DIMENSION</columnType>
<label>label_MILESTONE_NAME</label>
<hidden>false</hidden>
<editable>true</editable>
<physicalName>MILESTONE_NAME</physicalName>
</column>
<column>
<name>IS_TERMINAL_MILESTONE</name>
<id>83f9c13c5b724ca48cdef92a2b78c462</id>
<displayName>IS TERMINAL MILESTONE</displayName>
<internal>false</internal>
<useHive>false</useHive>
<systemManaged>false</systemManaged>
<isEditable>true</isEditable>
<nullable>true</nullable>
<unique>false</unique>
<precision>38</precision>
<scale>10</scale>
<dataType>INT</dataType>
<columnType>ATTRIBUTE</columnType>
<label>label_IS_TERMINAL_MILESTONE</label>
<hidden>false</hidden>
<editable>true</editable>
<physicalName>IS_TERMINAL_MILESTONE</physicalName>
</column>
<column>
<name>IS_ERROR_MILESTONE</name>
<id>7c6061bf130c4aa0b8352b48859e7f48</id>
<displayName>IS ERROR MILESTONE</displayName>
<internal>false</internal>
<useHive>false</useHive>
<systemManaged>false</systemManaged>
<isEditable>true</isEditable>
<nullable>true</nullable>
<unique>false</unique>
<precision>38</precision>
<scale>10</scale>
<dataType>INT</dataType>
<columnType>ATTRIBUTE</columnType>
<label>label_IS_ERROR_MILESTONE</label>
<hidden>false</hidden>
<editable>true</editable>
<physicalName>IS_ERROR_MILESTONE</physicalName>
</column>
<column>
<name>IS_INITIAL_MILESTONE</name>
<id>fde1af35d5d946b28173877159f328f7</id>
<displayName>IS INITIAL MILESTONE</displayName>
<internal>false</internal>
<useHive>false</useHive>
<systemManaged>false</systemManaged>
<isEditable>true</isEditable>
<nullable>true</nullable>
<unique>false</unique>
<precision>38</precision>
<scale>10</scale>
<dataType>INT</dataType>
<columnType>ATTRIBUTE</columnType>
<label>label_IS_INITIAL_MILESTONE</label>
<hidden>false</hidden>
<editable>true</editable>
<physicalName>IS_INITIAL_MILESTONE</physicalName>
</column>
<column>
<name>MODEL_NAME</name>
<id>7afab76ed2f344aab40a22963861f62b</id>
<displayName>MODEL NAME</displayName>
<internal>false</internal>
<useHive>false</useHive>
<systemManaged>false</systemManaged>
<isEditable>true</isEditable>
<length>2000</length>
<nullable>true</nullable>
<unique>false</unique>
<dataType>VARCHAR</dataType>
<columnType>DIMENSION</columnType>
<label>label_MODEL_NAME</label>
<hidden>false</hidden>
<editable>true</editable>
<physicalName>MODEL_NAME</physicalName>
</column>
<column>
<name>INSTANCE_STATE</name>
<id>6b0a750fb47e43528042a63bbe948c42</id>
<displayName>INSTANCE STATE</displayName>
<internal>false</internal>
<useHive>false</useHive>
<systemManaged>false</systemManaged>
<isEditable>true</isEditable>
<nullable>true</nullable>
<unique>false</unique>
<precision>38</precision>
<scale>10</scale>
<dataType>INT</dataType>
<columnType>ATTRIBUTE</columnType>
<label>label_INSTANCE_STATE</label>
<hidden>false</hidden>
<editable>true</editable>
<physicalName>INSTANCE_STATE</physicalName>
</column>
<column>
<name>INSTANCE_START_TIME</name>
<id>3ecf59d3cf7c48469f1eec91a5508f76</id>
<displayName>INSTANCE START TIME</displayName>
<internal>false</internal>
<useHive>false</useHive>
<systemManaged>false</systemManaged>
<isEditable>true</isEditable>
<nullable>true</nullable>
<unique>false</unique>
<dataType>DATETIME</dataType>
<columnType>DIMENSION</columnType>
<label>label_INSTANCE_START_TIME</label>
<hidden>false</hidden>
<editable>true</editable>
<physicalName>INSTANCE_START_TIME</physicalName>
</column>
<column>
<name>INSTANCE_COMPLETION_TIME</name>
<id>bbf37192d1f347a988ef2b410d27a392</id>
<displayName>INSTANCE COMPLETION TIME</displayName>
<internal>false</internal>
<useHive>false</useHive>
<systemManaged>false</systemManaged>
<isEditable>true</isEditable>
<nullable>true</nullable>
<unique>false</unique>
<dataType>DATETIME</dataType>
<columnType>DIMENSION</columnType>
<label>label_INSTANCE_COMPLETION_TIME</label>
<hidden>false</hidden>
<editable>true</editable>
<physicalName>INSTANCE_COMPLETION_TIME</physicalName>
</column>
<column>
<name>STATE_UPDATE_TIME</name>
<id>6b1352ae0089432ea4171e430d395fcf</id>
<displayName>Instance State Update Time</displayName>
<internal>false</internal>
<useHive>false</useHive>
<systemManaged>false</systemManaged>
<isEditable>true</isEditable>
<nullable>true</nullable>
<unique>false</unique>
<dataType>DATETIME</dataType>
<columnType>DIMENSION</columnType>
<label>label_STATE_UPDATE_TIME</label>
<hidden>false</hidden>
<editable>true</editable>
<physicalName>STATE_UPDATE_TIME</physicalName>
</column>
<column>
<name>INSTANCE_EXEC_DURATION</name>
<id>4d227859038d4faea45a3f64669fdeb1</id>
<displayName>INSTANCE EXEC DURATION</displayName>
<internal>false</internal>
<useHive>false</useHive>
<systemManaged>false</systemManaged>
<isEditable>true</isEditable>
<nullable>true</nullable>
<unique>false</unique>
<precision>38</precision>
<scale>0</scale>
<dataType>DECIMAL</dataType>
<columnType>MEASURE</columnType>
<label>label_INSTANCE_EXEC_DURATION</label>
<hidden>false</hidden>
<editable>true</editable>
<physicalName>INSTANCE_EXEC_DURATION</physicalName>
</column>
<column>
<name>PREV_MS_ID</name>
<id>7066cbbdeb4d44bbb05aea0bad9b4c0f</id>
<displayName>PREV_MS_ID</displayName>
<internal>false</internal>
<useHive>false</useHive>
<systemManaged>false</systemManaged>
<isEditable>true</isEditable>
<length>256</length>
<nullable>true</nullable>
<unique>false</unique>
<dataType>VARCHAR</dataType>
<columnType>ATTRIBUTE</columnType>
<label>label_PREV_MS_ID</label>
<hidden>false</hidden>
<editable>true</editable>
<physicalName>PREV_MS_ID</physicalName>
</column>
<column>
<name>PREV_EXEC_TIME</name>
<id>db9dc5c6428b47e8929935b65a824041</id>
<displayName>PREV_EXEC_TIME</displayName>
<internal>false</internal>
<useHive>false</useHive>
<systemManaged>false</systemManaged>
<isEditable>true</isEditable>
<nullable>true</nullable>
<unique>false</unique>
<dataType>DATETIME</dataType>
<columnType>DIMENSION</columnType>
<label>label_PREV_EXEC_TIME</label>
<hidden>false</hidden>
<editable>true</editable>
<physicalName>PREV_EXEC_TIME</physicalName>
</column>
<column>
<name>NEXT_MS_ID</name>
<id>212bd121e87c427eb39aab0df60169e1</id>
<displayName>NEXT_MS_ID</displayName>
<internal>false</internal>
<useHive>false</useHive>
<systemManaged>false</systemManaged>
<isEditable>true</isEditable>
<length>256</length>
<nullable>true</nullable>
<unique>false</unique>
<dataType>VARCHAR</dataType>
<columnType>ATTRIBUTE</columnType>
<label>label_NEXT_MS_ID</label>
<hidden>false</hidden>
<editable>true</editable>
<physicalName>NEXT_MS_ID</physicalName>
</column>
<column>
<name>NEXT_EXEC_TIME</name>
<id>1875a11be40240bea67b7e28a4df3bec</id>
<displayName>NEXT_EXEC_TIME</displayName>
<internal>false</internal>
<useHive>false</useHive>
<systemManaged>false</systemManaged>
<isEditable>true</isEditable>
<nullable>true</nullable>
<unique>false</unique>
<dataType>DATETIME</dataType>
<columnType>DIMENSION</columnType>
<label>label_NEXT_EXEC_TIME</label>
<hidden>false</hidden>
<editable>true</editable>
<physicalName>NEXT_EXEC_TIME</physicalName>
</column>
</columns>
<indexes/>
<hierarchies/>
<sourceName>BamDataSource</sourceName>
<dimDOName>INSIGHT_MILESTONE_TIME_EDO_</dimDOName>
<jndiName>jdbc/BeamDataSource</jndiName>
<factDO>true</factDO>
</ns0:externalDataObject>