<?xml version = '1.0' encoding = 'UTF-8'?>
<ns0:externalDataObject xmlns:ns0="http://xmlns.oracle.com/bam/bam12">
<name>INSIGHT_METRICS_EDO</name>
<id>/dataobject/INSIGHT_METRICS_EDO</id>
<displayName>/oracle/insight/internal/Insight Metrics EDO</displayName>
<internal>false</internal>
<useHive>false</useHive>
<systemManaged>false</systemManaged>
<createdDate>2016-09-28T11:31:23.329-04:00</createdDate>
<modifiedDate>2016-09-28T11:31:23.329-04:00</modifiedDate>
<createdBy>OracleSystemUser</createdBy>
<modifiedBy>OracleSystemUser</modifiedBy>
<flexTableConfigured>true</flexTableConfigured>
<calculatedFields>
<calculatedField>
<name>IS_LAST_MILESTONE</name>
<id>366fce8676884d1bb50b77dc1877e48d</id>
<displayName>IS_LAST_MILESTONE</displayName>
<internal>false</internal>
<useHive>false</useHive>
<systemManaged>false</systemManaged>
<isEditable>true</isEditable>
<fieldId>0</fieldId>
<expression>IF(({LAST_MILESTONE_ID}-{EVENT_ID})==0)THEN("YES")ELSE("NO")</expression>
<dataType>VARCHAR</dataType>
<valid>true</valid>
<aggregated>false</aggregated>
<supportedByCQL>true</supportedByCQL>
<hidden>false</hidden>
<columnType>ATTRIBUTE</columnType>
</calculatedField>
<calculatedField>
<name>INSTANCE_STATE_DESC</name>
<id>05af04bd4bf34341ad01c55eca08291e</id>
<displayName>INSTANCE_STATE_DESC</displayName>
<internal>false</internal>
<useHive>false</useHive>
<systemManaged>false</systemManaged>
<isEditable>true</isEditable>
<fieldId>1</fieldId>
<expression>SWITCH({INSTANCE_STATE})CASE(0):("Healthy")CASE(1):("Successful")CASE(2):("Recoverable Errors")CASE(3):("Failed")DEFAULT("Healthy")</expression>
<dataType>VARCHAR</dataType>
<valid>true</valid>
<aggregated>false</aggregated>
<supportedByCQL>true</supportedByCQL>
<hidden>false</hidden>
<columnType>ATTRIBUTE</columnType>
</calculatedField>
</calculatedFields>
<timeHierarchies/>
<cqType>RELATION</cqType>
<cqArchived>true</cqArchived>
<cqSource>jms:topic/oracle.beam.server.event.dataobject</cqSource>
<cqStampType>SYSTEM</cqStampType>
<slowChangingDimension>false</slowChangingDimension>
<physicalName>OII_METRICS_A</physicalName>
<eventId>BEAM_ID</eventId>
<replayAmount>0</replayAmount>
<hidden>false</hidden>
<columns>
<column>
<name>EVENT_ID</name>
<id>519e34abe31e49288a994054b5ec095e</id>
<displayName>EVENT ID</displayName>
<internal>false</internal>
<useHive>false</useHive>
<systemManaged>false</systemManaged>
<isEditable>true</isEditable>
<nullable>true</nullable>
<unique>false</unique>
<precision>38</precision>
<scale>10</scale>
<dataType>INT</dataType>
<columnType>ATTRIBUTE</columnType>
<label>label_EVENT_ID</label>
<hidden>false</hidden>
<editable>true</editable>
<physicalName>EVENT_ID</physicalName>
</column>
<column>
<name>FLOW_CORRELATION_ID</name>
<id>8b437ccae03c4812a234f8a3cf73a177</id>
<displayName>FLOW CORRELATION ID</displayName>
<internal>false</internal>
<useHive>false</useHive>
<systemManaged>false</systemManaged>
<isEditable>true</isEditable>
<length>256</length>
<nullable>true</nullable>
<unique>false</unique>
<dataType>VARCHAR</dataType>
<columnType>ATTRIBUTE</columnType>
<label>label_FLOW_CORRELATION_ID</label>
<hidden>false</hidden>
<editable>true</editable>
<physicalName>FLOW_CORRELATION_ID</physicalName>
</column>
<column>
<name>BUSINESS_MODEL_ID</name>
<id>8578d24ff9374afc917866fcaf2a1a12</id>
<displayName>BUSINESS MODEL ID</displayName>
<internal>false</internal>
<useHive>false</useHive>
<systemManaged>false</systemManaged>
<isEditable>true</isEditable>
<length>256</length>
<nullable>true</nullable>
<unique>false</unique>
<dataType>VARCHAR</dataType>
<columnType>ATTRIBUTE</columnType>
<label>label_BUSINESS_MODEL_ID</label>
<hidden>false</hidden>
<editable>true</editable>
<physicalName>BUSINESS_MODEL_ID</physicalName>
</column>
<column>
<name>MILESTONE_ID</name>
<id>cab7ce7e269544d1900c5f29d97add1b</id>
<displayName>MILESTONE ID</displayName>
<internal>false</internal>
<useHive>false</useHive>
<systemManaged>false</systemManaged>
<isEditable>true</isEditable>
<length>256</length>
<nullable>true</nullable>
<unique>false</unique>
<dataType>VARCHAR</dataType>
<columnType>ATTRIBUTE</columnType>
<label>label_MILESTONE_ID</label>
<hidden>false</hidden>
<editable>true</editable>
<physicalName>MILESTONE_ID</physicalName>
</column>
<column>
<name>EXECUTION_TIME</name>
<id>8a578659a89e4a27995dcae09a372456</id>
<displayName>EXECUTION TIME</displayName>
<internal>false</internal>
<useHive>false</useHive>
<systemManaged>false</systemManaged>
<isEditable>true</isEditable>
<nullable>true</nullable>
<unique>false</unique>
<dataType>DATETIME</dataType>
<columnType>DIMENSION</columnType>
<label>label_EXECUTION_TIME</label>
<hidden>false</hidden>
<editable>true</editable>
<physicalName>EXECUTION_TIME</physicalName>
</column>
<column>
<name>IDENTIFIER</name>
<id>dc5aaaa245474d45879896e8ac08cc82</id>
<displayName>Identifier</displayName>
<internal>false</internal>
<useHive>false</useHive>
<systemManaged>false</systemManaged>
<isEditable>true</isEditable>
<length>2000</length>
<nullable>true</nullable>
<unique>false</unique>
<dataType>VARCHAR</dataType>
<columnType>ATTRIBUTE</columnType>
<label>label_IDENTIFIER</label>
<hidden>false</hidden>
<editable>true</editable>
<physicalName>IDENTIFIER</physicalName>
</column>
<column>
<name>CONNECTION_ID</name>
<id>1afa267cb77b42ccb45fd0bbe5bdeadd</id>
<displayName>Connection Identifier</displayName>
<internal>false</internal>
<useHive>false</useHive>
<systemManaged>false</systemManaged>
<isEditable>true</isEditable>
<length>256</length>
<nullable>true</nullable>
<unique>false</unique>
<dataType>VARCHAR</dataType>
<columnType>ATTRIBUTE</columnType>
<label>label_CONNECTION_ID</label>
<hidden>false</hidden>
<editable>true</editable>
<physicalName>CONNECTION_ID</physicalName>
</column>
<column>
<name>MILESTONE_NAME</name>
<id>9ceeb9d68a3e46fe81a24e53f7aaff81</id>
<displayName>MILESTONE NAME</displayName>
<internal>false</internal>
<useHive>false</useHive>
<systemManaged>false</systemManaged>
<isEditable>true</isEditable>
<length>2000</length>
<nullable>true</nullable>
<unique>false</unique>
<dataType>VARCHAR</dataType>
<columnType>DIMENSION</columnType>
<label>label_MILESTONE_NAME</label>
<hidden>false</hidden>
<editable>true</editable>
<physicalName>MILESTONE_NAME</physicalName>
</column>
<column>
<name>IS_TERMINAL_MILESTONE</name>
<id>11847e3954a2403b9c600607cf697018</id>
<displayName>IS TERMINAL MILESTONE</displayName>
<internal>false</internal>
<useHive>false</useHive>
<systemManaged>false</systemManaged>
<isEditable>true</isEditable>
<nullable>true</nullable>
<unique>false</unique>
<precision>38</precision>
<scale>10</scale>
<dataType>INT</dataType>
<columnType>ATTRIBUTE</columnType>
<label>label_IS_TERMINAL_MILESTONE</label>
<hidden>false</hidden>
<editable>true</editable>
<physicalName>IS_TERMINAL_MILESTONE</physicalName>
</column>
<column>
<name>IS_ERROR_MILESTONE</name>
<id>e389a8af22fe4db98a5a27f180e78531</id>
<displayName>IS ERROR MILESTONE</displayName>
<internal>false</internal>
<useHive>false</useHive>
<systemManaged>false</systemManaged>
<isEditable>true</isEditable>
<nullable>true</nullable>
<unique>false</unique>
<precision>38</precision>
<scale>10</scale>
<dataType>INT</dataType>
<columnType>ATTRIBUTE</columnType>
<label>label_IS_ERROR_MILESTONE</label>
<hidden>false</hidden>
<editable>true</editable>
<physicalName>IS_ERROR_MILESTONE</physicalName>
</column>
<column>
<name>IS_INITIAL_MILESTONE</name>
<id>d325d378dbe24c2db75ace155b0422e7</id>
<displayName>IS INITIAL MILESTONE</displayName>
<internal>false</internal>
<useHive>false</useHive>
<systemManaged>false</systemManaged>
<isEditable>true</isEditable>
<nullable>true</nullable>
<unique>false</unique>
<precision>38</precision>
<scale>10</scale>
<dataType>INT</dataType>
<columnType>ATTRIBUTE</columnType>
<label>label_IS_INITIAL_MILESTONE</label>
<hidden>false</hidden>
<editable>true</editable>
<physicalName>IS_INITIAL_MILESTONE</physicalName>
</column>
<column>
<name>MODEL_NAME</name>
<id>e0de24082c824d66a072257dbfc7b20f</id>
<displayName>MODEL NAME</displayName>
<internal>false</internal>
<useHive>false</useHive>
<systemManaged>false</systemManaged>
<isEditable>true</isEditable>
<length>2000</length>
<nullable>true</nullable>
<unique>false</unique>
<dataType>VARCHAR</dataType>
<columnType>DIMENSION</columnType>
<label>label_MODEL_NAME</label>
<hidden>false</hidden>
<editable>true</editable>
<physicalName>MODEL_NAME</physicalName>
</column>
<column>
<name>BASE_IDENTIFIER</name>
<id>cc4e595c93b6483aae6ca3e66f087a25</id>
<displayName>Base Identifier</displayName>
<internal>false</internal>
<useHive>false</useHive>
<systemManaged>false</systemManaged>
<isEditable>true</isEditable>
<length>2000</length>
<nullable>true</nullable>
<unique>false</unique>
<dataType>VARCHAR</dataType>
<columnType>ATTRIBUTE</columnType>
<label>label_BASE_IDENTIFIER</label>
<hidden>false</hidden>
<editable>true</editable>
<physicalName>BASE_IDENTIFIER</physicalName>
</column>
<column>
<name>INSTANCE_STATE</name>
<id>c471d90dbf5c45439824a9ee7e8c5e9d</id>
<displayName>INSTANCE STATE</displayName>
<internal>false</internal>
<useHive>false</useHive>
<systemManaged>false</systemManaged>
<isEditable>true</isEditable>
<nullable>true</nullable>
<unique>false</unique>
<precision>38</precision>
<scale>10</scale>
<dataType>INT</dataType>
<columnType>ATTRIBUTE</columnType>
<label>label_INSTANCE_STATE</label>
<hidden>false</hidden>
<editable>true</editable>
<physicalName>INSTANCE_STATE</physicalName>
</column>
<column>
<name>INSTANCE_START_TIME</name>
<id>3ed3054e8fa74c158fcfb95fcc112b72</id>
<displayName>INSTANCE START TIME</displayName>
<internal>false</internal>
<useHive>false</useHive>
<systemManaged>false</systemManaged>
<isEditable>true</isEditable>
<nullable>true</nullable>
<unique>false</unique>
<dataType>DATETIME</dataType>
<columnType>DIMENSION</columnType>
<label>label_INSTANCE_START_TIME</label>
<hidden>false</hidden>
<editable>true</editable>
<physicalName>INSTANCE_START_TIME</physicalName>
</column>
<column>
<name>INSTANCE_COMPLETION_TIME</name>
<id>7ecc520be74f446aaaa540be1c1c24cc</id>
<displayName>INSTANCE COMPLETION TIME</displayName>
<internal>false</internal>
<useHive>false</useHive>
<systemManaged>false</systemManaged>
<isEditable>true</isEditable>
<nullable>true</nullable>
<unique>false</unique>
<dataType>DATETIME</dataType>
<columnType>DIMENSION</columnType>
<label>label_INSTANCE_COMPLETION_TIME</label>
<hidden>false</hidden>
<editable>true</editable>
<physicalName>INSTANCE_COMPLETION_TIME</physicalName>
</column>
<column>
<name>STATE_UPDATE_TIME</name>
<id>08f6c53ca78241fea92c71ef0b5fb332</id>
<displayName>Instance State Update Time</displayName>
<internal>false</internal>
<useHive>false</useHive>
<systemManaged>false</systemManaged>
<isEditable>true</isEditable>
<nullable>true</nullable>
<unique>false</unique>
<dataType>DATETIME</dataType>
<columnType>ATTRIBUTE</columnType>
<label>label_STATE_UPDATE_TIME</label>
<hidden>false</hidden>
<editable>true</editable>
<physicalName>STATE_UPDATE_TIME</physicalName>
</column>
<column>
<name>LAST_MILESTONE_ID</name>
<id>c07dee42ef4742959aff81fa0b8486ff</id>
<displayName>LAST MILESTONE ID</displayName>
<internal>false</internal>
<useHive>false</useHive>
<systemManaged>false</systemManaged>
<isEditable>true</isEditable>
<nullable>true</nullable>
<unique>false</unique>
<precision>38</precision>
<scale>0</scale>
<dataType>DECIMAL</dataType>
<columnType>ATTRIBUTE</columnType>
<label>label_LAST_MILESTONE_ID</label>
<hidden>false</hidden>
<editable>true</editable>
<physicalName>LAST_MILESTONE_ID</physicalName>
</column>
<column>
<name>INSTANCE_EXEC_DURATION</name>
<id>1e6a6ce783704d3ca99fed0bb44a826b</id>
<displayName>Instance Execution Duration</displayName>
<internal>false</internal>
<useHive>false</useHive>
<systemManaged>false</systemManaged>
<isEditable>true</isEditable>
<nullable>true</nullable>
<unique>false</unique>
<precision>38</precision>
<scale>0</scale>
<dataType>DECIMAL</dataType>
<columnType>MEASURE</columnType>
<label>label_INSTANCE_EXEC_DURATION</label>
<hidden>false</hidden>
<editable>true</editable>
<physicalName>INSTANCE_EXEC_DURATION</physicalName>
</column>
</columns>
<indexes/>
<hierarchies/>
<sourceName>BamDataSource</sourceName>
<dimDOName>INSIGHT_METRICS_EDO_</dimDOName>
<jndiName>jdbc/BeamDataSource</jndiName>
<factDO>true</factDO>
</ns0:externalDataObject>