<?xml version = '1.0' encoding = 'UTF-8'?>
<mds:customization version="12.2.1_20160607.2047" xmlns:mds="http://xmlns.oracle.com/mds" motype_local_name="DataControlConfigs" motype_nsuri="http://xmlns.oracle.com/adfm/configuration">
<mds:insert parent="(xmlns(mds_ns1=http://xmlns.oracle.com/adfm/configuration))/mds_ns1:DataControlConfigs" position="last">
<AdapterDataControl id="Anki_Min_Lap_Time_per_Race" FactoryClass="oracle.beam.datacontrol.adapter.BeamDataControlFactoryImpl" ImplDef="oracle.beam.datacontrol.adapter.BeamDataControlDefinition" SupportsTransactions="false" SupportsSortCollection="false" SupportsResetState="false" SupportsRangesize="false" SupportsFindMode="false" SupportsUpdates="false" Definition="oracle.beam.datacontrol.definition.Anki_Min_Lap_Time_per_Race" BeanClass="oracle.beam.datacontrol.definition.Anki_Min_Lap_Time_per_Race" xmlns="http://xmlns.oracle.com/adfm/datacontrol">
<Source>
<BeamDataControl xmlns="http://xmlns.oracle.com/bam/datacontrol" connection="BAMServerConnection1">
<Modifiers>
<Modifier version="1.0" type="GROUP" dataset="lap" queryName="Min_Lap_Time_per_Race" subjectArea="Anki" queryId="/project/Anki/businessquery/Min_Lap_Time_per_Race">
<FieldRefs>
<DatasetField fieldRefID="0" datasetField="BEAM_ID" datasetFieldDisplayName="BEAM_ID" order="0" dataType="INTEGER" isGroupLevel="false"/>
<DatasetField fieldRefID="1" datasetField="DATAOBJECT_CREATED" datasetFieldDisplayName="DATAOBJECT_CREATED" order="1" dataType="DATETIME" isGroupLevel="false"/>
<DatasetField fieldRefID="2" datasetField="DATAOBJECT_MODIFIED" datasetFieldDisplayName="DATAOBJECT_MODIFIED" order="2" dataType="DATETIME" isGroupLevel="false"/>
<DatasetField fieldRefID="3" datasetField="DEMOZONE" datasetFieldDisplayName="Demo Zone" order="3" dataType="STRING" isGroupLevel="false"/>
<DatasetField fieldRefID="4" datasetField="RACESTATUS" datasetFieldDisplayName="Race Status" order="4" dataType="STRING" isGroupLevel="false"/>
<DatasetField fieldRefID="5" datasetField="EVENTTIME" datasetFieldDisplayName="Event Time" order="5" dataType="DATETIME" isGroupLevel="false"/>
<DatasetField fieldRefID="6" datasetField="CARNAME" datasetFieldDisplayName="Car Name" order="6" dataType="STRING" isGroupLevel="false"/>
<DatasetField fieldRefID="7" datasetField="RACEID" datasetFieldDisplayName="Race ID" order="7" dataType="INTEGER" isGroupLevel="false"/>
<DatasetField fieldRefID="8" datasetField="LAP" datasetFieldDisplayName="Lap" order="8" dataType="INTEGER" isGroupLevel="false"/>
<DatasetField fieldRefID="9" datasetField="LAPTIME" datasetFieldDisplayName="Lap Time" order="9" dataType="INTEGER" isGroupLevel="false"/>
<DatasetField CalculatedFieldID="0'" fieldRefID="10'" datasetField="Lap_Time_Sec" datasetFieldDisplayName="Lap_Time_Sec" order="10" dataType="DECIMAL" isGroupLevel="false"/>
</FieldRefs>
<CalculatedFields>
<CalculatedField CalculatedFieldID="0">
<CalculatedFieldName>Lap_Time_Sec</CalculatedFieldName>
<CalcExpression>ROUND(({LAPTIME}/1000),1)</CalcExpression>
<CalculatedExpr>
<Function>
<FunctionName>ROUND</FunctionName>
<FunctionArguments>
<Expression>
<Value bParameter="false">LAPTIME</Value>
<BinaryOpr>/</BinaryOpr>
<Value bParameter="false">1000</Value>
</Expression>
<Value bParameter="false">1</Value>
</FunctionArguments>
</Function>
</CalculatedExpr>
</CalculatedField>
</CalculatedFields>
<RecordFields/>
<Groups collapsed="true">
<Group level="0"/>
<Group level="1" order="ASC" datasetField="RACEID" labelFlag="false" dataType="INTEGER"/>
<Group level="2" order="ASC" datasetField="CARNAME" labelFlag="true" dataType="STRING">
<Aggregate operandDatasetField="Lap_Time_Sec" operation="MIN" fieldID="MINLap_Time_Sec"/>
</Group>
</Groups>
<Filter>
<Branch name="Root" type="ALL">
<Branch name="internalFilter" type="ALL"/>
<Branch name="runtimeFilter" type="ALL"/>
</Branch>
</Filter>
<GroupFilter>
<Branch name="groupFilter" type="ALL"/>
</GroupFilter>
<Sorts/>
<Parameters/>
</Modifier>
<InsertNewRecordPosition>INSERT_AFTER</InsertNewRecordPosition>
<AuthenticationType>USE_BAM_CONNECTION_CREDENTIAL</AuthenticationType>
</Modifiers>
</BeamDataControl>
</Source>
</AdapterDataControl>
</mds:insert>
<mds:modify element="(xmlns(mds_ns1=http://xmlns.oracle.com/adfm/configuration))/mds_ns1:DataControlConfigs">
<mds:attribute name="Package" value="beam.project.Anki.businessquery.Min_Lap_Time_per_Race.datacontrol.Anki_Min_Lap_Time_per_Race"/>
<mds:attribute name="id" value="DataControls"/>
</mds:modify>
</mds:customization>