<?xml version = '1.0' encoding = 'UTF-8'?>
<ns0:derivedDataObject xmlns:ns0="http://xmlns.oracle.com/bam/bam12">
<name>lap</name>
<id>/dataobject/lap</id>
<displayName>anki/event/lap</displayName>
<internal>false</internal>
<useHive>false</useHive>
<systemManaged>false</systemManaged>
<createdDate>2016-10-09T14:54:47.85-04:00</createdDate>
<modifiedDate>2016-10-15T12:13:16.358-04:00</modifiedDate>
<createdBy>weblogic</createdBy>
<modifiedBy>weblogic</modifiedBy>
<flexTableConfigured>true</flexTableConfigured>
<category>ANKI</category>
<calculatedFields>
<calculatedField>
<name>Lap_Time_Sec</name>
<id>0886cc0493574329b0577901e5769984</id>
<displayName>Lap Time (Sec)</displayName>
<internal>false</internal>
<useHive>false</useHive>
<systemManaged>false</systemManaged>
<isEditable>true</isEditable>
<fieldId>0</fieldId>
<expression>ROUND(({LAPTIME}/1000),1)</expression>
<dataType>DECIMAL</dataType>
<valid>true</valid>
<aggregated>false</aggregated>
<supportedByCQL>true</supportedByCQL>
<hidden>false</hidden>
<columnType>ATTRIBUTE</columnType>
</calculatedField>
</calculatedFields>
<timeHierarchies/>
<cqType>RELATION</cqType>
<cqArchived>true</cqArchived>
<cqSource>jms:topic/oracle.beam.server.event.dataobject</cqSource>
<cqStampType>SYSTEM</cqStampType>
<slowChangingDimension>false</slowChangingDimension>
<physicalName>BEAM_VIEW_55</physicalName>
<eventId>BEAM_ID</eventId>
<replayAmount>0</replayAmount>
<hidden>false</hidden>
<columns>
<column>
<name>LAPTIME</name>
<id>3238f3d686c2490aa82fcbbbe201eb9b</id>
<displayName>Lap Time</displayName>
<internal>false</internal>
<useHive>false</useHive>
<systemManaged>false</systemManaged>
<isEditable>true</isEditable>
<nullable>true</nullable>
<unique>false</unique>
<dataType>INT</dataType>
<columnType>ATTRIBUTE</columnType>
<hidden>false</hidden>
<editable>false</editable>
</column>
</columns>
<indexes/>
<hierarchies/>
<flexLimitation>
<totalDecimals>25</totalDecimals>
<totalStrings>25</totalStrings>
<totalIntegers>25</totalIntegers>
<totalFloats>25</totalFloats>
<totalDates>10</totalDates>
<totalLongStrings>25</totalLongStrings>
</flexLimitation>
<parent type="dataObjectRef">BaseEvent</parent>
</ns0:derivedDataObject>