<?xml version = '1.0' encoding = 'UTF-8'?>
<ns0:simpleDataObject xmlns:ns0="http://xmlns.oracle.com/bam/bam12">
<name>BASE_INSTANCE_SUMMARY</name>
<id>/dataobject/BASE_INSTANCE_SUMMARY</id>
<displayName>oracle/insight/internal/Base Instance Summary</displayName>
<internal>false</internal>
<useHive>false</useHive>
<systemManaged>false</systemManaged>
<createdDate>2016-09-28T11:31:24.643-04:00</createdDate>
<modifiedDate>2016-09-28T11:31:24.643-04:00</modifiedDate>
<createdBy>OracleSystemUser</createdBy>
<modifiedBy>OracleSystemUser</modifiedBy>
<alias>OII_INSTANCE_A</alias>
<flexTableConfigured>true</flexTableConfigured>
<calculatedFields>
<calculatedField>
<name>INSTANCE_EXEC_DURATION</name>
<id>cd07de2006b544858730af318b58c9eb</id>
<displayName>INSTANCE_EXEC_DURATION</displayName>
<internal>false</internal>
<useHive>false</useHive>
<systemManaged>false</systemManaged>
<isEditable>true</isEditable>
<fieldId>0</fieldId>
<expression>IF (INSTANCE_COMPLETION_TIME == NULL) THEN (DATEDIFF(SQL_TSI_SECOND,INSTANCE_START_TIME,NOW())) ELSE (DATEDIFF(SQL_TSI_SECOND,INSTANCE_START_TIME,INSTANCE_COMPLETION_TIME))</expression>
<dataType>INT</dataType>
<valid>true</valid>
<aggregated>false</aggregated>
<supportedByCQL>true</supportedByCQL>
<hidden>false</hidden>
<columnType>MEASURE</columnType>
</calculatedField>
<calculatedField>
<name>INSTANCE_STATE_DESC</name>
<id>cd121c7019bc4fa9ad6395862ca86046</id>
<displayName>INSTANCE_STATE_DESC</displayName>
<internal>false</internal>
<useHive>false</useHive>
<systemManaged>false</systemManaged>
<isEditable>true</isEditable>
<fieldId>1</fieldId>
<expression>SWITCH({INSTANCE_STATE})CASE(0):("Healthy")CASE(1):("Successful")CASE(2):("Recoverable Errors")CASE(3):("Failed")DEFAULT("Healthy")</expression>
<dataType>VARCHAR</dataType>
<valid>true</valid>
<aggregated>false</aggregated>
<supportedByCQL>true</supportedByCQL>
<hidden>false</hidden>
<columnType>MEASURE</columnType>
</calculatedField>
</calculatedFields>
<timeHierarchies/>
<cqType>RELATION</cqType>
<cqArchived>true</cqArchived>
<cqSource>jms:topic/oracle.beam.server.event.dataobject</cqSource>
<cqStampType>SYSTEM</cqStampType>
<slowChangingDimension>false</slowChangingDimension>
<physicalName>BEAM_VIEW_46</physicalName>
<eventId>BEAM_ID</eventId>
<replayAmount>0</replayAmount>
<hidden>false</hidden>
<columns>
<column>
<name>BEAM_ID</name>
<id>24d297360e4f4ecfb46b45c8c22d6595</id>
<displayName>BEAM_ID</displayName>
<internal>false</internal>
<useHive>false</useHive>
<systemManaged>false</systemManaged>
<isEditable>true</isEditable>
<nullable>false</nullable>
<unique>false</unique>
<dataType>INT</dataType>
<columnType>ATTRIBUTE</columnType>
<hidden>false</hidden>
<editable>false</editable>
</column>
<column>
<name>DATAOBJECT_CREATED</name>
<id>9811f27f791a4e468b79fa77e6f2d0b5</id>
<displayName>DATAOBJECT_CREATED</displayName>
<internal>false</internal>
<useHive>false</useHive>
<systemManaged>false</systemManaged>
<isEditable>true</isEditable>
<nullable>false</nullable>
<unique>false</unique>
<dataType>DATETIME</dataType>
<columnType>DIMENSION</columnType>
<hidden>false</hidden>
<editable>false</editable>
</column>
<column>
<name>DATAOBJECT_MODIFIED</name>
<id>73abb9f3f0e14ec19f17cda22ec5135e</id>
<displayName>DATAOBJECT_MODIFIED</displayName>
<internal>false</internal>
<useHive>false</useHive>
<systemManaged>false</systemManaged>
<isEditable>true</isEditable>
<nullable>false</nullable>
<unique>false</unique>
<dataType>DATETIME</dataType>
<columnType>DIMENSION</columnType>
<hidden>false</hidden>
<editable>false</editable>
</column>
<column>
<name>FLOW_CORRELATION_ID</name>
<id>2e95e596a1574bdb81fd0fac451d04d8</id>
<displayName>FLOW CORRELATION ID</displayName>
<internal>false</internal>
<useHive>false</useHive>
<systemManaged>false</systemManaged>
<isEditable>true</isEditable>
<length>256</length>
<nullable>false</nullable>
<unique>false</unique>
<dataType>VARCHAR</dataType>
<columnType>ATTRIBUTE</columnType>
<hidden>false</hidden>
<editable>false</editable>
</column>
<column>
<name>BUSINESS_MODEL_ID</name>
<id>e628ffa9e51e41ef9df40feba9989f80</id>
<displayName>BUSINESS MODEL ID</displayName>
<internal>false</internal>
<useHive>false</useHive>
<systemManaged>false</systemManaged>
<isEditable>true</isEditable>
<length>256</length>
<nullable>false</nullable>
<unique>false</unique>
<dataType>VARCHAR</dataType>
<columnType>ATTRIBUTE</columnType>
<hidden>false</hidden>
<editable>false</editable>
</column>
<column>
<name>INSTANCE_STATE</name>
<id>c82b250d8bca4a82a93c32a303933867</id>
<displayName>INSTANCE STATE</displayName>
<internal>false</internal>
<useHive>false</useHive>
<systemManaged>false</systemManaged>
<isEditable>true</isEditable>
<nullable>false</nullable>
<unique>false</unique>
<dataType>INT</dataType>
<columnType>ATTRIBUTE</columnType>
<hidden>false</hidden>
<editable>false</editable>
</column>
<column>
<name>INSTANCE_START_TIME</name>
<id>85accde9035744c387ee2796386be0b3</id>
<displayName>INSTANCE START TIME</displayName>
<internal>false</internal>
<useHive>false</useHive>
<systemManaged>false</systemManaged>
<isEditable>true</isEditable>
<nullable>false</nullable>
<unique>false</unique>
<dataType>DATETIME</dataType>
<columnType>DIMENSION</columnType>
<hidden>false</hidden>
<editable>false</editable>
</column>
<column>
<name>INSTANCE_COMPLETION_TIME</name>
<id>a6b768a5bc1b406cad1104cec9c93734</id>
<displayName>INSTANCE COMPLETION TIME</displayName>
<internal>false</internal>
<useHive>false</useHive>
<systemManaged>false</systemManaged>
<isEditable>true</isEditable>
<nullable>true</nullable>
<unique>false</unique>
<dataType>DATETIME</dataType>
<columnType>DIMENSION</columnType>
<hidden>false</hidden>
<editable>false</editable>
</column>
<column>
<name>STATE_UPDATE_TIME</name>
<id>2fe2438de1654ffea8675a4aec1bad38</id>
<displayName>Instance State Update Time</displayName>
<internal>false</internal>
<useHive>false</useHive>
<systemManaged>false</systemManaged>
<isEditable>true</isEditable>
<nullable>true</nullable>
<unique>false</unique>
<dataType>DATETIME</dataType>
<columnType>DIMENSION</columnType>
<hidden>false</hidden>
<editable>false</editable>
</column>
<column>
<name>BASE_IDENTIFIER</name>
<id>15b558e4ac8e475990a3fd350f6aad06</id>
<displayName>Base Identifier</displayName>
<internal>false</internal>
<useHive>false</useHive>
<systemManaged>false</systemManaged>
<isEditable>true</isEditable>
<length>1000</length>
<nullable>false</nullable>
<unique>false</unique>
<dataType>VARCHAR</dataType>
<columnType>ATTRIBUTE</columnType>
<hidden>false</hidden>
<editable>false</editable>
</column>
</columns>
<indexes>
<index>
<name>i46_BASEINSTSUM_BASEID_IDX</name>
<id>3364957532ab402298f6ca65873e6255</id>
<internal>false</internal>
<useHive>false</useHive>
<systemManaged>false</systemManaged>
<isEditable>true</isEditable>
<unique>false</unique>
<columns>
<columnRef>
<dataObject>BASE_INSTANCE_SUMMARY</dataObject>
<column>BASE_IDENTIFIER</column>
</columnRef>
</columns>
</index>
<index>
<name>i46_BASEINSTSUM_ISTARTTIME_IDX</name>
<id>b89b4d21240342ffbd7e826cb2ba4f66</id>
<internal>false</internal>
<useHive>false</useHive>
<systemManaged>false</systemManaged>
<isEditable>true</isEditable>
<unique>false</unique>
<columns>
<columnRef>
<dataObject>BASE_INSTANCE_SUMMARY</dataObject>
<column>INSTANCE_START_TIME</column>
</columnRef>
</columns>
</index>
<index>
<name>i46_BASEINSTSUM_MODELID_IDX</name>
<id>a9d0839978374b1fafbc77717beb7a4b</id>
<internal>false</internal>
<useHive>false</useHive>
<systemManaged>false</systemManaged>
<isEditable>true</isEditable>
<unique>false</unique>
<columns>
<columnRef>
<dataObject>BASE_INSTANCE_SUMMARY</dataObject>
<column>BUSINESS_MODEL_ID</column>
</columnRef>
</columns>
</index>
<index>
<name>i46_BASEINSTSUM_ISTATE_IDX</name>
<id>f6b2a8fb360e4f15be8b14d71c6af014</id>
<internal>false</internal>
<useHive>false</useHive>
<systemManaged>false</systemManaged>
<isEditable>true</isEditable>
<unique>false</unique>
<columns>
<columnRef>
<dataObject>BASE_INSTANCE_SUMMARY</dataObject>
<column>INSTANCE_STATE</column>
</columnRef>
</columns>
</index>
</indexes>
<hierarchies/>
<flexLimitation>
<totalDecimals>25</totalDecimals>
<totalStrings>25</totalStrings>
<totalIntegers>25</totalIntegers>
<totalFloats>25</totalFloats>
<totalDates>10</totalDates>
<totalLongStrings>25</totalLongStrings>
</flexLimitation>
</ns0:simpleDataObject>