<?xml version = '1.0' encoding = 'UTF-8'?>
<ns0:dashboard xmlns:ns0="http://xmlns.oracle.com/bam/bam12">
<name>Race</name>
<id>/project/Anki/dashboard/Race</id>
<displayName>Race</displayName>
<description>Dashboard Description</description>
<internal>false</internal>
<useHive>false</useHive>
<systemManaged>false</systemManaged>
<createdDate>2016-10-25T10:37:35.103-04:00</createdDate>
<modifiedDate>2016-10-27T09:33:20.61-04:00</modifiedDate>
<createdBy>weblogic</createdBy>
<modifiedBy>OracleSystemUser</modifiedBy>
<status>OK</status>
<strExternalURL>http://129.152.128.118:9001/bam/composer/faces/proxypage?project=Anki&amp;dashboard=Race</strExternalURL>
<m_oParameterMapping>
<m_oMapping>
<paramMapEntries>
<parameterMapEntry>
<key>LAP</key>
<value>
<mapping>
<m_strSourceField>LAP</m_strSourceField>
<m_strSourceView>/project/Anki/view/Speed_Avg_per_Lap</m_strSourceView>
<m_strTargetViewParameter>CURRENTRACE</m_strTargetViewParameter>
<m_strTargetView>/project/Anki/view/Avg_Speed_per_Race</m_strTargetView>
</mapping>
<mapping>
<m_strSourceField>LAP</m_strSourceField>
<m_strSourceView>/project/Anki/view/Speed_Avg_per_Lap</m_strSourceView>
<m_strTargetViewParameter>CURRENTRACE</m_strTargetViewParameter>
<m_strTargetView>/project/Anki/view/Fastest_Lap_per_Race</m_strTargetView>
</mapping>
<mapping>
<m_strSourceField>LAP</m_strSourceField>
<m_strSourceView>/project/Anki/view/line</m_strSourceView>
<m_strTargetViewParameter>CURRENTRACE</m_strTargetViewParameter>
<m_strTargetView>/project/Anki/view/Avg_Speed_per_Race</m_strTargetView>
</mapping>
<mapping>
<m_strSourceField>LAP</m_strSourceField>
<m_strSourceView>/project/Anki/view/line</m_strSourceView>
<m_strTargetViewParameter>CURRENTRACE</m_strTargetViewParameter>
<m_strTargetView>/project/Anki/view/Fastest_Lap_per_Race</m_strTargetView>
</mapping>
<mapping>
<m_strSourceField>LAP</m_strSourceField>
<m_strSourceView>/project/Anki/view/Speed_Avg_per_Lap</m_strSourceView>
<m_strTargetViewParameter>CURRENTRACE</m_strTargetViewParameter>
<m_strTargetView>/project/Anki/view/Time_per_Lap</m_strTargetView>
</mapping>
<mapping>
<m_strSourceField>LAP</m_strSourceField>
<m_strSourceView>/project/Anki/view/Time_per_Lap</m_strSourceView>
<m_strTargetViewParameter>CURRENTRACE</m_strTargetViewParameter>
<m_strTargetView>/project/Anki/view/Fastest_Lap_per_Race</m_strTargetView>
</mapping>
<mapping>
<m_strSourceField>LAP</m_strSourceField>
<m_strSourceView>/project/Anki/view/Time_per_Lap</m_strSourceView>
<m_strTargetViewParameter>CURRENTRACE</m_strTargetViewParameter>
<m_strTargetView>/project/Anki/view/Avg_Speed_per_Race</m_strTargetView>
</mapping>
<mapping>
<m_strSourceField>LAP</m_strSourceField>
<m_strSourceView>/project/Anki/view/Time_per_Lap</m_strSourceView>
<m_strTargetViewParameter>CURRENTRACE</m_strTargetViewParameter>
<m_strTargetView>/project/Anki/view/Speed_Avg_per_Lap</m_strTargetView>
</mapping>
</value>
</parameterMapEntry>
<parameterMapEntry>
<key>CARNAME</key>
<value>
<mapping>
<m_strSourceField>CARNAME</m_strSourceField>
<m_strSourceView>/project/Anki/view/Avg_Speed_per_Race</m_strSourceView>
<m_strTargetViewParameter>CURRENTRACE</m_strTargetViewParameter>
<m_strTargetView>/project/Anki/view/Fastest_Lap_per_Race</m_strTargetView>
</mapping>
<mapping>
<m_strSourceField>CARNAME</m_strSourceField>
<m_strSourceView>/project/Anki/view/Fastest_Lap_per_Race</m_strSourceView>
<m_strTargetViewParameter>CURRENTRACE</m_strTargetViewParameter>
<m_strTargetView>/project/Anki/view/Avg_Speed_per_Race</m_strTargetView>
</mapping>
<mapping>
<m_strSourceField>CARNAME</m_strSourceField>
<m_strSourceView>/project/Anki/view/Speed_Avg_per_Lap</m_strSourceView>
<m_strTargetViewParameter>CURRENTRACE</m_strTargetViewParameter>
<m_strTargetView>/project/Anki/view/Avg_Speed_per_Race</m_strTargetView>
</mapping>
<mapping>
<m_strSourceField>CARNAME</m_strSourceField>
<m_strSourceView>/project/Anki/view/Speed_Avg_per_Lap</m_strSourceView>
<m_strTargetViewParameter>CURRENTRACE</m_strTargetViewParameter>
<m_strTargetView>/project/Anki/view/Fastest_Lap_per_Race</m_strTargetView>
</mapping>
<mapping>
<m_strSourceField>CARNAME</m_strSourceField>
<m_strSourceView>/project/Anki/view/line</m_strSourceView>
<m_strTargetViewParameter>CURRENTRACE</m_strTargetViewParameter>
<m_strTargetView>/project/Anki/view/Fastest_Lap_per_Race</m_strTargetView>
</mapping>
<mapping>
<m_strSourceField>CARNAME</m_strSourceField>
<m_strSourceView>/project/Anki/view/line</m_strSourceView>
<m_strTargetViewParameter>CURRENTRACE</m_strTargetViewParameter>
<m_strTargetView>/project/Anki/view/Avg_Speed_per_Race</m_strTargetView>
</mapping>
</value>
</parameterMapEntry>
<parameterMapEntry>
<key>RACEID</key>
<value>
<mapping>
<m_strSourceField>RACEID</m_strSourceField>
<m_strSourceView>/project/Anki/view/Avg_Speed_per_Race</m_strSourceView>
<m_strTargetViewParameter>CURRENTRACE</m_strTargetViewParameter>
<m_strTargetView>/project/Anki/view/Fastest_Lap_per_Race</m_strTargetView>
</mapping>
<mapping>
<m_strSourceField>RACEID</m_strSourceField>
<m_strSourceView>/project/Anki/view/Fastest_Lap_per_Race</m_strSourceView>
<m_strTargetViewParameter>CURRENTRACE</m_strTargetViewParameter>
<m_strTargetView>/project/Anki/view/Avg_Speed_per_Race</m_strTargetView>
</mapping>
<mapping>
<m_strSourceField>RACEID</m_strSourceField>
<m_strSourceView>/project/Anki/view/Fastest_Lap_per_Race</m_strSourceView>
<m_strTargetViewParameter>CURRENTRACE</m_strTargetViewParameter>
<m_strTargetView>/project/Anki/view/Time_per_Lap</m_strTargetView>
</mapping>
<mapping>
<m_strSourceField>RACEID</m_strSourceField>
<m_strSourceView>/project/Anki/view/Fastest_Lap_per_Race</m_strSourceView>
<m_strTargetViewParameter>CURRENTRACE</m_strTargetViewParameter>
<m_strTargetView>/project/Anki/view/Speed_Avg_per_Lap</m_strTargetView>
</mapping>
<mapping>
<m_strSourceField>RACEID</m_strSourceField>
<m_strSourceView>/project/Anki/view/Avg_Speed_per_Race</m_strSourceView>
<m_strTargetViewParameter>CURRENTRACE</m_strTargetViewParameter>
<m_strTargetView>/project/Anki/view/Time_per_Lap</m_strTargetView>
</mapping>
<mapping>
<m_strSourceField>RACEID</m_strSourceField>
<m_strSourceView>/project/Anki/view/Avg_Speed_per_Race</m_strSourceView>
<m_strTargetViewParameter>CURRENTRACE</m_strTargetViewParameter>
<m_strTargetView>/project/Anki/view/Speed_Avg_per_Lap</m_strTargetView>
</mapping>
</value>
</parameterMapEntry>
</paramMapEntries>
</m_oMapping>
</m_oParameterMapping>
<dashboardThumbnailsList/>
<m_strMetadataFile>/beam/project/Anki/dashboard/Race/taskflow/Race/beamDashboardRace.xml</m_strMetadataFile>
<m_oDriverViews>
<driverView>/project/Anki/view/Avg_Speed_per_Race</driverView>
<driverView>/project/Anki/view/Fastest_Lap_per_Race</driverView>
<driverView>/project/Anki/view/Speed_Avg_per_Lap</driverView>
<driverView>/project/Anki/view/line</driverView>
<driverView>/project/Anki/view/Time_per_Lap</driverView>
</m_oDriverViews>
<favorite>false</favorite>
<startOnLaunch>false</startOnLaunch>
<lastAccessTime>2016-10-27T09:33:20.607-04:00</lastAccessTime>
<shortLived>false</shortLived>
<dasbboardView>123</dasbboardView>
<htmlLayout>
<listRow>
<listColumns>
<columns>
<height>100%</height>
<id>1</id>
<listRow>
<listColumns>
<columns>
<height>100%</height>
<id>1</id>
<listRow>
<listColumns>
<columns>
<height>100%</height>
<id>1</id>
<listRow>
<listColumns>
<columns>
<height>100%</height>
<id>1</id>
<listRow>
<listColumns>
<columns>
<height>100%</height>
<id>1</id>
<listRow>
<listColumns>
<columns>
<height>100%</height>
<id>1</id>
<listRow>
<listColumns>
<columns>
<height>100%</height>
<id>1</id>
<listRow>
<listColumns>
<columns>
<cellID>cell618</cellID>
<height>100%</height>
<id>1</id>
<regionID>region559</regionID>
<viewId>CurrentRace</viewId>
<width>col-sm-12 col-xs-12 col-md-12</width>
</columns>
</listColumns>
<height>50%</height>
<id>1</id>
</listRow>
<listRow>
<listColumns>
<columns>
<cellID>cell624</cellID>
<height>100%</height>
<id>1</id>
<regionID>region624</regionID>
<viewId>Drone_Status</viewId>
<width>col-sm-12 col-xs-12 col-md-12</width>
</columns>
</listColumns>
<height>50%</height>
<id>1</id>
</listRow>
<width>col-sm-12 col-xs-12 col-md-12</width>
</columns>
</listColumns>
<height>50%</height>
<id>1</id>
</listRow>
<listRow>
<listColumns>
<columns>
<cellID>cell609</cellID>
<height>100%</height>
<id>1</id>
<regionID>region609</regionID>
<viewId>Offtracks</viewId>
<width>col-sm-12 col-xs-12 col-md-12</width>
</columns>
</listColumns>
<height>50%</height>
<id>1</id>
</listRow>
<width>col-sm-12 col-xs-12 col-md-12</width>
</columns>
</listColumns>
<height>100%</height>
<id>1</id>
</listRow>
<width>col-sm-12 col-xs-12 col-md-12</width>
</columns>
</listColumns>
<height>100%</height>
<id>1</id>
</listRow>
<width>col-sm-12 col-xs-12 col-md-12</width>
</columns>
</listColumns>
<height>50%</height>
<id>1</id>
</listRow>
<listRow>
<listColumns/>
<height>50%</height>
<id>1</id>
</listRow>
<width>col-sm-12 col-xs-12 col-md-12</width>
</columns>
</listColumns>
<height>100%</height>
<id>1</id>
</listRow>
<width>col-sm-12 col-xs-12 col-md-12</width>
</columns>
</listColumns>
<height>50%</height>
<id>1</id>
</listRow>
<listRow>
<listColumns/>
<height>50%</height>
<id>1</id>
</listRow>
<width>col-sm-12 col-xs-12 col-md-6</width>
</columns>
<columns>
<height>100%</height>
<id>11</id>
<listRow>
<listColumns>
<columns>
<height>100%</height>
<id>1</id>
<listRow>
<listColumns>
<columns>
<height>100%</height>
<id>1</id>
<listRow>
<listColumns>
<columns>
<height>100%</height>
<id>1</id>
<listRow>
<listColumns>
<columns>
<cellID>cell328</cellID>
<height>100%</height>
<id>1</id>
<regionID>region111</regionID>
<viewId>Current_Speed_Ground_Shock</viewId>
<width>col-sm-12 col-xs-12 col-md-3</width>
</columns>
<columns>
<cellID>cell336</cellID>
<height>100%</height>
<id>1</id>
<regionID>region336</regionID>
<viewId>Current_Speed_Thermo</viewId>
<width>col-sm-12 col-xs-12 col-md-3</width>
</columns>
<columns>
<cellID>cell348</cellID>
<height>100%</height>
<id>1</id>
<regionID>region348</regionID>
<viewId>Current_Speed_Guardian</viewId>
<width>col-sm-12 col-xs-12 col-md-3</width>
</columns>
<columns>
<cellID>cell352</cellID>
<height>100%</height>
<id>1</id>
<regionID>region352</regionID>
<viewId>Current_Speed_Skull</viewId>
<width>col-sm-12 col-xs-12 col-md-3</width>
</columns>
</listColumns>
<height>30%</height>
<id>1</id>
</listRow>
<listRow>
<listColumns>
<columns>
<height>100%</height>
<id>1</id>
<listRow>
<listColumns>
<columns>
<cellID>cell359</cellID>
<height>100%</height>
<id>1</id>
<regionID>region332</regionID>
<viewId>Time_per_Lap</viewId>
<width>col-sm-12 col-xs-12 col-md-6</width>
</columns>
<columns>
<cellID>cell371</cellID>
<height>100%</height>
<id>1</id>
<regionID>region371</regionID>
<viewId>Speed_Avg_per_Lap</viewId>
<width>col-sm-12 col-xs-12 col-md-6</width>
</columns>
</listColumns>
<height>50%</height>
<id>1</id>
</listRow>
<listRow>
<listColumns>
<columns>
<cellID>cell366</cellID>
<height>100%</height>
<id>1</id>
<regionID>region366</regionID>
<viewId>Fastest_Lap_per_Race</viewId>
<width>col-sm-12 col-xs-12 col-md-6</width>
</columns>
<columns>
<cellID>cell377</cellID>
<height>100%</height>
<id>1</id>
<regionID>region377</regionID>
<viewId>Avg_Speed_per_Race</viewId>
<width>col-sm-12 col-xs-12 col-md-6</width>
</columns>
</listColumns>
<height>50%</height>
<id>1</id>
</listRow>
<width>col-sm-12 col-xs-12 col-md-12</width>
</columns>
</listColumns>
<height>70%</height>
<id>1</id>
</listRow>
<width>col-sm-12 col-xs-12 col-md-12</width>
</columns>
</listColumns>
<height>100%</height>
<id>1</id>
</listRow>
<width>col-sm-12 col-xs-12 col-md-12</width>
</columns>
</listColumns>
<height>50%</height>
<id>1</id>
</listRow>
<listRow>
<listColumns/>
<height>50%</height>
<id>1</id>
</listRow>
<width>col-sm-12 col-xs-12 col-md-12</width>
</columns>
</listColumns>
<height>100%</height>
<id>1</id>
</listRow>
<width>col-sm-12 col-xs-12 col-md-6</width>
</columns>
</listColumns>
<height>100%</height>
<id>1</id>
</listRow>
</htmlLayout>
<m_oViews/>
<m_oParameters/>
<m_oFieldParameters/>
<m_oListParameters/>
<m_oValueParameters/>
<m_oBusinessViewsList>
<businessViewId>/beam/project/Anki/view/Current_Speed_Ground_Shock/taskflow/Current_Speed_Ground_Shock/beamVizCurrent_Speed_Ground_Shock.xml#ps_taskflowid</businessViewId>
<businessViewId>/beam/project/Anki/view/Current_Speed_Thermo/taskflow/Current_Speed_Thermo/beamVizCurrent_Speed_Thermo.xml#ps_taskflowid</businessViewId>
<businessViewId>/beam/project/Anki/view/Current_Speed_Guardian/taskflow/Current_Speed_Guardian/beamVizCurrent_Speed_Guardian.xml#ps_taskflowid</businessViewId>
<businessViewId>/beam/project/Anki/view/Current_Speed_Skull/taskflow/Current_Speed_Skull/beamVizCurrent_Speed_Skull.xml#ps_taskflowid</businessViewId>
<businessViewId>/beam/project/Anki/view/Fastest_Lap_per_Race/taskflow/Fastest_Lap_per_Race/beamVizFastest_Lap_per_Race.xml#ps_taskflowid</businessViewId>
<businessViewId>/beam/project/Anki/view/Avg_Speed_per_Race/taskflow/Avg_Speed_per_Race/beamVizAvg_Speed_per_Race.xml#ps_taskflowid</businessViewId>
<businessViewId>/beam/project/Anki/view/Time_per_Lap/taskflow/Time_per_Lap/beamVizTime_per_Lap.xml#ps_taskflowid</businessViewId>
<businessViewId>/beam/project/Anki/view/Speed_Avg_per_Lap/taskflow/Speed_Avg_per_Lap/beamVizSpeed_Avg_per_Lap.xml#ps_taskflowid</businessViewId>
<businessViewId>/beam/project/Anki/view/CurrentRace/taskflow/CurrentRace/beamVizCurrentRace.xml#ps_taskflowid</businessViewId>
<businessViewId>/beam/project/Anki/view/Drone_Status/taskflow/Drone_Status/beamVizDrone_Status.xml#ps_taskflowid</businessViewId>
<businessViewId>/beam/project/Anki/view/Offtracks/taskflow/Offtracks/beamVizOfftracks.xml#ps_taskflowid</businessViewId>
</m_oBusinessViewsList>
<m_oAllViewsList>
<allViewId>/project/Anki/view/Current_Speed_Ground_Shock</allViewId>
<allViewId>/project/Anki/view/Current_Speed_Thermo</allViewId>
<allViewId>/project/Anki/view/Current_Speed_Guardian</allViewId>
<allViewId>/project/Anki/view/Current_Speed_Skull</allViewId>
<allViewId>/project/Anki/view/Fastest_Lap_per_Race</allViewId>
<allViewId>/project/Anki/view/Avg_Speed_per_Race</allViewId>
<allViewId>/project/Anki/view/Time_per_Lap</allViewId>
<allViewId>/project/Anki/view/Speed_Avg_per_Lap</allViewId>
<allViewId>/project/Anki/view/CurrentRace</allViewId>
<allViewId>/project/Anki/view/Drone_Status</allViewId>
<allViewId>/project/Anki/view/Offtracks</allViewId>
</m_oAllViewsList>
<paramMapList/>
<m_oViewRefreshCondition/>
<m_oViewExternalTFFlag/>
<m_oTabbedDashboardTFList/>
<dashboardType>simple</dashboardType>
<selectedDashs>
<selectedDash/>
<selectedDash/>
<selectedDash/>
<selectedDash/>
<selectedDash/>
<selectedDash/>
</selectedDashs>
<editMode>true</editMode>
<title>&lt;div style="text-align: left;">&lt;font color="white" size="3">&lt;br/>&lt;/font>&lt;/div></title>
<currentPanel>632</currentPanel>
<bgcolor>
<red>255</red>
<green>255</green>
<blue>255</blue>
<alpha>255</alpha>
</bgcolor>
<defaultBg>false</defaultBg>
<colorBg>false</colorBg>
<imageBg>false</imageBg>
<centerImage>false</centerImage>
<tileImage>false</tileImage>
<stretchImage>false</stretchImage>
<removeBorders>true</removeBorders>
<upperHeaderHeight>50px</upperHeaderHeight>
<m_strProjectName>Anki</m_strProjectName>
</ns0:dashboard>