<?xml version = '1.0' encoding = 'UTF-8'?>
<ns0:businessQuery xmlns:ns0="http://xmlns.oracle.com/bam/bam12">
<name>Avg_Speed_per_Race</name>
<id>/project/Anki/businessquery/Avg_Speed_per_Race</id>
<displayName>Avg_Speed_per_Race</displayName>
<internal>false</internal>
<useHive>false</useHive>
<systemManaged>false</systemManaged>
<createdDate>2016-10-11T10:29:53.512-04:00</createdDate>
<modifiedDate>2016-10-25T05:28:17.142-04:00</modifiedDate>
<createdBy>weblogic</createdBy>
<modifiedBy>weblogic</modifiedBy>
<type>GROUP</type>
<projectName>Anki</projectName>
<dataObjectName>speed</dataObjectName>
<dataSeries>
<series>AVG(SPEED)</series>
</dataSeries>
<labelSeries>
<legend>CARNAME</legend>
</labelSeries>
<groups>
<group>RACEID</group>
</groups>
<timeGroupings>
<entries/>
</timeGroupings>
<calculatedFields/>
<runtimeFilter>
<name>runtimeFilter</name>
<type>ALL</type>
<branches/>
<entries/>
<none>false</none>
</runtimeFilter>
<internalFilter>
<name>internalFilter</name>
<type>ALL</type>
<branches/>
<entries/>
<none>false</none>
</internalFilter>
<groupFilter>
<name>groupFilter</name>
<type>ALL</type>
<branches/>
<entries/>
<none>false</none>
</groupFilter>
<topN>0</topN>
<topNEnabled>false</topNEnabled>
<opaque>false</opaque>
<opaqueSqlType>oracle</opaqueSqlType>
<opaqueSql/>
<dataSourceName/>
<sorts>
<entries/>
</sorts>
</ns0:businessQuery>