<?xml version = '1.0' encoding = 'UTF-8'?>
<ns0:logicalDataObject xmlns:ns0="http://xmlns.oracle.com/bam/bam12">
<name>ORACLE_PROCESSANALYTICS_CASE_ACTIVITY_INSTANCE</name>
<id>/dataobject/ORACLE_PROCESSANALYTICS_CASE_ACTIVITY_INSTANCE</id>
<displayName>/oracle/processanalytics/CM Case Activity Instance</displayName>
<internal>false</internal>
<useHive>false</useHive>
<systemManaged>false</systemManaged>
<createdDate>2016-09-28T11:30:28.814-04:00</createdDate>
<modifiedDate>2016-09-28T11:30:28.814-04:00</modifiedDate>
<createdBy>OracleSystemUser</createdBy>
<modifiedBy>OracleSystemUser</modifiedBy>
<flexTableConfigured>true</flexTableConfigured>
<category>CASE</category>
<calculatedFields>
<calculatedField>
<name>DISPLAY_STATE</name>
<id>f54923ea964345b9ac68bb41b1613d48</id>
<displayName>DISPLAY_STATE</displayName>
<internal>false</internal>
<useHive>false</useHive>
<systemManaged>false</systemManaged>
<isEditable>true</isEditable>
<fieldId>0</fieldId>
<expression>IF(CASE_ACTIVITY_STATE=="STARTED")THEN(IF(CASE_ACTIVITY_DUE_DATE==NULL||CASE_ACTIVITY_DUE_DATE>NOW())THEN("OPEN")ELSE("OVERDUE"))ELSE(IF(CASE_ACTIVITY_STATE=="COMPLETED")THEN(IF(CASE_ACTIVITY_DUE_DATE==NULL||CASE_ACTIVITY_DUE_DATE>CASE_ACTIVITY_END_DATE)THEN("CLOSED")ELSE("CLOSED_PAST_DUE"))ELSE(CASE_ACTIVITY_STATE))</expression>
<dataType>VARCHAR</dataType>
<valid>true</valid>
<aggregated>false</aggregated>
<supportedByCQL>true</supportedByCQL>
<hidden>false</hidden>
<columnType>DIMENSION</columnType>
</calculatedField>
<calculatedField>
<name>DAY_SINCE_OPEN</name>
<id>94d7eb51ede6470b99a31c953727be40</id>
<displayName>DAY_SINCE_OPEN</displayName>
<internal>false</internal>
<useHive>false</useHive>
<systemManaged>false</systemManaged>
<isEditable>true</isEditable>
<fieldId>1</fieldId>
<expression>IF(CASE_ACTIVITY_STATE=="STARTED")THEN(DATEDIFF(SQL_TSI_DAY,CASE_ACTIVITY_START_DATE,NOW()))ELSE(DATEDIFF(SQL_TSI_DAY,CASE_ACTIVITY_START_DATE,CASE_ACTIVITY_END_DATE))</expression>
<dataType>INT</dataType>
<valid>true</valid>
<aggregated>false</aggregated>
<supportedByCQL>true</supportedByCQL>
<hidden>false</hidden>
<columnType>ATTRIBUTE</columnType>
</calculatedField>
<calculatedField>
<name>IS_OPEN</name>
<id>69870a3e0b964ff0a2ef7af607891959</id>
<displayName>IS_OPEN</displayName>
<internal>false</internal>
<useHive>false</useHive>
<systemManaged>false</systemManaged>
<isEditable>true</isEditable>
<fieldId>2</fieldId>
<expression>If(CASE_ACTIVITY_STATE=="STARTED")then(1)else(0)</expression>
<dataType>INT</dataType>
<valid>true</valid>
<aggregated>false</aggregated>
<supportedByCQL>true</supportedByCQL>
<hidden>false</hidden>
<columnType>ATTRIBUTE</columnType>
</calculatedField>
<calculatedField>
<name>IS_OPENED_TODAY</name>
<id>00c714b1dd154b2da2d577a28778c695</id>
<displayName>IS_OPENED_TODAY</displayName>
<internal>false</internal>
<useHive>false</useHive>
<systemManaged>false</systemManaged>
<isEditable>true</isEditable>
<fieldId>3</fieldId>
<expression>if((DAYOFYEAR(CASE_ACTIVITY_START_DATE)==DAYOFYEAR(NOW()))&amp;&amp;(YEAR(CASE_ACTIVITY_START_DATE)==YEAR(NOW())))then(1)else(0)</expression>
<dataType>INT</dataType>
<valid>true</valid>
<aggregated>false</aggregated>
<supportedByCQL>true</supportedByCQL>
<hidden>false</hidden>
<columnType>ATTRIBUTE</columnType>
</calculatedField>
<calculatedField>
<name>IS_CLOSED_TODAY</name>
<id>473a3d80be51493ebd5e6dfbb58c8871</id>
<displayName>IS_CLOSED_TODAY</displayName>
<internal>false</internal>
<useHive>false</useHive>
<systemManaged>false</systemManaged>
<isEditable>true</isEditable>
<fieldId>4</fieldId>
<expression>if(CASE_ACTIVITY_END_DATE!=NULL&amp;&amp;(DAYOFYEAR(CASE_ACTIVITY_END_DATE)==DAYOFYEAR(NOW()))&amp;&amp;(YEAR(CASE_ACTIVITY_END_DATE)==YEAR(NOW())))then(1)else(0)</expression>
<dataType>INT</dataType>
<valid>true</valid>
<aggregated>false</aggregated>
<supportedByCQL>true</supportedByCQL>
<hidden>false</hidden>
<columnType>ATTRIBUTE</columnType>
</calculatedField>
<calculatedField>
<name>IS_DUE_SOON</name>
<id>f145c4239a2648e2b2ba404c19604846</id>
<displayName>IS_DUE_SOON</displayName>
<internal>false</internal>
<useHive>false</useHive>
<systemManaged>false</systemManaged>
<isEditable>true</isEditable>
<fieldId>5</fieldId>
<expression>if((CASE_ACTIVITY_STATE=="STARTED")&amp;&amp;(CASE_ACTIVITY_DUE_DATE!=NULL)&amp;&amp;(CASE_ACTIVITY_DUE_DATE>NOW())&amp;&amp;(DATEDIFF(SQL_TSI_DAY,NOW(),CASE_ACTIVITY_DUE_DATE))&lt;=5)then(1)else(0)</expression>
<dataType>INT</dataType>
<valid>true</valid>
<aggregated>false</aggregated>
<supportedByCQL>true</supportedByCQL>
<hidden>false</hidden>
<columnType>ATTRIBUTE</columnType>
</calculatedField>
<calculatedField>
<name>IS_OVERDUE</name>
<id>a4ea666928a240e2a438787e614d0082</id>
<displayName>IS_OVERDUE</displayName>
<internal>false</internal>
<useHive>false</useHive>
<systemManaged>false</systemManaged>
<isEditable>true</isEditable>
<fieldId>6</fieldId>
<expression>if((CASE_ACTIVITY_STATE=="STARTED")&amp;&amp;(CASE_ACTIVITY_DUE_DATE!=NULL)&amp;&amp;(CASE_ACTIVITY_DUE_DATE&lt;NOW()))then(1)else(0)</expression>
<dataType>INT</dataType>
<valid>true</valid>
<aggregated>false</aggregated>
<supportedByCQL>true</supportedByCQL>
<hidden>false</hidden>
<columnType>ATTRIBUTE</columnType>
</calculatedField>
<calculatedField>
<name>IS_OPEN_AND_NOT_DUE_SOON</name>
<id>4fa8935875214b90b9b58646fb44c1b8</id>
<displayName>IS_OPEN_AND_NOT_DUE_SOON</displayName>
<internal>false</internal>
<useHive>false</useHive>
<systemManaged>false</systemManaged>
<isEditable>true</isEditable>
<fieldId>7</fieldId>
<expression>if((CASE_ACTIVITY_STATE=="STARTED")&amp;&amp;((CASE_ACTIVITY_DUE_DATE!=NULL)||(DATEDIFF(SQL_TSI_DAY,NOW(),CASE_ACTIVITY_DUE_DATE)>5)))then(1)else(0)</expression>
<dataType>INT</dataType>
<valid>true</valid>
<aggregated>false</aggregated>
<supportedByCQL>true</supportedByCQL>
<hidden>false</hidden>
<columnType>ATTRIBUTE</columnType>
</calculatedField>
</calculatedFields>
<timeHierarchies/>
<dataObjects>
<dataObject type="dataObjectRef">ORACLE_PROCESSANALYTICS_CASE_ACTIVITY_DEF</dataObject>
<dataObject type="dataObjectRef">ORACLE_PROCESSANALYTICS_COMPOSITE_DEFINITION</dataObject>
<dataObject type="dataObjectRef">ORACLE_PROCESSANALYTICS_CASE_DEFINITION</dataObject>
<dataObject type="dataObjectRef">ORACLE_PROCESSANALYTICS_CASE_ACTIVITY</dataObject>
</dataObjects>
<columns>
<column>
<name>BEAM_ID</name>
<id>a2232abedd56457490dc3715df80d473</id>
<displayName>BEAM_ID</displayName>
<internal>false</internal>
<useHive>false</useHive>
<systemManaged>false</systemManaged>
<isEditable>true</isEditable>
<columnRef>
<dataObject>ORACLE_PROCESSANALYTICS_CASE_ACTIVITY</dataObject>
<column>BEAM_ID</column>
</columnRef>
<hidden>false</hidden>
<columnType>ATTRIBUTE</columnType>
</column>
<column>
<name>DATAOBJECT_MODIFIED</name>
<id>3d57bc1247684052bab21f1670540c32</id>
<displayName>DATAOBJECT_MODIFIED</displayName>
<internal>false</internal>
<useHive>false</useHive>
<systemManaged>false</systemManaged>
<isEditable>true</isEditable>
<columnRef>
<dataObject>ORACLE_PROCESSANALYTICS_CASE_ACTIVITY</dataObject>
<column>DATAOBJECT_MODIFIED</column>
</columnRef>
<hidden>false</hidden>
<columnType>ATTRIBUTE</columnType>
</column>
<column>
<name>CASE_ID</name>
<id>a7962c6293ef444db698d684700be209</id>
<displayName>CASE_ID</displayName>
<internal>false</internal>
<useHive>false</useHive>
<systemManaged>false</systemManaged>
<isEditable>true</isEditable>
<columnRef>
<dataObject>ORACLE_PROCESSANALYTICS_CASE_ACTIVITY</dataObject>
<column>CASE_ID</column>
</columnRef>
<hidden>false</hidden>
<columnType>DIMENSION</columnType>
</column>
<column>
<name>CASE_DEFINITION_BEAM_ID</name>
<id>ea39f20145724243a66e428bf0cf8cc9</id>
<displayName>CASE_DEFINITION_BEAM_ID</displayName>
<internal>false</internal>
<useHive>false</useHive>
<systemManaged>false</systemManaged>
<isEditable>true</isEditable>
<columnRef>
<dataObject>ORACLE_PROCESSANALYTICS_CASE_ACTIVITY</dataObject>
<column>CASE_DEFINITION_BEAM_ID</column>
</columnRef>
<hidden>false</hidden>
<columnType>ATTRIBUTE</columnType>
</column>
<column>
<name>COMPOSITE_DEFINITION_BEAM_ID</name>
<id>cf09476dbcfd4c7ea03a7414155992be</id>
<displayName>COMPOSITE_DEFINITION_BEAM_ID</displayName>
<internal>false</internal>
<useHive>false</useHive>
<systemManaged>false</systemManaged>
<isEditable>true</isEditable>
<columnRef>
<dataObject>ORACLE_PROCESSANALYTICS_CASE_ACTIVITY</dataObject>
<column>COMPOSITE_DEFINITION_BEAM_ID</column>
</columnRef>
<hidden>false</hidden>
<columnType>ATTRIBUTE</columnType>
</column>
<column>
<name>IS_CUSTOM</name>
<id>220526ee18f1496db2e4b31bee385127</id>
<displayName>IS_CUSTOM</displayName>
<internal>false</internal>
<useHive>false</useHive>
<systemManaged>false</systemManaged>
<isEditable>true</isEditable>
<columnRef>
<dataObject>ORACLE_PROCESSANALYTICS_CASE_ACTIVITY_DEF</dataObject>
<column>IS_CUSTOM</column>
</columnRef>
<hidden>false</hidden>
<columnType>ATTRIBUTE</columnType>
</column>
<column>
<name>IS_GLOBAL</name>
<id>19b57d5605b3417391df20d31eb6dd77</id>
<displayName>IS_GLOBAL</displayName>
<internal>false</internal>
<useHive>false</useHive>
<systemManaged>false</systemManaged>
<isEditable>true</isEditable>
<columnRef>
<dataObject>ORACLE_PROCESSANALYTICS_CASE_ACTIVITY_DEF</dataObject>
<column>IS_GLOBAL</column>
</columnRef>
<hidden>false</hidden>
<columnType>ATTRIBUTE</columnType>
</column>
<column>
<name>IS_MANUAL</name>
<id>6902b063b7d742cc99a599cc91b0cb19</id>
<displayName>IS_MANUAL</displayName>
<internal>false</internal>
<useHive>false</useHive>
<systemManaged>false</systemManaged>
<isEditable>true</isEditable>
<columnRef>
<dataObject>ORACLE_PROCESSANALYTICS_CASE_ACTIVITY_DEF</dataObject>
<column>IS_MANUAL</column>
</columnRef>
<hidden>false</hidden>
<columnType>ATTRIBUTE</columnType>
</column>
<column>
<name>IS_CONDITIONAL</name>
<id>040cc9886fff456fad735d2956f05a90</id>
<displayName>IS_CONDITIONAL</displayName>
<internal>false</internal>
<useHive>false</useHive>
<systemManaged>false</systemManaged>
<isEditable>true</isEditable>
<columnRef>
<dataObject>ORACLE_PROCESSANALYTICS_CASE_ACTIVITY_DEF</dataObject>
<column>IS_CONDITIONAL</column>
</columnRef>
<hidden>false</hidden>
<columnType>ATTRIBUTE</columnType>
</column>
<column>
<name>IS_CASE_SPECIFIC</name>
<id>0105a32262074b968042428f09b24fea</id>
<displayName>IS_CASE_SPECIFIC</displayName>
<internal>false</internal>
<useHive>false</useHive>
<systemManaged>false</systemManaged>
<isEditable>true</isEditable>
<columnRef>
<dataObject>ORACLE_PROCESSANALYTICS_CASE_ACTIVITY_DEF</dataObject>
<column>IS_CASE_SPECIFIC</column>
</columnRef>
<hidden>false</hidden>
<columnType>ATTRIBUTE</columnType>
</column>
<column>
<name>IS_REQUIRED</name>
<id>cd1d2e812bc2482ba52b0b07f6a6cd6d</id>
<displayName>IS_REQUIRED</displayName>
<internal>false</internal>
<useHive>false</useHive>
<systemManaged>false</systemManaged>
<isEditable>true</isEditable>
<columnRef>
<dataObject>ORACLE_PROCESSANALYTICS_CASE_ACTIVITY_DEF</dataObject>
<column>IS_REQUIRED</column>
</columnRef>
<hidden>false</hidden>
<columnType>ATTRIBUTE</columnType>
</column>
<column>
<name>IS_REPEATABLE</name>
<id>d390d4fd211045419f1b92dbb0d38eb1</id>
<displayName>IS_REPEATABLE</displayName>
<internal>false</internal>
<useHive>false</useHive>
<systemManaged>false</systemManaged>
<isEditable>true</isEditable>
<columnRef>
<dataObject>ORACLE_PROCESSANALYTICS_CASE_ACTIVITY_DEF</dataObject>
<column>IS_REPEATABLE</column>
</columnRef>
<hidden>false</hidden>
<columnType>ATTRIBUTE</columnType>
</column>
<column>
<name>COMPOSITE_DOMAIN_NAME</name>
<id>3df8a5c10fac44c8b59da9e5727913f2</id>
<displayName>Composite Domain Name</displayName>
<internal>false</internal>
<useHive>false</useHive>
<systemManaged>false</systemManaged>
<isEditable>true</isEditable>
<columnRef>
<dataObject>ORACLE_PROCESSANALYTICS_COMPOSITE_DEFINITION</dataObject>
<column>COMPOSITE_DOMAIN_NAME</column>
</columnRef>
<hidden>false</hidden>
<columnType>DIMENSION</columnType>
</column>
<column>
<name>COMPOSITE_NAME</name>
<id>1175eaf4676e41b5bff1cc6101ff0e35</id>
<displayName>Composite Name</displayName>
<internal>false</internal>
<useHive>false</useHive>
<systemManaged>false</systemManaged>
<isEditable>true</isEditable>
<columnRef>
<dataObject>ORACLE_PROCESSANALYTICS_COMPOSITE_DEFINITION</dataObject>
<column>COMPOSITE_NAME</column>
</columnRef>
<hidden>false</hidden>
<columnType>DIMENSION</columnType>
</column>
<column>
<name>COMPOSITE_REVISION</name>
<id>2880d73a31de4abea3ad6f56ad079b22</id>
<displayName>Composite Revision</displayName>
<internal>false</internal>
<useHive>false</useHive>
<systemManaged>false</systemManaged>
<isEditable>true</isEditable>
<columnRef>
<dataObject>ORACLE_PROCESSANALYTICS_COMPOSITE_DEFINITION</dataObject>
<column>COMPOSITE_REVISION</column>
</columnRef>
<hidden>false</hidden>
<columnType>DIMENSION</columnType>
</column>
<column>
<name>COMPOSITE_SCALABEL</name>
<id>857d39dcb39d4760bdc9a575ef60c09d</id>
<displayName>Composite SCA Label</displayName>
<internal>false</internal>
<useHive>false</useHive>
<systemManaged>false</systemManaged>
<isEditable>true</isEditable>
<columnRef>
<dataObject>ORACLE_PROCESSANALYTICS_COMPOSITE_DEFINITION</dataObject>
<column>COMPOSITE_SCALABEL</column>
</columnRef>
<hidden>false</hidden>
<columnType>DIMENSION</columnType>
</column>
<column>
<name>COMPOSITE_DN</name>
<id>dfabab181563458f80a77368f70e3142</id>
<displayName>Composite DN</displayName>
<internal>false</internal>
<useHive>false</useHive>
<systemManaged>false</systemManaged>
<isEditable>true</isEditable>
<columnRef>
<dataObject>ORACLE_PROCESSANALYTICS_COMPOSITE_DEFINITION</dataObject>
<column>COMPOSITE_DN</column>
</columnRef>
<hidden>false</hidden>
<columnType>ATTRIBUTE</columnType>
</column>
<column>
<name>COMPOSITE_BACVERSION</name>
<id>3511f81b40794c3fb7b76c887c6163ec</id>
<displayName>Composite BAC Version</displayName>
<internal>false</internal>
<useHive>false</useHive>
<systemManaged>false</systemManaged>
<isEditable>true</isEditable>
<columnRef>
<dataObject>ORACLE_PROCESSANALYTICS_COMPOSITE_DEFINITION</dataObject>
<column>COMPOSITE_BACVERSION</column>
</columnRef>
<hidden>false</hidden>
<columnType>ATTRIBUTE</columnType>
</column>
<column>
<name>COMPOSITE_DEPLOY_STATUS</name>
<id>b17a0c05cee8432f9f2eec0d1f404e70</id>
<displayName>Composite Deployment Status</displayName>
<internal>false</internal>
<useHive>false</useHive>
<systemManaged>false</systemManaged>
<isEditable>true</isEditable>
<columnRef>
<dataObject>ORACLE_PROCESSANALYTICS_COMPOSITE_DEFINITION</dataObject>
<column>COMPOSITE_DEPLOY_STATUS</column>
</columnRef>
<hidden>false</hidden>
<columnType>ATTRIBUTE</columnType>
</column>
<column>
<name>COMPOSITE_DEPLOYDATE</name>
<id>eee453248d284495a32cbc850640919b</id>
<displayName>Composite Deploy Date</displayName>
<internal>false</internal>
<useHive>false</useHive>
<systemManaged>false</systemManaged>
<isEditable>true</isEditable>
<columnRef>
<dataObject>ORACLE_PROCESSANALYTICS_COMPOSITE_DEFINITION</dataObject>
<column>COMPOSITE_DEPLOYDATE</column>
</columnRef>
<hidden>false</hidden>
<columnType>ATTRIBUTE</columnType>
</column>
<column>
<name>COMPOSITE_UNDEPLOYDATE</name>
<id>a8baeab41d4f4ac1925acf36ed2f3b2e</id>
<displayName>Composite Undeploy Date</displayName>
<internal>false</internal>
<useHive>false</useHive>
<systemManaged>false</systemManaged>
<isEditable>true</isEditable>
<columnRef>
<dataObject>ORACLE_PROCESSANALYTICS_COMPOSITE_DEFINITION</dataObject>
<column>COMPOSITE_UNDEPLOYDATE</column>
</columnRef>
<hidden>false</hidden>
<columnType>ATTRIBUTE</columnType>
</column>
<column>
<name>COMPOSITE_LASTUPDATED</name>
<id>6c78e0383093402cbae0c8b18bdbad78</id>
<displayName>Composite Lastupdated Date</displayName>
<internal>false</internal>
<useHive>false</useHive>
<systemManaged>false</systemManaged>
<isEditable>true</isEditable>
<columnRef>
<dataObject>ORACLE_PROCESSANALYTICS_COMPOSITE_DEFINITION</dataObject>
<column>COMPOSITE_LASTUPDATED</column>
</columnRef>
<hidden>false</hidden>
<columnType>ATTRIBUTE</columnType>
</column>
<column>
<name>ANALYTICS_VIEWER_ROLE</name>
<id>47d77c4c2d654a798c77f0f29d997e8b</id>
<displayName>Analytics Viewer Role</displayName>
<internal>false</internal>
<useHive>false</useHive>
<systemManaged>false</systemManaged>
<isEditable>true</isEditable>
<columnRef>
<dataObject>ORACLE_PROCESSANALYTICS_COMPOSITE_DEFINITION</dataObject>
<column>ANALYTICS_VIEWER_ROLE</column>
</columnRef>
<hidden>false</hidden>
<columnType>ATTRIBUTE</columnType>
</column>
<column>
<name>COMPOSITEDEF_SYS_STR01</name>
<id>aec060e6cb1a4075bef370f61053394e</id>
<displayName>Composite Definition System String 01</displayName>
<internal>false</internal>
<useHive>false</useHive>
<systemManaged>false</systemManaged>
<isEditable>true</isEditable>
<columnRef>
<dataObject>ORACLE_PROCESSANALYTICS_COMPOSITE_DEFINITION</dataObject>
<column>COMPOSITEDEF_SYS_STR01</column>
</columnRef>
<hidden>false</hidden>
<columnType>ATTRIBUTE</columnType>
</column>
<column>
<name>COMPOSITEDEF_SYS_STR02</name>
<id>f8a65ac2c6b7414da9f0409b581b0478</id>
<displayName>Composite Definition System String 02</displayName>
<internal>false</internal>
<useHive>false</useHive>
<systemManaged>false</systemManaged>
<isEditable>true</isEditable>
<columnRef>
<dataObject>ORACLE_PROCESSANALYTICS_COMPOSITE_DEFINITION</dataObject>
<column>COMPOSITEDEF_SYS_STR02</column>
</columnRef>
<hidden>false</hidden>
<columnType>ATTRIBUTE</columnType>
</column>
<column>
<name>COMPOSITEDEF_SYS_STR03</name>
<id>7b337e8b77534732be57f7e2c2490ab6</id>
<displayName>Composite Definition System String 03</displayName>
<internal>false</internal>
<useHive>false</useHive>
<systemManaged>false</systemManaged>
<isEditable>true</isEditable>
<columnRef>
<dataObject>ORACLE_PROCESSANALYTICS_COMPOSITE_DEFINITION</dataObject>
<column>COMPOSITEDEF_SYS_STR03</column>
</columnRef>
<hidden>false</hidden>
<columnType>ATTRIBUTE</columnType>
</column>
<column>
<name>CASE_ACTIVITY_DEF_BEAM_ID</name>
<id>797afee219b24e19ab93d26c455e8e7e</id>
<displayName>CASE_ACTIVITY_DEF_BEAM_ID</displayName>
<internal>false</internal>
<useHive>false</useHive>
<systemManaged>false</systemManaged>
<isEditable>true</isEditable>
<columnRef>
<dataObject>ORACLE_PROCESSANALYTICS_CASE_ACTIVITY</dataObject>
<column>CASE_ACTIVITY_DEF_BEAM_ID</column>
</columnRef>
<hidden>false</hidden>
<columnType>DIMENSION</columnType>
</column>
<column>
<name>CASE_ACTIVITY_NAME</name>
<id>d8770fb15d8042f6a70fddfee83b7c1f</id>
<displayName>CASE_ACTIVITY_NAME</displayName>
<internal>false</internal>
<useHive>false</useHive>
<systemManaged>false</systemManaged>
<isEditable>true</isEditable>
<columnRef>
<dataObject>ORACLE_PROCESSANALYTICS_CASE_ACTIVITY</dataObject>
<column>CASE_ACTIVITY_NAME</column>
</columnRef>
<hidden>false</hidden>
<columnType>ATTRIBUTE</columnType>
</column>
<column>
<name>CASE_ACTIVITY_STATE</name>
<id>41dbcc72a96a40ec949dfccaf6c7fc56</id>
<displayName>CASE_ACTIVITY_STATE</displayName>
<internal>false</internal>
<useHive>false</useHive>
<systemManaged>false</systemManaged>
<isEditable>true</isEditable>
<columnRef>
<dataObject>ORACLE_PROCESSANALYTICS_CASE_ACTIVITY</dataObject>
<column>CASE_ACTIVITY_STATE</column>
</columnRef>
<hidden>false</hidden>
<columnType>ATTRIBUTE</columnType>
</column>
<column>
<name>CASE_ACTIVITY_START_DATE</name>
<id>100f5df5d35847749fb8cdcd8999a2ae</id>
<displayName>CASE_ACTIVITY_START_DATE</displayName>
<internal>false</internal>
<useHive>false</useHive>
<systemManaged>false</systemManaged>
<isEditable>true</isEditable>
<columnRef>
<dataObject>ORACLE_PROCESSANALYTICS_CASE_ACTIVITY</dataObject>
<column>CASE_ACTIVITY_START_DATE</column>
</columnRef>
<hidden>false</hidden>
<columnType>ATTRIBUTE</columnType>
</column>
<column>
<name>CASE_ACTIVITY_DUE_DATE</name>
<id>b00151911c7e46ef866947023bbaf4c6</id>
<displayName>CASE_ACTIVITY_DUE_DATE</displayName>
<internal>false</internal>
<useHive>false</useHive>
<systemManaged>false</systemManaged>
<isEditable>true</isEditable>
<columnRef>
<dataObject>ORACLE_PROCESSANALYTICS_CASE_ACTIVITY</dataObject>
<column>CASE_ACTIVITY_DUE_DATE</column>
</columnRef>
<hidden>false</hidden>
<columnType>DIMENSION</columnType>
</column>
<column>
<name>CASE_ACTIVITY_END_DATE</name>
<id>d04eaa10159645a69b11ce7b83c97a3a</id>
<displayName>CASE_ACTIVITY_END_DATE</displayName>
<internal>false</internal>
<useHive>false</useHive>
<systemManaged>false</systemManaged>
<isEditable>true</isEditable>
<columnRef>
<dataObject>ORACLE_PROCESSANALYTICS_CASE_ACTIVITY</dataObject>
<column>CASE_ACTIVITY_END_DATE</column>
</columnRef>
<hidden>false</hidden>
<columnType>DIMENSION</columnType>
</column>
<column>
<name>CASE_ACTIVITY_EVENT_ID</name>
<id>d47097466cd04cdda02b91f594d66f4a</id>
<displayName>CASE_ACTIVITY_EVENT_ID</displayName>
<internal>false</internal>
<useHive>false</useHive>
<systemManaged>false</systemManaged>
<isEditable>true</isEditable>
<columnRef>
<dataObject>ORACLE_PROCESSANALYTICS_CASE_ACTIVITY</dataObject>
<column>CASE_ACTIVITY_EVENT_ID</column>
</columnRef>
<hidden>false</hidden>
<columnType>ATTRIBUTE</columnType>
</column>
<column>
<name>ACTIVITY_DEFINITION_ID</name>
<id>e3c55604020d43c7a5b0ad96c7533a2e</id>
<displayName>ACTIVITY_DEFINITION_ID</displayName>
<internal>false</internal>
<useHive>false</useHive>
<systemManaged>false</systemManaged>
<isEditable>true</isEditable>
<columnRef>
<dataObject>ORACLE_PROCESSANALYTICS_CASE_ACTIVITY_DEF</dataObject>
<column>ACTIVITY_DEFINITION_ID</column>
</columnRef>
<hidden>false</hidden>
<columnType>ATTRIBUTE</columnType>
</column>
<column>
<name>CASE_ACTIVITY_DEFINITION_NAME</name>
<id>6f4c9644480843e498a1f2e02027b64b</id>
<displayName>CASE_ACTIVITY_DEFINITION_NAME</displayName>
<internal>false</internal>
<useHive>false</useHive>
<systemManaged>false</systemManaged>
<isEditable>true</isEditable>
<columnRef>
<dataObject>ORACLE_PROCESSANALYTICS_CASE_ACTIVITY_DEF</dataObject>
<column>CASE_ACTIVITY_DEFINITION_NAME</column>
</columnRef>
<hidden>false</hidden>
<columnType>DIMENSION</columnType>
</column>
<column>
<name>CASE_ACTIVITY_DEFINITION_TYPE</name>
<id>5ab1f4924bb84f5daa28f317dc2ffed0</id>
<displayName>CASE_ACTIVITY_DEFINITION_TYPE</displayName>
<internal>false</internal>
<useHive>false</useHive>
<systemManaged>false</systemManaged>
<isEditable>true</isEditable>
<columnRef>
<dataObject>ORACLE_PROCESSANALYTICS_CASE_ACTIVITY_DEF</dataObject>
<column>CASE_ACTIVITY_DEFINITION_TYPE</column>
</columnRef>
<hidden>false</hidden>
<columnType>DIMENSION</columnType>
</column>
<column>
<name>PROCESS_DEFINITION_NAME</name>
<id>4ffab45424ed443c81b990adc469ede0</id>
<displayName>PROCESS_DEFINITION_NAME</displayName>
<internal>false</internal>
<useHive>false</useHive>
<systemManaged>false</systemManaged>
<isEditable>true</isEditable>
<columnRef>
<dataObject>ORACLE_PROCESSANALYTICS_CASE_ACTIVITY_DEF</dataObject>
<column>PROCESS_DEFINITION_NAME</column>
</columnRef>
<hidden>false</hidden>
<columnType>ATTRIBUTE</columnType>
</column>
<column>
<name>TASK_DEFINITION_NAME</name>
<id>0d10b9fe419d4ca79482de7db442a402</id>
<displayName>TASK_DEFINITION_NAME</displayName>
<internal>false</internal>
<useHive>false</useHive>
<systemManaged>false</systemManaged>
<isEditable>true</isEditable>
<columnRef>
<dataObject>ORACLE_PROCESSANALYTICS_CASE_ACTIVITY_DEF</dataObject>
<column>TASK_DEFINITION_NAME</column>
</columnRef>
<hidden>false</hidden>
<columnType>ATTRIBUTE</columnType>
</column>
<column>
<name>CASE_DEFINITION_NAME</name>
<id>4ddc32416374497eb54a8da1eaa27592</id>
<displayName>CASE_DEFINITION_NAME</displayName>
<internal>false</internal>
<useHive>false</useHive>
<systemManaged>false</systemManaged>
<isEditable>true</isEditable>
<columnRef>
<dataObject>ORACLE_PROCESSANALYTICS_CASE_DEFINITION</dataObject>
<column>CASE_DEFINITION_NAME</column>
</columnRef>
<hidden>false</hidden>
<columnType>DIMENSION</columnType>
</column>
<column>
<name>DATAOBJECT_CREATED</name>
<id>3d996b2439b94fdbb34663956448ce00</id>
<displayName>DATAOBJECT_CREATED</displayName>
<internal>false</internal>
<useHive>false</useHive>
<systemManaged>false</systemManaged>
<isEditable>true</isEditable>
<columnRef>
<dataObject>ORACLE_PROCESSANALYTICS_CASE_ACTIVITY</dataObject>
<column>DATAOBJECT_CREATED</column>
</columnRef>
<hidden>false</hidden>
<columnType>ATTRIBUTE</columnType>
</column>
</columns>
<hierarchies/>
<joins>
<join>
<id>56828b0cf93f4db6a15b2062e8755b3e</id>
<internal>false</internal>
<useHive>false</useHive>
<systemManaged>false</systemManaged>
<isEditable>true</isEditable>
<leftColumns>
<column>
<dataObject>ORACLE_PROCESSANALYTICS_CASE_ACTIVITY</dataObject>
<column>CASE_ACTIVITY_DEF_BEAM_ID</column>
</column>
</leftColumns>
<rightColumns>
<column>
<dataObject>ORACLE_PROCESSANALYTICS_CASE_ACTIVITY_DEF</dataObject>
<column>BEAM_ID</column>
</column>
</rightColumns>
<joinType>innerJoin</joinType>
</join>
<join>
<id>dcd9023c39024f0a96ca779a8fb855b0</id>
<internal>false</internal>
<useHive>false</useHive>
<systemManaged>false</systemManaged>
<isEditable>true</isEditable>
<leftColumns>
<column>
<dataObject>ORACLE_PROCESSANALYTICS_CASE_ACTIVITY</dataObject>
<column>COMPOSITE_DEFINITION_BEAM_ID</column>
</column>
</leftColumns>
<rightColumns>
<column>
<dataObject>ORACLE_PROCESSANALYTICS_COMPOSITE_DEFINITION</dataObject>
<column>BEAM_ID</column>
</column>
</rightColumns>
<joinType>innerJoin</joinType>
</join>
<join>
<id>71046ffa34ce460eb9f8af1a2f5f21bb</id>
<internal>false</internal>
<useHive>false</useHive>
<systemManaged>false</systemManaged>
<isEditable>true</isEditable>
<leftColumns>
<column>
<dataObject>ORACLE_PROCESSANALYTICS_CASE_ACTIVITY</dataObject>
<column>CASE_DEFINITION_BEAM_ID</column>
</column>
</leftColumns>
<rightColumns>
<column>
<dataObject>ORACLE_PROCESSANALYTICS_CASE_DEFINITION</dataObject>
<column>BEAM_ID</column>
</column>
</rightColumns>
<joinType>innerJoin</joinType>
</join>
</joins>
<filter>
<type>ALL</type>
<branches/>
<entries/>
<none>false</none>
</filter>
<eventIdColName>BEAM_ID</eventIdColName>
<bIncludeCFinView>false</bIncludeCFinView>
</ns0:logicalDataObject>