BEAM_ID,operationTime,projectName,queryName,operationType
272,2016-10-17T04:54:25.215-04:00,Anki,Time_per_lap_V1_0_SN65,REGISTER
273,2016-10-17T04:54:26.410-04:00,Anki,Min_Lap_Time_per_Race_V1_0_SN236,REGISTER
274,2016-10-17T04:54:27.911-04:00,Anki,Speed_Avg_per_Lap_V1_0_SN95,REGISTER
275,2016-10-17T04:54:29.071-04:00,Anki,Avg_Speed_per_Race_V1_0_SN250,REGISTER
276,2016-10-17T04:54:30.976-04:00,Anki,Drone_Status_V1_0_SN6,REGISTER
277,2016-10-17T05:05:19.119-04:00,Anki,Min_Lap_Time_per_Race_V1_0_SN236,DROP
278,2016-10-17T05:05:19.741-04:00,Anki,Drone_Status_V1_0_SN6,DROP
279,2016-10-17T05:05:20.343-04:00,Anki,Speed_Avg_per_Lap_V1_0_SN95,DROP
280,2016-10-17T05:05:20.913-04:00,Anki,Time_per_lap_V1_0_SN65,DROP
281,2016-10-17T05:05:21.503-04:00,Anki,Avg_Speed_per_Race_V1_0_SN250,DROP
282,2016-10-17T05:05:43.802-04:00,Anki,Time_per_lap_V1_0_SN66,REGISTER
283,2016-10-17T05:05:44.478-04:00,Anki,Speed_Avg_per_Lap_V1_0_SN96,REGISTER
284,2016-10-17T05:05:45.199-04:00,Anki,Avg_Speed_per_Race_V1_0_SN251,REGISTER
285,2016-10-17T05:05:46.423-04:00,Anki,Drone_Status_V1_0_SN7,REGISTER
286,2016-10-17T05:05:49.602-04:00,Anki,Time_per_lap_V1_0_SN66,DROP
287,2016-10-17T05:05:50.174-04:00,Anki,Speed_Avg_per_Lap_V1_0_SN96,DROP
288,2016-10-17T05:05:50.773-04:00,Anki,Avg_Speed_per_Race_V1_0_SN251,DROP
289,2016-10-17T05:05:51.379-04:00,Anki,Drone_Status_V1_0_SN7,DROP
290,2016-10-17T05:05:56.416-04:00,Anki,Time_per_lap_V1_0_SN67,REGISTER
291,2016-10-17T05:05:57.059-04:00,Anki,Min_Lap_Time_per_Race_V1_0_SN238,REGISTER
292,2016-10-17T05:05:58.542-04:00,Anki,Speed_Avg_per_Lap_V1_0_SN97,REGISTER
293,2016-10-17T05:05:59.176-04:00,Anki,Avg_Speed_per_Race_V1_0_SN252,REGISTER
294,2016-10-17T05:06:00.490-04:00,Anki,Drone_Status_V1_0_SN8,REGISTER
295,2016-10-17T07:13:43.074-04:00,Anki,Speed_Avg_per_Lap_V1_0_SN97,DROP
296,2016-10-17T07:13:43.644-04:00,Anki,Time_per_lap_V1_0_SN67,DROP
297,2016-10-17T07:13:44.279-04:00,Anki,Drone_Status_V1_0_SN8,DROP
298,2016-10-17T07:13:44.852-04:00,Anki,Avg_Speed_per_Race_V1_0_SN252,DROP
299,2016-10-17T07:13:45.518-04:00,Anki,Min_Lap_Time_per_Race_V1_0_SN238,DROP
300,2016-10-18T06:19:16.096-04:00,Anki,Time_per_lap_V1_0_SN68,REGISTER
301,2016-10-18T06:19:16.825-04:00,Anki,Min_Lap_Time_per_Race_V1_0_SN239,REGISTER
302,2016-10-18T06:19:18.354-04:00,Anki,Speed_Avg_per_Lap_V1_0_SN98,REGISTER
303,2016-10-18T06:19:18.724-04:00,Anki,Avg_Speed_per_Race_V1_0_SN253,REGISTER
304,2016-10-18T06:19:20.122-04:00,Anki,Drone_Status_V1_0_SN9,REGISTER
305,2016-10-18T06:19:24.085-04:00,Anki,Min_Lap_Time_per_Race_V1_0_SN239,DROP
306,2016-10-18T06:19:24.670-04:00,Anki,Time_per_lap_V1_0_SN68,DROP
307,2016-10-18T06:19:25.289-04:00,Anki,Avg_Speed_per_Race_V1_0_SN253,DROP
308,2016-10-18T06:19:25.865-04:00,Anki,Speed_Avg_per_Lap_V1_0_SN98,DROP
309,2016-10-18T06:19:26.514-04:00,Anki,Drone_Status_V1_0_SN9,DROP
310,2016-10-18T06:19:29.525-04:00,Anki,Time_per_lap_V1_0_SN70,REGISTER
311,2016-10-18T06:19:30.709-04:00,Anki,Min_Lap_Time_per_Race_V1_0_SN241,REGISTER
312,2016-10-18T06:19:32.455-04:00,Anki,Speed_Avg_per_Lap_V1_0_SN100,REGISTER
313,2016-10-18T06:19:33.089-04:00,Anki,Avg_Speed_per_Race_V1_0_SN255,REGISTER
314,2016-10-18T06:19:35-04:00,Anki,Drone_Status_V1_0_SN10,REGISTER
315,2016-10-18T09:29:49.487-04:00,Anki,Time_per_lap_V1_0_SN70,DROP
316,2016-10-18T09:29:50.156-04:00,Anki,Min_Lap_Time_per_Race_V1_0_SN241,DROP
317,2016-10-18T09:29:50.738-04:00,Anki,Speed_Avg_per_Lap_V1_0_SN100,DROP
318,2016-10-18T09:29:51.327-04:00,Anki,Avg_Speed_per_Race_V1_0_SN255,DROP
319,2016-10-18T09:29:51.909-04:00,Anki,Drone_Status_V1_0_SN10,DROP
320,2016-10-18T09:31:35.054-04:00,Anki,Time_per_lap_V1_0_SN72,REGISTER
321,2016-10-18T09:31:40.783-04:00,Anki,Min_Lap_Time_per_Race_V1_0_SN243,REGISTER
322,2016-10-18T09:31:46.968-04:00,Anki,Speed_Avg_per_Lap_V1_0_SN102,REGISTER
323,2016-10-18T09:31:52.616-04:00,Anki,Avg_Speed_per_Race_V1_0_SN257,REGISTER
324,2016-10-18T09:31:58.259-04:00,Anki,Drone_Status_V1_0_SN11,REGISTER
325,2016-10-19T04:25:17.274-04:00,Anki,Min_Lap_Time_per_Race_V1_0_SN243,DROP
326,2016-10-19T04:25:17.949-04:00,Anki,Drone_Status_V1_0_SN11,DROP
327,2016-10-19T04:25:18.511-04:00,Anki,Avg_Speed_per_Race_V1_0_SN257,DROP
328,2016-10-19T04:28:30.743-04:00,Anki,Time_per_lap_V1_0_SN73,REGISTER
329,2016-10-19T04:28:31.431-04:00,Anki,Speed_Avg_per_Lap_V1_0_SN103,REGISTER
330,2016-10-19T04:28:32.587-04:00,Anki,Avg_Speed_per_Race_V1_0_SN258,REGISTER
331,2016-10-19T04:28:34.598-04:00,Anki,Drone_Status_V1_0_SN12,REGISTER
332,2016-10-19T04:28:38.569-04:00,Anki,Time_per_lap_V1_0_SN73,DROP
333,2016-10-19T04:28:39.190-04:00,Anki,Avg_Speed_per_Race_V1_0_SN258,DROP
334,2016-10-19T04:28:39.796-04:00,Anki,Speed_Avg_per_Lap_V1_0_SN103,DROP
335,2016-10-19T04:28:40.351-04:00,Anki,Drone_Status_V1_0_SN12,DROP
336,2016-10-19T04:28:46.811-04:00,Anki,Time_per_lap_V1_0_SN75,REGISTER
337,2016-10-19T04:28:52.979-04:00,Anki,Min_Lap_Time_per_Race_V1_0_SN246,REGISTER
338,2016-10-19T04:28:58.645-04:00,Anki,Speed_Avg_per_Lap_V1_0_SN105,REGISTER
339,2016-10-19T04:29:04.306-04:00,Anki,Avg_Speed_per_Race_V1_0_SN260,REGISTER
340,2016-10-19T04:29:09.920-04:00,Anki,Drone_Status_V1_0_SN13,REGISTER
341,2016-10-19T12:33:06.035-04:00,Anki,Time_per_lap_V1_0_SN77,REGISTER
342,2016-10-19T12:33:07.271-04:00,Anki,Min_Lap_Time_per_Race_V1_0_SN248,REGISTER
343,2016-10-19T12:33:08.723-04:00,Anki,Speed_Avg_per_Lap_V1_0_SN107,REGISTER
344,2016-10-19T12:33:09.383-04:00,Anki,Avg_Speed_per_Race_V1_0_SN262,REGISTER
345,2016-10-19T12:42:52.883-04:00,Anki,Speed_Avg_per_Lap_V1_0_SN107,DROP
346,2016-10-19T12:42:53.488-04:00,Anki,Min_Lap_Time_per_Race_V1_0_SN248,DROP
347,2016-10-19T12:42:54.069-04:00,Anki,Avg_Speed_per_Race_V1_0_SN262,DROP
348,2016-10-19T12:42:54.639-04:00,Anki,Time_per_lap_V1_0_SN77,DROP
349,2016-10-19T12:46:29.400-04:00,Anki,Time_per_lap_V1_0_SN79,REGISTER
350,2016-10-19T12:46:35.570-04:00,Anki,Min_Lap_Time_per_Race_V1_0_SN250,REGISTER
351,2016-10-19T12:46:41.561-04:00,Anki,Speed_Avg_per_Lap_V1_0_SN109,REGISTER
352,2016-10-19T12:46:42.744-04:00,Anki,Avg_Speed_per_Race_V1_0_SN264,REGISTER
353,2016-10-19T13:10:36.252-04:00,Anki,Time_per_lap_V1_0_SN79,DROP
354,2016-10-19T13:10:36.964-04:00,Anki,Min_Lap_Time_per_Race_V1_0_SN250,DROP
355,2016-10-19T13:10:37.418-04:00,Anki,Speed_Avg_per_Lap_V1_0_SN109,DROP
356,2016-10-19T13:10:38.001-04:00,Anki,Avg_Speed_per_Race_V1_0_SN264,DROP
357,2016-10-19T13:10:42.287-04:00,Anki,Time_per_lap_V1_0_SN81,REGISTER
358,2016-10-19T13:10:43.022-04:00,Anki,Min_Lap_Time_per_Race_V1_0_SN252,REGISTER
359,2016-10-19T13:10:44.827-04:00,Anki,Speed_Avg_per_Lap_V1_0_SN111,REGISTER
360,2016-10-19T13:10:45.971-04:00,Anki,Avg_Speed_per_Race_V1_0_SN266,REGISTER
361,2016-10-20T06:34:24.724-04:00,Anki,Time_per_lap_V1_0_SN82,REGISTER
362,2016-10-20T06:34:27.242-04:00,Anki,Speed_Avg_per_Lap_V1_0_SN112,REGISTER
363,2016-10-20T06:34:27.913-04:00,Anki,Avg_Speed_per_Race_V1_0_SN267,REGISTER
364,2016-10-20T17:39:12.093-04:00,Anki,Speed_Avg_per_Lap_V1_0_SN111,DROP
365,2016-10-20T17:39:12.090-04:00,Anki,Time_per_lap_V1_0_SN75,DROP
366,2016-10-21T03:22:20.542-04:00,Anki,Time_per_lap_V1_0_SN85,REGISTER
367,2016-10-21T03:22:22.539-04:00,Anki,Min_Lap_Time_per_Race_V1_0_SN256,REGISTER
368,2016-10-21T03:22:22.735-04:00,Anki,Speed_Avg_per_Lap_V1_0_SN115,REGISTER
369,2016-10-21T03:22:22.865-04:00,Anki,Avg_Speed_per_Race_V1_0_SN270,REGISTER
370,2016-10-21T03:23:09.368-04:00,Anki,Current_Speed_Ground_Shock_V1_0_SN102,REGISTER
371,2016-10-21T03:23:10.962-04:00,Anki,Current_Speed_Thermo_V1_0_SN97,REGISTER
372,2016-10-21T03:23:11.048-04:00,Anki,Current_Speed_Guardian_V1_0_SN98,REGISTER
373,2016-10-21T03:23:12.619-04:00,Anki,Current_Speed_Skull_V1_0_SN92,REGISTER
374,2016-10-21T03:23:25.439-04:00,Anki,Time_per_lap_V1_0_SN87,REGISTER
375,2016-10-21T03:23:27.099-04:00,Anki,Min_Lap_Time_per_Race_V1_0_SN258,REGISTER
376,2016-10-21T03:23:27.225-04:00,Anki,Speed_Avg_per_Lap_V1_0_SN117,REGISTER
377,2016-10-21T03:23:28.877-04:00,Anki,Avg_Speed_per_Race_V1_0_SN272,REGISTER
378,2016-10-21T03:29:40.657-04:00,Anki,Current_Speed_Ground_Shock_V1_0_SN103,REGISTER
379,2016-10-21T03:29:42.350-04:00,Anki,Current_Speed_Thermo_V1_0_SN98,REGISTER
380,2016-10-21T03:29:45.521-04:00,Anki,Current_Speed_Guardian_V1_0_SN99,REGISTER
381,2016-10-21T03:29:47.163-04:00,Anki,Current_Speed_Skull_V1_0_SN93,REGISTER
1001,2016-10-21T07:16:47.060-04:00,Anki,Current_Speed_Ground_Shock_V1_0_SN104,REGISTER
1002,2016-10-21T07:16:49.073-04:00,Anki,Current_Speed_Thermo_V1_0_SN99,REGISTER
1003,2016-10-21T07:16:51.072-04:00,Anki,Current_Speed_Guardian_V1_0_SN100,REGISTER
1004,2016-10-21T07:16:53.208-04:00,Anki,Current_Speed_Skull_V1_0_SN94,REGISTER
1005,2016-10-21T07:17:01.299-04:00,Anki,Current_Speed_Ground_Shock_V1_0_SN104,DROP
1006,2016-10-21T07:17:01.916-04:00,Anki,Current_Speed_Guardian_V1_0_SN100,DROP
1007,2016-10-21T07:17:02.525-04:00,Anki,Current_Speed_Skull_V1_0_SN94,DROP
1008,2016-10-21T07:17:03.216-04:00,Anki,Current_Speed_Thermo_V1_0_SN99,DROP
1009,2016-10-21T07:17:04.270-04:00,Anki,Current_Speed_Ground_Shock_V1_0_SN105,REGISTER
1010,2016-10-21T07:17:05.779-04:00,Anki,Current_Speed_Thermo_V1_0_SN100,REGISTER
1011,2016-10-21T07:17:06.844-04:00,Anki,Current_Speed_Guardian_V1_0_SN101,REGISTER
1012,2016-10-21T07:17:08.304-04:00,Anki,Current_Speed_Skull_V1_0_SN95,REGISTER
1013,2016-10-21T07:18:19.677-04:00,Anki,Time_per_lap_V1_0_SN89,REGISTER
1014,2016-10-21T07:18:25.413-04:00,Anki,Min_Lap_Time_per_Race_V1_0_SN260,REGISTER
1015,2016-10-21T07:18:32-04:00,Anki,Speed_Avg_per_Lap_V1_0_SN119,REGISTER
1016,2016-10-21T07:18:37.769-04:00,Anki,Avg_Speed_per_Race_V1_0_SN274,REGISTER
1017,2016-10-21T07:18:40.012-04:00,Anki,Drone_Status_V1_0_SN13,DROP
1018,2016-10-21T07:18:40.570-04:00,Anki,Time_per_lap_V1_0_SN11,DROP
1019,2016-10-21T07:18:43.434-04:00,Anki,Drone_Status_V1_0_SN22,REGISTER
1020,2016-10-21T07:27:12.783-04:00,Anki,Current_Speed_Ground_Shock_V1_0_SN105,DROP
1021,2016-10-21T07:27:13.389-04:00,Anki,Drone_Status_V1_0_SN22,DROP
1022,2016-10-21T07:27:13.945-04:00,Anki,Speed_Avg_per_Lap_V1_0_SN119,DROP
1023,2016-10-21T07:27:14.526-04:00,Anki,Time_per_lap_V1_0_SN89,DROP
1024,2016-10-21T07:27:15.121-04:00,Anki,Current_Speed_Skull_V1_0_SN95,DROP
1025,2016-10-21T07:27:15.742-04:00,Anki,Current_Speed_Guardian_V1_0_SN101,DROP
1026,2016-10-21T07:27:16.333-04:00,Anki,Current_Speed_Thermo_V1_0_SN100,DROP
1027,2016-10-21T07:27:17.068-04:00,Anki,Avg_Speed_per_Race_V1_0_SN274,DROP
1028,2016-10-21T07:27:17.505-04:00,Anki,Min_Lap_Time_per_Race_V1_0_SN260,DROP
1029,2016-10-24T04:38:28.530-04:00,Anki,Current_Speed_Ground_Shock_V1_0_SN106,REGISTER
1030,2016-10-24T04:38:30.412-04:00,Anki,Current_Speed_Thermo_V1_0_SN101,REGISTER
1031,2016-10-24T04:38:31.525-04:00,Anki,Current_Speed_Guardian_V1_0_SN102,REGISTER
1032,2016-10-24T04:38:33.509-04:00,Anki,Current_Speed_Skull_V1_0_SN96,REGISTER
1033,2016-10-24T04:38:42.675-04:00,Anki,Time_per_lap_V1_0_SN90,REGISTER
1034,2016-10-24T04:38:43.388-04:00,Anki,Min_Lap_Time_per_Race_V1_0_SN261,REGISTER
1035,2016-10-24T04:38:44.549-04:00,Anki,Speed_Avg_per_Lap_V1_0_SN120,REGISTER
1036,2016-10-24T04:38:45.237-04:00,Anki,Avg_Speed_per_Race_V1_0_SN275,REGISTER
1037,2016-10-24T04:38:47.025-04:00,Anki,Drone_Status_V1_0_SN23,REGISTER
1038,2016-10-25T05:31:22.581-04:00,Anki,Time_per_lap_V1_0_SN92,REGISTER
1039,2016-10-25T05:31:28.876-04:00,Anki,Avg_Speed_per_Race_V1_0_SN277,REGISTER
1040,2016-10-25T05:31:35.026-04:00,Anki,Speed_Avg_per_Lap_V1_0_SN122,REGISTER
1041,2016-10-25T05:31:40.695-04:00,Anki,Min_Lap_Time_per_Race_V1_0_SN263,REGISTER
1042,2016-10-25T05:35:38.636-04:00,Anki,Avg_Speed_per_Race_V1_0_SN277,DROP
1043,2016-10-25T05:35:39.212-04:00,Anki,Time_per_lap_V1_0_SN92,DROP
1044,2016-10-25T05:35:39.821-04:00,Anki,Speed_Avg_per_Lap_V1_0_SN122,DROP
1045,2016-10-25T05:35:40.432-04:00,Anki,Min_Lap_Time_per_Race_V1_0_SN263,DROP
1046,2016-10-25T05:35:41.643-04:00,Anki,Speed_Avg_per_Lap_V1_0_SN123,REGISTER
1047,2016-10-25T05:35:47.643-04:00,Anki,Time_per_lap_V1_0_SN93,REGISTER
1048,2016-10-25T05:35:53.348-04:00,Anki,Min_Lap_Time_per_Race_V1_0_SN264,REGISTER
1049,2016-10-25T05:35:59.030-04:00,Anki,Avg_Speed_per_Race_V1_0_SN278,REGISTER
1050,2016-10-25T05:36:16.899-04:00,Anki,Time_per_lap_V1_0_SN93,DROP
1051,2016-10-25T05:36:17.547-04:00,Anki,Min_Lap_Time_per_Race_V1_0_SN264,DROP
1052,2016-10-25T05:36:18.128-04:00,Anki,Speed_Avg_per_Lap_V1_0_SN123,DROP
1053,2016-10-25T05:36:18.714-04:00,Anki,Avg_Speed_per_Race_V1_0_SN278,DROP
1054,2016-10-25T06:02:55.675-04:00,Anki,Time_per_lap_V1_0_SN94,REGISTER
1055,2016-10-25T06:02:56.125-04:00,Anki,Min_Lap_Time_per_Race_V1_0_SN265,REGISTER
1056,2016-10-25T06:02:58.320-04:00,Anki,Speed_Avg_per_Lap_V1_0_SN124,REGISTER
1057,2016-10-25T06:02:58.956-04:00,Anki,Avg_Speed_per_Race_V1_0_SN279,REGISTER
1058,2016-10-25T06:05:20.850-04:00,Anki,Avg_Speed_per_Race_V1_0_SN279,DROP
1059,2016-10-25T06:05:21.551-04:00,Anki,Min_Lap_Time_per_Race_V1_0_SN265,DROP
1060,2016-10-25T06:05:22.128-04:00,Anki,Speed_Avg_per_Lap_V1_0_SN124,DROP
1061,2016-10-25T06:05:22.695-04:00,Anki,Time_per_lap_V1_0_SN94,DROP
1062,2016-10-25T06:09:48.525-04:00,Anki,Time_per_lap_V1_0_SN97,REGISTER
1063,2016-10-25T06:09:49.199-04:00,Anki,Avg_Speed_per_Race_V1_0_SN282,REGISTER
1064,2016-10-25T06:09:50.386-04:00,Anki,Min_Lap_Time_per_Race_V1_0_SN269,REGISTER
1065,2016-10-25T06:09:51.597-04:00,Anki,Speed_Avg_per_Lap_V1_0_SN127,REGISTER
1066,2016-10-25T06:33:28.660-04:00,Anki,Time_per_lap_V1_0_SN97,DROP
1067,2016-10-25T06:33:29.279-04:00,Anki,Speed_Avg_per_Lap_V1_0_SN127,DROP
1068,2016-10-25T06:33:29.854-04:00,Anki,Min_Lap_Time_per_Race_V1_0_SN269,DROP
1069,2016-10-25T06:33:30.481-04:00,Anki,Avg_Speed_per_Race_V1_0_SN282,DROP
1070,2016-10-25T06:33:31.712-04:00,Anki,Avg_Speed_per_Race_V1_0_SN283,REGISTER
1071,2016-10-25T06:33:32.790-04:00,Anki,Speed_Avg_per_Lap_V1_0_SN128,REGISTER
1072,2016-10-25T06:33:33.458-04:00,Anki,Time_per_lap_V1_0_SN98,REGISTER
1073,2016-10-25T06:33:34.140-04:00,Anki,Min_Lap_Time_per_Race_V1_0_SN270,REGISTER
1074,2016-10-25T09:11:50.950-04:00,Anki,Speed_Avg_per_Lap_V1_0_SN128,DROP
1075,2016-10-25T09:11:51.542-04:00,Anki,Avg_Speed_per_Race_V1_0_SN283,DROP
1076,2016-10-25T09:11:52.146-04:00,Anki,Time_per_lap_V1_0_SN98,DROP
1077,2016-10-25T09:11:52.796-04:00,Anki,Min_Lap_Time_per_Race_V1_0_SN270,DROP
1078,2016-10-25T09:11:55.518-04:00,Anki,Avg_Speed_per_Race_V1_0_SN284,REGISTER
1079,2016-10-25T09:11:57.553-04:00,Anki,Time_per_lap_V1_0_SN99,REGISTER
1080,2016-10-25T09:11:58.678-04:00,Anki,Speed_Avg_per_Lap_V1_0_SN129,REGISTER
1081,2016-10-25T09:11:59.422-04:00,Anki,Min_Lap_Time_per_Race_V1_0_SN271,REGISTER
1082,2016-10-25T09:12:57.657-04:00,Anki,Time_per_lap_V1_0_SN99,DROP
1083,2016-10-25T09:12:58.292-04:00,Anki,Min_Lap_Time_per_Race_V1_0_SN271,DROP
1084,2016-10-25T09:12:58.865-04:00,Anki,Speed_Avg_per_Lap_V1_0_SN129,DROP
1085,2016-10-25T09:12:59.454-04:00,Anki,Avg_Speed_per_Race_V1_0_SN284,DROP
1086,2016-10-25T09:13:01.995-04:00,Anki,Time_per_lap_V1_0_SN100,REGISTER
1087,2016-10-25T09:13:02.661-04:00,Anki,Avg_Speed_per_Race_V1_0_SN285,REGISTER
1088,2016-10-25T09:13:03.462-04:00,Anki,Speed_Avg_per_Lap_V1_0_SN130,REGISTER
1089,2016-10-25T09:13:04.603-04:00,Anki,Min_Lap_Time_per_Race_V1_0_SN272,REGISTER
1090,2016-10-25T09:24:15.454-04:00,Anki,Time_per_lap_V1_0_SN100,DROP
1091,2016-10-25T09:24:16.104-04:00,Anki,Min_Lap_Time_per_Race_V1_0_SN272,DROP
1092,2016-10-25T09:24:16.616-04:00,Anki,Speed_Avg_per_Lap_V1_0_SN130,DROP
1093,2016-10-25T09:24:17.182-04:00,Anki,Avg_Speed_per_Race_V1_0_SN285,DROP
1094,2016-10-25T09:24:50.735-04:00,Anki,Time_per_lap_V1_0_SN101,REGISTER
1095,2016-10-25T09:24:51.441-04:00,Anki,Min_Lap_Time_per_Race_V1_0_SN273,REGISTER
1096,2016-10-25T09:24:54.281-04:00,Anki,Speed_Avg_per_Lap_V1_0_SN131,REGISTER
1097,2016-10-25T09:24:54.924-04:00,Anki,Avg_Speed_per_Race_V1_0_SN286,REGISTER
1098,2016-10-25T09:24:56.531-04:00,Anki,CurrentDemoZone_V1_0_SN1,REGISTER
1099,2016-10-25T09:24:59.211-04:00,Anki,CurrentRace_V1_0_SN1,REGISTER
1100,2016-10-25T10:27:09.489-04:00,Anki,CurrentDemoZone_V1_0_SN1,DROP
1101,2016-10-25T11:06:21.312-04:00,Anki,CurrentRace_V1_0_SN8,REGISTER
1102,2016-10-26T11:55:23.992-04:00,Anki,Time_per_lap_V1_0_SN90,DROP
1103,2016-10-26T11:55:24.642-04:00,Anki,Avg_Speed_per_Race_V1_0_SN275,DROP
1104,2016-10-26T11:55:25.218-04:00,Anki,Speed_Avg_per_Lap_V1_0_SN120,DROP
1105,2016-10-26T11:55:25.825-04:00,Anki,Min_Lap_Time_per_Race_V1_0_SN261,DROP
1106,2016-10-26T17:36:26.746-04:00,Anki,CurrentRace_V1_0_SN8,DROP
1107,2016-10-26T17:36:50.626-04:00,Anki,CurrentRace_V1_0_SN9,REGISTER
