<?xml version = '1.0' encoding = 'UTF-8'?>
<ns0:simpleDataObject xmlns:ns0="http://xmlns.oracle.com/bam/bam12">
<name>CQServiceRegistry</name>
<id>/dataobject/CQServiceRegistry</id>
<displayName>oracle/bam/internal/CQServiceRegistry</displayName>
<internal>true</internal>
<useHive>false</useHive>
<systemManaged>false</systemManaged>
<createdDate>2016-10-10T10:45:41.27-04:00</createdDate>
<modifiedDate>2016-10-10T10:45:41.27-04:00</modifiedDate>
<createdBy>OracleSystemUser</createdBy>
<modifiedBy>OracleSystemUser</modifiedBy>
<flexTableConfigured>false</flexTableConfigured>
<calculatedFields>
<calculatedField>
<name>registerQueryNum</name>
<id>01e129011bd64485811908c9dd3ab522</id>
<displayName>Register Query Number</displayName>
<internal>false</internal>
<useHive>false</useHive>
<systemManaged>false</systemManaged>
<isEditable>true</isEditable>
<fieldId>-1</fieldId>
<expression>SUM(IF(operationType=="REGISTER") THEN (1) ELSE (0))</expression>
<valid>false</valid>
<aggregated>true</aggregated>
<supportedByCQL>true</supportedByCQL>
<hidden>false</hidden>
<columnType>MEASURE</columnType>
</calculatedField>
<calculatedField>
<name>dropQueryNum</name>
<id>7720f8a9c94c44f1b049f9ff49f664f0</id>
<displayName>Drop Query Number</displayName>
<internal>false</internal>
<useHive>false</useHive>
<systemManaged>false</systemManaged>
<isEditable>true</isEditable>
<fieldId>-1</fieldId>
<expression>SUM(IF(operationType=="DROP") THEN (1) ELSE (0))</expression>
<valid>false</valid>
<aggregated>true</aggregated>
<supportedByCQL>true</supportedByCQL>
<hidden>false</hidden>
<columnType>MEASURE</columnType>
</calculatedField>
<calculatedField>
<name>currentQueryNum</name>
<id>cab766accb4244d7acb2f9dfe9ee8ca1</id>
<displayName>Current Query Number</displayName>
<internal>false</internal>
<useHive>false</useHive>
<systemManaged>false</systemManaged>
<isEditable>true</isEditable>
<fieldId>-1</fieldId>
<expression>SUM(IF(operationType=="REGISTER") THEN (1) ELSE (0)) - SUM(IF(operationType=="DROP") THEN(1) ELSE(0))</expression>
<valid>false</valid>
<aggregated>true</aggregated>
<supportedByCQL>true</supportedByCQL>
<hidden>false</hidden>
<columnType>MEASURE</columnType>
</calculatedField>
</calculatedFields>
<timeHierarchies/>
<retention>
<retentionSeconds>604800</retentionSeconds>
<maxRows>0</maxRows>
</retention>
<cqType>RELATION</cqType>
<cqArchived>true</cqArchived>
<cqSource>jms:topic/oracle.beam.server.event.dataobject</cqSource>
<cqStampType>SYSTEM</cqStampType>
<slowChangingDimension>false</slowChangingDimension>
<physicalName>BEAM_VIEW_57</physicalName>
<eventId>BEAM_ID</eventId>
<replayAmount>0</replayAmount>
<hidden>false</hidden>
<columns>
<column>
<name>BEAM_ID</name>
<id>ac90060dec764a0797f436641eb8d579</id>
<internal>false</internal>
<useHive>false</useHive>
<systemManaged>false</systemManaged>
<isEditable>true</isEditable>
<nullable>false</nullable>
<unique>false</unique>
<dataType>INT</dataType>
<columnType>ATTRIBUTE</columnType>
<hidden>false</hidden>
<editable>true</editable>
</column>
<column>
<name>DATAOBJECT_CREATED</name>
<id>3e1cc5e334c94ba798288cd17a057f4b</id>
<internal>false</internal>
<useHive>false</useHive>
<systemManaged>false</systemManaged>
<isEditable>true</isEditable>
<nullable>false</nullable>
<unique>false</unique>
<dataType>DATETIME</dataType>
<columnType>DIMENSION</columnType>
<hidden>false</hidden>
<editable>true</editable>
</column>
<column>
<name>DATAOBJECT_MODIFIED</name>
<id>97c25fc29d994a20ba1f90858c2cc6c0</id>
<internal>false</internal>
<useHive>false</useHive>
<systemManaged>false</systemManaged>
<isEditable>true</isEditable>
<nullable>false</nullable>
<unique>false</unique>
<dataType>DATETIME</dataType>
<columnType>DIMENSION</columnType>
<hidden>false</hidden>
<editable>true</editable>
</column>
<column>
<name>projectName</name>
<id>c73564c7f81445238bec85a0aa8f414e</id>
<displayName>Project Name</displayName>
<internal>false</internal>
<useHive>false</useHive>
<systemManaged>false</systemManaged>
<isEditable>true</isEditable>
<length>128</length>
<nullable>true</nullable>
<unique>false</unique>
<dataType>VARCHAR</dataType>
<columnType>DIMENSION</columnType>
<hidden>false</hidden>
<editable>true</editable>
</column>
<column>
<name>queryName</name>
<id>0dec7148ce4a4046b4d26173c62a5ac0</id>
<displayName>Query Name</displayName>
<internal>false</internal>
<useHive>false</useHive>
<systemManaged>false</systemManaged>
<isEditable>true</isEditable>
<length>128</length>
<nullable>true</nullable>
<unique>false</unique>
<dataType>VARCHAR</dataType>
<columnType>DIMENSION</columnType>
<hidden>false</hidden>
<editable>true</editable>
</column>
<column>
<name>operationTime</name>
<id>bb5099e9bf9547b387b6a168c6f52bc1</id>
<displayName>Operation Time</displayName>
<internal>false</internal>
<useHive>false</useHive>
<systemManaged>false</systemManaged>
<isEditable>true</isEditable>
<nullable>true</nullable>
<unique>false</unique>
<dataType>DATETIME</dataType>
<columnType>DIMENSION</columnType>
<hidden>false</hidden>
<editable>true</editable>
</column>
<column>
<name>operationType</name>
<id>53e6627589eb487db3ed312508dcb93b</id>
<displayName>Operation Type</displayName>
<internal>false</internal>
<useHive>false</useHive>
<systemManaged>false</systemManaged>
<isEditable>true</isEditable>
<length>8</length>
<nullable>true</nullable>
<unique>false</unique>
<dataType>VARCHAR</dataType>
<columnType>DIMENSION</columnType>
<hidden>false</hidden>
<editable>true</editable>
</column>
</columns>
<indexes/>
<hierarchies/>
</ns0:simpleDataObject>