<?xml version = '1.0' encoding = 'UTF-8'?>
<ns0:valueParameter xmlns:ns0="http://xmlns.oracle.com/bam/bam12">
<name>InTeRnAlNaMeQuery__1476196082224_DeTaIlEd_CARNAME</name>
<id>/project/Anki/parameter/InTeRnAlNaMeQuery__1476196082224_DeTaIlEd_CARNAME</id>
<displayName>InTeRnAlNaMeQuery__1476196082224_DeTaIlEd_CARNAME</displayName>
<internal>true</internal>
<useHive>false</useHive>
<systemManaged>false</systemManaged>
<createdDate>2016-10-11T10:28:02.248-04:00</createdDate>
<modifiedDate>2016-10-11T10:28:02.248-04:00</modifiedDate>
<createdBy>weblogic</createdBy>
<modifiedBy>weblogic</modifiedBy>
<inDataObject>false</inDataObject>
<dataType>VARCHAR</dataType>
<required>true</required>
<value/>
<defaultValue>
<specialValue>ALL</specialValue>
</defaultValue>
</ns0:valueParameter>