<?xml version = '1.0' encoding = 'UTF-8'?>
<ns0:logicalDataObject xmlns:ns0="http://xmlns.oracle.com/bam/bam12">
<name>ORACLE_PROCESSANALYTICS_BPM_PROCESS</name>
<id>/dataobject/ORACLE_PROCESSANALYTICS_BPM_PROCESS</id>
<displayName>/oracle/processanalytics/Process</displayName>
<internal>false</internal>
<useHive>false</useHive>
<systemManaged>false</systemManaged>
<createdDate>2016-09-28T11:30:25.201-04:00</createdDate>
<modifiedDate>2016-09-28T11:30:25.201-04:00</modifiedDate>
<createdBy>OracleSystemUser</createdBy>
<modifiedBy>OracleSystemUser</modifiedBy>
<flexTableConfigured>true</flexTableConfigured>
<category>PROCESS</category>
<calculatedFields>
<calculatedField>
<name>IS_OPEN_NOT_DUE_SOON</name>
<id>1d3a3ee1385a4dc087f528577d8ba553</id>
<displayName>Is On Track</displayName>
<internal>false</internal>
<useHive>false</useHive>
<systemManaged>false</systemManaged>
<isEditable>true</isEditable>
<fieldId>0</fieldId>
<expression>if({PROCESS_DUE_TIME}!=NULL)then(if((({PROCESS_INSTANCE_STATUS}=="ACTIVE")||({PROCESS_INSTANCE_STATUS}=="SUSPENDED")||({IS_RECOVERABLE}=="Y"))&amp;&amp;(WEEK({PROCESS_DUE_TIME})!=WEEK(NOW()))||(YEAR({PROCESS_DUE_TIME})!=YEAR(NOW()))&amp;&amp;({PROCESS_DUE_TIME}>NOW()))then(1)else(0))else(if({PROCESS_INSTANCE_STATUS}=="ACTIVE")then(1)else(0))</expression>
<dataType>INT</dataType>
<valid>true</valid>
<aggregated>false</aggregated>
<supportedByCQL>true</supportedByCQL>
<hidden>false</hidden>
<columnType>ATTRIBUTE</columnType>
</calculatedField>
<calculatedField>
<name>PROCESS_CYCLE_TIME_IN_DAYS</name>
<id>cbe520cab72241b2960da9b4d3bdb78f</id>
<displayName>Process Cycle Time in Days</displayName>
<internal>false</internal>
<useHive>false</useHive>
<systemManaged>false</systemManaged>
<isEditable>true</isEditable>
<fieldId>1</fieldId>
<expression>{PROCESS_RUNNING_TIME}/86400000</expression>
<dataType>INT</dataType>
<valid>true</valid>
<aggregated>false</aggregated>
<supportedByCQL>true</supportedByCQL>
<hidden>false</hidden>
<columnType>ATTRIBUTE</columnType>
</calculatedField>
<calculatedField>
<name>PROCESS_INSTANCE_STATUS_CODE</name>
<id>1bda589046b24aed81355a5f8f41aa30</id>
<displayName>Process Instance Status Code</displayName>
<internal>false</internal>
<useHive>false</useHive>
<systemManaged>false</systemManaged>
<isEditable>true</isEditable>
<fieldId>2</fieldId>
<expression>if({PROCESS_INSTANCE_STATUS}=="ACTIVE")then(1)else(if({PROCESS_INSTANCE_STATUS}=="COMPLETED")then(2)else(if({PROCESS_INSTANCE_STATUS}=="SUSPENDED")then(3)else(if({PROCESS_INSTANCE_STATUS}=="FAULTED")then(4)else(5))))</expression>
<dataType>INT</dataType>
<valid>true</valid>
<aggregated>false</aggregated>
<supportedByCQL>true</supportedByCQL>
<hidden>false</hidden>
<columnType>ATTRIBUTE</columnType>
</calculatedField>
<calculatedField>
<name>IS_OPEN</name>
<id>30cde6aa8bf94279bbe38fd2bcc5f1f0</id>
<displayName>Is Open</displayName>
<internal>false</internal>
<useHive>false</useHive>
<systemManaged>false</systemManaged>
<isEditable>true</isEditable>
<fieldId>3</fieldId>
<expression>if({PROCESS_INSTANCE_STATUS}=="ACTIVE")then(1)else(if({PROCESS_INSTANCE_STATUS}=="SUSPENDED")then(1)else(if(({PROCESS_INSTANCE_STATUS}=="FAULTED")&amp;&amp;({IS_RECOVERABLE}=="Y"))then(1)else(0)))</expression>
<dataType>INT</dataType>
<valid>true</valid>
<aggregated>false</aggregated>
<supportedByCQL>true</supportedByCQL>
<hidden>false</hidden>
<columnType>ATTRIBUTE</columnType>
</calculatedField>
<calculatedField>
<name>IS_CLOSED</name>
<id>7dd40dfd522346c58f407b2405ba504a</id>
<displayName>Is Closed</displayName>
<internal>false</internal>
<useHive>false</useHive>
<systemManaged>false</systemManaged>
<isEditable>true</isEditable>
<fieldId>4</fieldId>
<expression>if((({PROCESS_INSTANCE_STATUS}=="ABORTED")||({PROCESS_INSTANCE_STATUS}=="FAULTED")||({PROCESS_INSTANCE_STATUS}=="COMPLETED"))&amp;&amp;({PROCESS_END_TIME}!=NULL)&amp;&amp;(({IS_RECOVERABLE}==NULL)||({IS_RECOVERABLE}!="Y")))then(1)else(0)</expression>
<dataType>INT</dataType>
<valid>true</valid>
<aggregated>false</aggregated>
<supportedByCQL>true</supportedByCQL>
<hidden>false</hidden>
<columnType>ATTRIBUTE</columnType>
</calculatedField>
<calculatedField>
<name>IS_FAULTED</name>
<id>12bd8bc9a7194340966a45563bc2b2ed</id>
<displayName>Is Faulted</displayName>
<internal>false</internal>
<useHive>false</useHive>
<systemManaged>false</systemManaged>
<isEditable>true</isEditable>
<fieldId>5</fieldId>
<expression>if({PROCESS_INSTANCE_STATUS}=="FAULTED")then(1)else(0)</expression>
<dataType>INT</dataType>
<valid>true</valid>
<aggregated>false</aggregated>
<supportedByCQL>true</supportedByCQL>
<hidden>false</hidden>
<columnType>ATTRIBUTE</columnType>
</calculatedField>
<calculatedField>
<name>IS_DUE_SOON</name>
<id>5a188942aa5942c1b1702e3aaf6377e9</id>
<displayName>Is Due This Week</displayName>
<internal>false</internal>
<useHive>false</useHive>
<systemManaged>false</systemManaged>
<isEditable>true</isEditable>
<fieldId>6</fieldId>
<expression>if(({PROCESS_DUE_TIME}!=NULL)&amp;&amp;(({PROCESS_INSTANCE_STATUS}=="ACTIVE")||({PROCESS_INSTANCE_STATUS}=="SUSPENDED")||({IS_RECOVERABLE}=="Y"))&amp;&amp;(WEEK({PROCESS_DUE_TIME})==WEEK(NOW()))&amp;&amp;(YEAR({PROCESS_DUE_TIME})==YEAR(NOW())))then(1)else(0)</expression>
<dataType>INT</dataType>
<valid>true</valid>
<aggregated>false</aggregated>
<supportedByCQL>true</supportedByCQL>
<hidden>false</hidden>
<columnType>ATTRIBUTE</columnType>
</calculatedField>
<calculatedField>
<name>DAYS_SINCE_PROCESS</name>
<id>db281cdb75f248168534af857bcc87fe</id>
<displayName>Days Since Process</displayName>
<internal>false</internal>
<useHive>false</useHive>
<systemManaged>false</systemManaged>
<isEditable>true</isEditable>
<fieldId>7</fieldId>
<expression>if({PROCESS_INSTANCE_STATUS}=="ACTIVE")then(DATEDIFF(SQL_TSI_DAY,{PROCESS_START_TIME},NOW()))else(DATEDIFF(SQL_TSI_DAY,{PROCESS_END_TIME},NOW()))</expression>
<dataType>INT</dataType>
<valid>true</valid>
<aggregated>false</aggregated>
<supportedByCQL>true</supportedByCQL>
<hidden>false</hidden>
<columnType>ATTRIBUTE</columnType>
</calculatedField>
<calculatedField>
<name>PROCESS_CYCLE_TIME_IN_HOURS</name>
<id>bc57751ec8b54746a409be8af1fcc95b</id>
<displayName>Process Cycle Time in Hours</displayName>
<internal>false</internal>
<useHive>false</useHive>
<systemManaged>false</systemManaged>
<isEditable>true</isEditable>
<fieldId>8</fieldId>
<expression>{PROCESS_RUNNING_TIME}/3600000</expression>
<dataType>INT</dataType>
<valid>true</valid>
<aggregated>false</aggregated>
<supportedByCQL>true</supportedByCQL>
<hidden>false</hidden>
<columnType>ATTRIBUTE</columnType>
</calculatedField>
<calculatedField>
<name>PROCESS_OPEN_TIME_IN_HOURS</name>
<id>ad613330de5146f3ab9964eb2c468bd7</id>
<displayName>Process Open Time in Hours</displayName>
<internal>false</internal>
<useHive>false</useHive>
<systemManaged>false</systemManaged>
<isEditable>true</isEditable>
<fieldId>9</fieldId>
<expression>DATEDIFF(SQL_TSI_SECOND,{PROCESS_START_TIME},NOW())/3600</expression>
<dataType>INT</dataType>
<valid>true</valid>
<aggregated>false</aggregated>
<supportedByCQL>true</supportedByCQL>
<hidden>false</hidden>
<columnType>ATTRIBUTE</columnType>
</calculatedField>
<calculatedField>
<name>IS_CLOSED_TODAY</name>
<id>d2ed9b0e274043a6827a16c935e830cf</id>
<displayName>Is Closed Today</displayName>
<internal>false</internal>
<useHive>false</useHive>
<systemManaged>false</systemManaged>
<isEditable>true</isEditable>
<fieldId>10</fieldId>
<expression>if((DAYOFYEAR({PROCESS_END_TIME})==DAYOFYEAR(NOW()))&amp;&amp;(YEAR({PROCESS_END_TIME})==YEAR(NOW()))&amp;&amp;(({PROCESS_INSTANCE_STATUS}=="ABORTED")||({PROCESS_INSTANCE_STATUS}=="FAULTED")||({PROCESS_INSTANCE_STATUS}=="COMPLETED"))&amp;&amp;({PROCESS_END_TIME}!=NULL)&amp;&amp;(({IS_RECOVERABLE}==NULL)||({IS_RECOVERABLE}!="Y")))then(1)else(0)</expression>
<dataType>INT</dataType>
<valid>true</valid>
<aggregated>false</aggregated>
<supportedByCQL>true</supportedByCQL>
<hidden>false</hidden>
<columnType>ATTRIBUTE</columnType>
</calculatedField>
<calculatedField>
<name>IS_OPENED_TODAY</name>
<id>00265426c525480694b3c99b274ba1eb</id>
<displayName>Is Opened Today</displayName>
<internal>false</internal>
<useHive>false</useHive>
<systemManaged>false</systemManaged>
<isEditable>true</isEditable>
<fieldId>11</fieldId>
<expression>if((DAYOFYEAR({PROCESS_START_TIME})==DAYOFYEAR(NOW()))&amp;&amp;(YEAR({PROCESS_START_TIME})==YEAR(NOW())))then(1)else(0)</expression>
<dataType>INT</dataType>
<valid>true</valid>
<aggregated>false</aggregated>
<supportedByCQL>true</supportedByCQL>
<hidden>false</hidden>
<columnType>ATTRIBUTE</columnType>
</calculatedField>
<calculatedField>
<name>ESTIMATED_COMPLETE_TIME_DAYS</name>
<id>96cfdfcc5fe14a1f94ca058e2d4da6f7</id>
<displayName>Estimated Completion Time in Days</displayName>
<internal>false</internal>
<useHive>false</useHive>
<systemManaged>false</systemManaged>
<isEditable>true</isEditable>
<fieldId>12</fieldId>
<expression>if({PROCESS_ESTIMATED_TIME}!=NULL)then(DATEDIFF(SQL_TSI_DAY,{PROCESS_START_TIME},{PROCESS_ESTIMATED_TIME}))else(DATEDIFF(SQL_TSI_DAY,{PROCESS_START_TIME},NOW()))</expression>
<dataType>INT</dataType>
<valid>true</valid>
<aggregated>false</aggregated>
<supportedByCQL>true</supportedByCQL>
<hidden>false</hidden>
<columnType>ATTRIBUTE</columnType>
</calculatedField>
<calculatedField>
<name>ESTIMATED_COMPLETE_TIME_HOURS</name>
<id>e2432e05386f435a96f95b7a463b3a25</id>
<displayName>Estimated Completion Time in Hours</displayName>
<internal>false</internal>
<useHive>false</useHive>
<systemManaged>false</systemManaged>
<isEditable>true</isEditable>
<fieldId>13</fieldId>
<expression>if({PROCESS_ESTIMATED_TIME}!=NULL)then(DATEDIFF(SQL_TSI_HOUR,{PROCESS_START_TIME},{PROCESS_ESTIMATED_TIME}))ELSE(DATEDIFF(SQL_TSI_HOUR,{PROCESS_START_TIME},NOW()))</expression>
<dataType>INT</dataType>
<valid>true</valid>
<aggregated>false</aggregated>
<supportedByCQL>true</supportedByCQL>
<hidden>false</hidden>
<columnType>ATTRIBUTE</columnType>
</calculatedField>
<calculatedField>
<name>DAYS_SINCE_PROCESS_START</name>
<id>451bf770a04c4748af443284e1f737bf</id>
<displayName>Days Since Process Start</displayName>
<internal>false</internal>
<useHive>false</useHive>
<systemManaged>false</systemManaged>
<isEditable>true</isEditable>
<fieldId>14</fieldId>
<expression>DATEDIFF(SQL_TSI_DAY,{PROCESS_START_TIME},NOW())</expression>
<dataType>INT</dataType>
<valid>true</valid>
<aggregated>false</aggregated>
<supportedByCQL>false</supportedByCQL>
<hidden>false</hidden>
<columnType>ATTRIBUTE</columnType>
</calculatedField>
<calculatedField>
<name>PROCESS_OPEN_TIME_IN_DAYS</name>
<id>0d56483c05b74f85ba5cbc5cecd0b2e5</id>
<displayName>Process Open Time in Days</displayName>
<internal>false</internal>
<useHive>false</useHive>
<systemManaged>false</systemManaged>
<isEditable>true</isEditable>
<fieldId>15</fieldId>
<expression>DATEDIFF(SQL_TSI_SECOND,{PROCESS_START_TIME},NOW())/86400</expression>
<dataType>INT</dataType>
<valid>true</valid>
<aggregated>false</aggregated>
<supportedByCQL>true</supportedByCQL>
<hidden>false</hidden>
<columnType>ATTRIBUTE</columnType>
</calculatedField>
<calculatedField>
<name>MISSED_DUE_DATE</name>
<id>9176424acc5d4d27a3d9daaaed372395</id>
<displayName>Missed Due Date</displayName>
<internal>false</internal>
<useHive>false</useHive>
<systemManaged>false</systemManaged>
<isEditable>true</isEditable>
<fieldId>16</fieldId>
<expression>if({PROCESS_DUE_TIME}!=NULL)then(if(({PROCESS_INSTANCE_STATUS}=="ACTIVE")&amp;&amp;({PROCESS_DUE_TIME}&lt;NOW()))then(1)else(if({PROCESS_INSTANCE_STATUS}=="COMPLETED")&amp;&amp;(({PROCESS_DUE_TIME}&lt;{PROCESS_END_TIME}))then(1)else(0)))else(1)</expression>
<dataType>INT</dataType>
<valid>true</valid>
<aggregated>false</aggregated>
<supportedByCQL>true</supportedByCQL>
<hidden>false</hidden>
<columnType>ATTRIBUTE</columnType>
</calculatedField>
<calculatedField>
<name>IS_OVERDUE</name>
<id>a892651c8a3541e889f1ad2e309a62db</id>
<displayName>Is Overdue</displayName>
<internal>false</internal>
<useHive>false</useHive>
<systemManaged>false</systemManaged>
<isEditable>true</isEditable>
<fieldId>17</fieldId>
<expression>if((({PROCESS_INSTANCE_STATUS}=="ACTIVE")||({PROCESS_INSTANCE_STATUS}=="SUSPENDED")||({IS_RECOVERABLE}=="Y"))&amp;&amp;({PROCESS_DUE_TIME}&lt;NOW()))then(1)else(0)</expression>
<dataType>INT</dataType>
<valid>true</valid>
<aggregated>false</aggregated>
<supportedByCQL>true</supportedByCQL>
<hidden>false</hidden>
<columnType>ATTRIBUTE</columnType>
</calculatedField>
<calculatedField>
<name>IS_FAULTED_TODAY</name>
<id>c4b57f75005f468d8070d1e23e72b965</id>
<displayName>Is Faulted Today</displayName>
<internal>false</internal>
<useHive>false</useHive>
<systemManaged>false</systemManaged>
<isEditable>true</isEditable>
<fieldId>18</fieldId>
<expression>if((DAYOFYEAR({PROCESS_END_TIME})==DAYOFYEAR(NOW()))&amp;&amp;(YEAR({PROCESS_END_TIME})==YEAR(NOW()))&amp;&amp;({PROCESS_INSTANCE_STATUS}=="FAULTED"))then(1)else(0)</expression>
<dataType>INT</dataType>
<valid>true</valid>
<aggregated>false</aggregated>
<supportedByCQL>true</supportedByCQL>
<hidden>false</hidden>
<columnType>ATTRIBUTE</columnType>
</calculatedField>
<calculatedField>
<name>DUE_STATUS</name>
<id>25f6a25a399a48ad8b77b03052400718</id>
<displayName>Due Status</displayName>
<internal>false</internal>
<useHive>false</useHive>
<systemManaged>false</systemManaged>
<isEditable>true</isEditable>
<fieldId>19</fieldId>
<expression>if({PROCESS_DUE_TIME}!=NULL)then(if({PROCESS_INSTANCE_STATUS}=="ACTIVE")then(if(DATEDIFF(SQL_TSI_DAY,NOW(),{PROCESS_DUE_TIME})>{ORACLE_PROCESSANALYTICS_BPM_PROCESS_param1})then("ON TRACK")else(if({PROCESS_DUE_TIME}&lt;NOW())then("OVERDUE")else("DUE SOON")))else(if({PROCESS_INSTANCE_STATUS}=="COMPLETED")then(if({PROCESS_DUE_TIME}&lt;{PROCESS_END_TIME})then("MISSED DUE")else("ON TRACK"))else("")))else("ON TRACK")</expression>
<dataType>VARCHAR</dataType>
<valid>true</valid>
<aggregated>false</aggregated>
<supportedByCQL>true</supportedByCQL>
<hidden>false</hidden>
<columnType>ATTRIBUTE</columnType>
</calculatedField>
<calculatedField>
<name>IS_SUSPENDED</name>
<id>857d34188b64477890864668e26ff006</id>
<displayName>Is Suspended</displayName>
<internal>false</internal>
<useHive>false</useHive>
<systemManaged>false</systemManaged>
<isEditable>true</isEditable>
<fieldId>20</fieldId>
<expression>if({PROCESS_INSTANCE_STATUS}=="SUSPENDED")then(1)else(0)</expression>
<dataType>INT</dataType>
<valid>true</valid>
<aggregated>false</aggregated>
<supportedByCQL>true</supportedByCQL>
<hidden>false</hidden>
<columnType>ATTRIBUTE</columnType>
</calculatedField>
<calculatedField>
<name>DAYS_UNTIL_DUE_DATE</name>
<id>57f9c2efd0a0418abb098917a4cd313c</id>
<displayName>Days Until Due Date</displayName>
<internal>false</internal>
<useHive>false</useHive>
<systemManaged>false</systemManaged>
<isEditable>true</isEditable>
<fieldId>21</fieldId>
<expression>if({PROCESS_DUE_TIME}!=NULL)then(DATEDIFF(SQL_TSI_DAY,NOW(),{PROCESS_DUE_TIME}))else(null)</expression>
<dataType>INT</dataType>
<valid>true</valid>
<aggregated>false</aggregated>
<supportedByCQL>true</supportedByCQL>
<hidden>false</hidden>
<columnType>MEASURE</columnType>
</calculatedField>
<calculatedField>
<name>IS_ACTIVE</name>
<id>4d551c91577c4db5bdc469ca398455d9</id>
<displayName>Is Active</displayName>
<internal>false</internal>
<useHive>false</useHive>
<systemManaged>false</systemManaged>
<isEditable>true</isEditable>
<fieldId>22</fieldId>
<expression>if({PROCESS_INSTANCE_STATUS}=="ACTIVE")then(1)else(0)</expression>
<dataType>INT</dataType>
<valid>true</valid>
<aggregated>false</aggregated>
<supportedByCQL>true</supportedByCQL>
<hidden>false</hidden>
<columnType>ATTRIBUTE</columnType>
</calculatedField>
<calculatedField>
<name>IS_FAULTED_RECOVERABLE</name>
<id>bedbf76b01794fc0bd12ab04d51bf83e</id>
<displayName>Is Faulted Recoverable</displayName>
<internal>false</internal>
<useHive>false</useHive>
<systemManaged>false</systemManaged>
<isEditable>true</isEditable>
<fieldId>23</fieldId>
<expression>if({IS_RECOVERABLE}=="Y")then(1)else(0)</expression>
<dataType>INT</dataType>
<valid>true</valid>
<aggregated>false</aggregated>
<supportedByCQL>true</supportedByCQL>
<hidden>false</hidden>
<columnType>MEASURE</columnType>
</calculatedField>
<calculatedField>
<name>IS_CLOSED_THIS_WEEK</name>
<id>90a01ca33ec04d3bb4cc45af590148f4</id>
<displayName>Is Closed This Week</displayName>
<internal>false</internal>
<useHive>false</useHive>
<systemManaged>false</systemManaged>
<isEditable>true</isEditable>
<fieldId>24</fieldId>
<expression>if((WEEK({PROCESS_END_TIME})==WEEK(NOW()))&amp;&amp;(YEAR({PROCESS_END_TIME})==YEAR(NOW()))&amp;&amp;(({IS_RECOVERABLE}==NULL)||({IS_RECOVERABLE}!="Y")))then(1)else(0)</expression>
<dataType>INT</dataType>
<valid>true</valid>
<aggregated>false</aggregated>
<supportedByCQL>true</supportedByCQL>
<hidden>false</hidden>
<columnType>ATTRIBUTE</columnType>
</calculatedField>
<calculatedField>
<name>IS_COMPLETED</name>
<id>bff339c992284a6694dd59f902b95d30</id>
<displayName>Is Completed</displayName>
<internal>false</internal>
<useHive>false</useHive>
<systemManaged>false</systemManaged>
<isEditable>true</isEditable>
<fieldId>25</fieldId>
<expression>if({PROCESS_INSTANCE_STATUS}=="COMPLETED")then(1)else(0)</expression>
<dataType>INT</dataType>
<valid>true</valid>
<aggregated>false</aggregated>
<supportedByCQL>true</supportedByCQL>
<hidden>false</hidden>
<columnType>ATTRIBUTE</columnType>
</calculatedField>
<calculatedField>
<name>IS_CLOSED_THIS_MONTH</name>
<id>10d76e2d360341acac92710a1861b30d</id>
<displayName>Is Closed This Month</displayName>
<internal>false</internal>
<useHive>false</useHive>
<systemManaged>false</systemManaged>
<isEditable>true</isEditable>
<fieldId>26</fieldId>
<expression>if((MONTH({PROCESS_END_TIME})==MONTH(NOW()))&amp;&amp;(YEAR({PROCESS_END_TIME})==YEAR(NOW()))&amp;&amp;(({IS_RECOVERABLE}==NULL)||({IS_RECOVERABLE}!="Y")))then(1)else(0)</expression>
<dataType>INT</dataType>
<valid>true</valid>
<aggregated>false</aggregated>
<supportedByCQL>true</supportedByCQL>
<hidden>false</hidden>
<columnType>ATTRIBUTE</columnType>
</calculatedField>
<calculatedField>
<name>IS_CLOSED_THIS_YEAR</name>
<id>07d84ccc787544beb85ba2e52db33748</id>
<displayName>Is Closed This Year</displayName>
<internal>false</internal>
<useHive>false</useHive>
<systemManaged>false</systemManaged>
<isEditable>true</isEditable>
<fieldId>27</fieldId>
<expression>if((YEAR({PROCESS_END_TIME})==YEAR(NOW()))&amp;&amp;(({IS_RECOVERABLE}==NULL)||({IS_RECOVERABLE}!="Y")))then(1)else(0)</expression>
<dataType>INT</dataType>
<valid>true</valid>
<aggregated>false</aggregated>
<supportedByCQL>true</supportedByCQL>
<hidden>false</hidden>
<columnType>ATTRIBUTE</columnType>
</calculatedField>
<calculatedField>
<name>IS_ABORTED</name>
<id>be9568aef1a24351840c962738f923e6</id>
<displayName>Is Aborted</displayName>
<internal>false</internal>
<useHive>false</useHive>
<systemManaged>false</systemManaged>
<isEditable>true</isEditable>
<fieldId>28</fieldId>
<expression>if({PROCESS_INSTANCE_STATUS}=="ABORTED")then(1)else(0)</expression>
<dataType>INT</dataType>
<valid>true</valid>
<aggregated>false</aggregated>
<supportedByCQL>true</supportedByCQL>
<hidden>false</hidden>
<columnType>ATTRIBUTE</columnType>
</calculatedField>
</calculatedFields>
<timeHierarchies>
<timeHierarchy>
<name>ORACLE_PROCESSANALYTICS_BPM_PROCESS__DeFaUlTDTHiERaRcHy</name>
<id>/dataobject/ORACLE_PROCESSANALYTICS_BPM_PROCESS</id>
<displayName>ORACLE_PROCESSANALYTICS_BPM_PROCESS__DeFaUlTDTHiERaRcHy</displayName>
<internal>false</internal>
<useHive>false</useHive>
<systemManaged>false</systemManaged>
<isEditable>true</isEditable>
<columnName>PROCESS_END_TIME</columnName>
<levels>
<level>YEAR</level>
<level>QUARTER</level>
<level>MONTH</level>
<level>WEEK_OF_YEAR</level>
<level>DAY_OF_YEAR</level>
<level>DAY_OF_MONTH</level>
<level>DAY_OF_WEEK</level>
<level>HOUR</level>
<level>MINUTE</level>
<level>SECOND</level>
</levels>
</timeHierarchy>
</timeHierarchies>
<parameters>
<name>ORACLE_PROCESSANALYTICS_BPM_PROCESS_param1</name>
<id>/dataobject/ORACLE_PROCESSANALYTICS_BPM_PROCESS/parameter/ORACLE_PROCESSANALYTICS_BPM_PROCESS_param1</id>
<displayName>Process Due Soon Threshold (days)</displayName>
<description>Number of days before due date that a process is considered as Due Soon</description>
<internal>false</internal>
<useHive>false</useHive>
<systemManaged>false</systemManaged>
<modifiedDate>2014-11-04T20:59:55.805-05:00</modifiedDate>
<inDataObject>false</inDataObject>
<dataType>INT</dataType>
<required>true</required>
<value/>
<defaultValue>
<value xmlns:xsd="http://www.w3.org/2001/XMLSchema" xmlns:xsi="http://www.w3.org/2001/XMLSchema-instance" xsi:type="xsd:long">5</value>
</defaultValue>
</parameters>
<dataObjects>
<dataObject type="dataObjectRef">ORACLE_PROCESSANALYTICS_COMPOSITE_DEFINITION</dataObject>
<dataObject type="dataObjectRef">ORACLE_PROCESSANALYTICS_PROCESS_DEFINITION</dataObject>
<dataObject type="dataObjectRef">ORACLE_PROCESSANALYTICS_PROCESS</dataObject>
</dataObjects>
<columns>
<column>
<name>BEAM_ID</name>
<id>e043745ae08549dba2d451329b26b04d</id>
<displayName>BEAM_ID</displayName>
<internal>false</internal>
<useHive>false</useHive>
<systemManaged>false</systemManaged>
<isEditable>true</isEditable>
<columnRef>
<dataObject>ORACLE_PROCESSANALYTICS_PROCESS</dataObject>
<column>BEAM_ID</column>
</columnRef>
<hidden>false</hidden>
<columnType>ATTRIBUTE</columnType>
</column>
<column>
<name>COMPOSITE_DEFINITION_ID</name>
<id>d8c3f4255ab447799a4ce1bfca803f29</id>
<displayName>Composite Defintion ID</displayName>
<internal>false</internal>
<useHive>false</useHive>
<systemManaged>false</systemManaged>
<isEditable>true</isEditable>
<columnRef>
<dataObject>ORACLE_PROCESSANALYTICS_PROCESS</dataObject>
<column>COMPOSITE_DEFINITION_ID</column>
</columnRef>
<hidden>false</hidden>
<columnType>ATTRIBUTE</columnType>
</column>
<column>
<name>PROCESS_DEFINITION_ID</name>
<id>0fc0c17bd0c443b5919561c8537e8d5a</id>
<displayName>Process Definition ID</displayName>
<internal>false</internal>
<useHive>false</useHive>
<systemManaged>false</systemManaged>
<isEditable>true</isEditable>
<columnRef>
<dataObject>ORACLE_PROCESSANALYTICS_PROCESS</dataObject>
<column>PROCESS_DEFINITION_ID</column>
</columnRef>
<hidden>false</hidden>
<columnType>ATTRIBUTE</columnType>
</column>
<column>
<name>COMPONENT_INSTANCE_ID</name>
<id>807aa2d4dd4e4b62ab2fa5463c7ff34f</id>
<displayName>Component Instance ID</displayName>
<internal>false</internal>
<useHive>false</useHive>
<systemManaged>false</systemManaged>
<isEditable>true</isEditable>
<columnRef>
<dataObject>ORACLE_PROCESSANALYTICS_PROCESS</dataObject>
<column>COMPONENT_INSTANCE_ID</column>
</columnRef>
<hidden>false</hidden>
<columnType>ATTRIBUTE</columnType>
</column>
<column>
<name>COMPOSITE_INSTANCE_ID</name>
<id>85d1fa0b62b74984829fdbe92935482b</id>
<displayName>Composite Instance ID</displayName>
<internal>false</internal>
<useHive>false</useHive>
<systemManaged>false</systemManaged>
<isEditable>true</isEditable>
<columnRef>
<dataObject>ORACLE_PROCESSANALYTICS_PROCESS</dataObject>
<column>COMPOSITE_INSTANCE_ID</column>
</columnRef>
<hidden>false</hidden>
<columnType>ATTRIBUTE</columnType>
</column>
<column>
<name>PROCESS_FAULT_TYPE</name>
<id>5755e241db8f409cbeacc85275cd2f6a</id>
<displayName>Fault Type</displayName>
<internal>false</internal>
<useHive>false</useHive>
<systemManaged>false</systemManaged>
<isEditable>true</isEditable>
<columnRef>
<dataObject>ORACLE_PROCESSANALYTICS_PROCESS</dataObject>
<column>PROCESS_FAULT_TYPE</column>
</columnRef>
<hidden>false</hidden>
<columnType>DIMENSION</columnType>
</column>
<column>
<name>PROCESS_START_TIME</name>
<id>b9da25772af145dd9341d735e2bb99a2</id>
<displayName>Process Start Time</displayName>
<internal>false</internal>
<useHive>false</useHive>
<systemManaged>false</systemManaged>
<isEditable>true</isEditable>
<columnRef>
<dataObject>ORACLE_PROCESSANALYTICS_PROCESS</dataObject>
<column>PROCESS_START_TIME</column>
</columnRef>
<hidden>false</hidden>
<columnType>DIMENSION</columnType>
</column>
<column>
<name>PROCESS_END_TIME</name>
<id>e7f1b94f484d47adbf35c2970fe335d6</id>
<displayName>Process End Time</displayName>
<internal>false</internal>
<useHive>false</useHive>
<systemManaged>false</systemManaged>
<isEditable>true</isEditable>
<columnRef>
<dataObject>ORACLE_PROCESSANALYTICS_PROCESS</dataObject>
<column>PROCESS_END_TIME</column>
</columnRef>
<hidden>false</hidden>
<columnType>DIMENSION</columnType>
</column>
<column>
<name>PROCESS_LASTUPDATED_TIME</name>
<id>eb6e140faced4486b2a1cd5cd18c64d0</id>
<displayName>Last Updated Time</displayName>
<internal>false</internal>
<useHive>false</useHive>
<systemManaged>false</systemManaged>
<isEditable>true</isEditable>
<columnRef>
<dataObject>ORACLE_PROCESSANALYTICS_PROCESS</dataObject>
<column>PROCESS_LASTUPDATED_TIME</column>
</columnRef>
<hidden>false</hidden>
<columnType>ATTRIBUTE</columnType>
</column>
<column>
<name>PROCESS_RUNNING_TIME</name>
<id>41ebb29f27b245d38c09b1cf19e656c3</id>
<displayName>Process Running Time (millisecs)</displayName>
<internal>false</internal>
<useHive>false</useHive>
<systemManaged>false</systemManaged>
<isEditable>true</isEditable>
<columnRef>
<dataObject>ORACLE_PROCESSANALYTICS_PROCESS</dataObject>
<column>PROCESS_RUNNING_TIME</column>
</columnRef>
<hidden>false</hidden>
<columnType>MEASURE</columnType>
</column>
<column>
<name>PROCESS_SUSPEND_TIME</name>
<id>3e7803b0d6c7413199b10706cb785ea5</id>
<displayName>Process Suspend Time (millisecs)</displayName>
<internal>false</internal>
<useHive>false</useHive>
<systemManaged>false</systemManaged>
<isEditable>true</isEditable>
<columnRef>
<dataObject>ORACLE_PROCESSANALYTICS_PROCESS</dataObject>
<column>PROCESS_SUSPEND_TIME</column>
</columnRef>
<hidden>false</hidden>
<columnType>MEASURE</columnType>
</column>
<column>
<name>PROCESS_INSTANCE_STATUS</name>
<id>6a254571feee4ee29906e840dffd6340</id>
<displayName>Process Instance Status</displayName>
<internal>false</internal>
<useHive>false</useHive>
<systemManaged>false</systemManaged>
<isEditable>true</isEditable>
<columnRef>
<dataObject>ORACLE_PROCESSANALYTICS_PROCESS</dataObject>
<column>PROCESS_INSTANCE_STATUS</column>
</columnRef>
<hidden>false</hidden>
<columnType>DIMENSION</columnType>
</column>
<column>
<name>ECID</name>
<id>5e5b1c11649c43d6b43eee06f50c0074</id>
<displayName>ECID</displayName>
<internal>false</internal>
<useHive>false</useHive>
<systemManaged>false</systemManaged>
<isEditable>true</isEditable>
<columnRef>
<dataObject>ORACLE_PROCESSANALYTICS_PROCESS</dataObject>
<column>ECID</column>
</columnRef>
<hidden>false</hidden>
<columnType>ATTRIBUTE</columnType>
</column>
<column>
<name>CASEID</name>
<id>fae74405f4024420a1dcc5b5e431b733</id>
<displayName>Case ID</displayName>
<internal>false</internal>
<useHive>false</useHive>
<systemManaged>false</systemManaged>
<isEditable>true</isEditable>
<columnRef>
<dataObject>ORACLE_PROCESSANALYTICS_PROCESS</dataObject>
<column>CASEID</column>
</columnRef>
<hidden>false</hidden>
<columnType>ATTRIBUTE</columnType>
</column>
<column>
<name>TENANT_ID</name>
<id>15510be8ee56428ba2cb338af973e19a</id>
<displayName>Tenant ID</displayName>
<internal>false</internal>
<useHive>false</useHive>
<systemManaged>false</systemManaged>
<isEditable>true</isEditable>
<columnRef>
<dataObject>ORACLE_PROCESSANALYTICS_PROCESS</dataObject>
<column>TENANT_ID</column>
</columnRef>
<hidden>false</hidden>
<columnType>ATTRIBUTE</columnType>
</column>
<column>
<name>FLOW_ID</name>
<id>4361ac12c9694461a7b5fff74bbedea9</id>
<displayName>SCA Flow ID</displayName>
<internal>false</internal>
<useHive>false</useHive>
<systemManaged>false</systemManaged>
<isEditable>true</isEditable>
<columnRef>
<dataObject>ORACLE_PROCESSANALYTICS_PROCESS</dataObject>
<column>FLOW_ID</column>
</columnRef>
<hidden>false</hidden>
<columnType>ATTRIBUTE</columnType>
</column>
<column>
<name>COMPOSITE_DOMAIN_NAME</name>
<id>2c55f3a313d94807a0c322216aa0d864</id>
<displayName>Composite Domain Name</displayName>
<internal>false</internal>
<useHive>false</useHive>
<systemManaged>false</systemManaged>
<isEditable>true</isEditable>
<columnRef>
<dataObject>ORACLE_PROCESSANALYTICS_COMPOSITE_DEFINITION</dataObject>
<column>COMPOSITE_DOMAIN_NAME</column>
</columnRef>
<hidden>false</hidden>
<columnType>DIMENSION</columnType>
</column>
<column>
<name>COMPOSITE_NAME</name>
<id>65b3ee70d94849a48189ba9b1fc1b050</id>
<displayName>Composite Name</displayName>
<internal>false</internal>
<useHive>false</useHive>
<systemManaged>false</systemManaged>
<isEditable>true</isEditable>
<columnRef>
<dataObject>ORACLE_PROCESSANALYTICS_COMPOSITE_DEFINITION</dataObject>
<column>COMPOSITE_NAME</column>
</columnRef>
<hidden>false</hidden>
<columnType>DIMENSION</columnType>
</column>
<column>
<name>COMPOSITE_REVISION</name>
<id>69f1331676144ff484df94e391abb964</id>
<displayName>Composite Revision</displayName>
<internal>false</internal>
<useHive>false</useHive>
<systemManaged>false</systemManaged>
<isEditable>true</isEditable>
<columnRef>
<dataObject>ORACLE_PROCESSANALYTICS_COMPOSITE_DEFINITION</dataObject>
<column>COMPOSITE_REVISION</column>
</columnRef>
<hidden>false</hidden>
<columnType>DIMENSION</columnType>
</column>
<column>
<name>COMPOSITE_SCALABEL</name>
<id>4d356f1b0f8641ef904f752686c1fa7d</id>
<displayName>Composite SCA Label</displayName>
<internal>false</internal>
<useHive>false</useHive>
<systemManaged>false</systemManaged>
<isEditable>true</isEditable>
<columnRef>
<dataObject>ORACLE_PROCESSANALYTICS_COMPOSITE_DEFINITION</dataObject>
<column>COMPOSITE_SCALABEL</column>
</columnRef>
<hidden>false</hidden>
<columnType>DIMENSION</columnType>
</column>
<column>
<name>COMPOSITE_DN</name>
<id>447c9ab2ae2f4b459cd0d1ef6010186a</id>
<displayName>Composite DN</displayName>
<internal>false</internal>
<useHive>false</useHive>
<systemManaged>false</systemManaged>
<isEditable>true</isEditable>
<columnRef>
<dataObject>ORACLE_PROCESSANALYTICS_COMPOSITE_DEFINITION</dataObject>
<column>COMPOSITE_DN</column>
</columnRef>
<hidden>false</hidden>
<columnType>ATTRIBUTE</columnType>
</column>
<column>
<name>COMPOSITE_BACVERSION</name>
<id>e71ff773b7fa435c822d9024a2b85f05</id>
<displayName>Composite BAC Version</displayName>
<internal>false</internal>
<useHive>false</useHive>
<systemManaged>false</systemManaged>
<isEditable>true</isEditable>
<columnRef>
<dataObject>ORACLE_PROCESSANALYTICS_COMPOSITE_DEFINITION</dataObject>
<column>COMPOSITE_BACVERSION</column>
</columnRef>
<hidden>false</hidden>
<columnType>ATTRIBUTE</columnType>
</column>
<column>
<name>COMPOSITE_DEPLOY_STATUS</name>
<id>8559528543d94f258f6ed8634a4b2c27</id>
<displayName>Composite Deployment Status</displayName>
<internal>false</internal>
<useHive>false</useHive>
<systemManaged>false</systemManaged>
<isEditable>true</isEditable>
<columnRef>
<dataObject>ORACLE_PROCESSANALYTICS_COMPOSITE_DEFINITION</dataObject>
<column>COMPOSITE_DEPLOY_STATUS</column>
</columnRef>
<hidden>false</hidden>
<columnType>ATTRIBUTE</columnType>
</column>
<column>
<name>COMPOSITE_DEPLOYDATE</name>
<id>fee4a4f3da0247779bef516840d233ee</id>
<displayName>Composite Deploy Date</displayName>
<internal>false</internal>
<useHive>false</useHive>
<systemManaged>false</systemManaged>
<isEditable>true</isEditable>
<columnRef>
<dataObject>ORACLE_PROCESSANALYTICS_COMPOSITE_DEFINITION</dataObject>
<column>COMPOSITE_DEPLOYDATE</column>
</columnRef>
<hidden>false</hidden>
<columnType>ATTRIBUTE</columnType>
</column>
<column>
<name>COMPOSITE_UNDEPLOYDATE</name>
<id>8b946f5fb8074834949890c873c3fd5d</id>
<displayName>Composite Undeploy Date</displayName>
<internal>false</internal>
<useHive>false</useHive>
<systemManaged>false</systemManaged>
<isEditable>true</isEditable>
<columnRef>
<dataObject>ORACLE_PROCESSANALYTICS_COMPOSITE_DEFINITION</dataObject>
<column>COMPOSITE_UNDEPLOYDATE</column>
</columnRef>
<hidden>false</hidden>
<columnType>ATTRIBUTE</columnType>
</column>
<column>
<name>COMPOSITE_LASTUPDATED</name>
<id>e157fc687f13489c82d4a67be8c0d268</id>
<displayName>Composite Lastupdated Date</displayName>
<internal>false</internal>
<useHive>false</useHive>
<systemManaged>false</systemManaged>
<isEditable>true</isEditable>
<columnRef>
<dataObject>ORACLE_PROCESSANALYTICS_COMPOSITE_DEFINITION</dataObject>
<column>COMPOSITE_LASTUPDATED</column>
</columnRef>
<hidden>false</hidden>
<columnType>ATTRIBUTE</columnType>
</column>
<column>
<name>ANALYTICS_VIEWER_ROLE</name>
<id>afd0193a451b469383df98788191df8b</id>
<displayName>Analytics Viewer Role</displayName>
<internal>false</internal>
<useHive>false</useHive>
<systemManaged>false</systemManaged>
<isEditable>true</isEditable>
<columnRef>
<dataObject>ORACLE_PROCESSANALYTICS_COMPOSITE_DEFINITION</dataObject>
<column>ANALYTICS_VIEWER_ROLE</column>
</columnRef>
<hidden>false</hidden>
<columnType>ATTRIBUTE</columnType>
</column>
<column>
<name>PROCESS_NAME</name>
<id>86633a0526ad4f7ea6f7077b252e1ec9</id>
<displayName>Process Name</displayName>
<internal>false</internal>
<useHive>false</useHive>
<systemManaged>false</systemManaged>
<isEditable>true</isEditable>
<columnRef>
<dataObject>ORACLE_PROCESSANALYTICS_PROCESS_DEFINITION</dataObject>
<column>PROCESS_NAME</column>
</columnRef>
<hidden>false</hidden>
<columnType>DIMENSION</columnType>
</column>
<column>
<name>PROCESS_LABEL</name>
<id>37da4bc9bb8a4319ada0ca81407e7304</id>
<displayName>Process Display Name</displayName>
<internal>false</internal>
<useHive>false</useHive>
<systemManaged>false</systemManaged>
<isEditable>true</isEditable>
<columnRef>
<dataObject>ORACLE_PROCESSANALYTICS_PROCESS_DEFINITION</dataObject>
<column>PROCESS_LABEL</column>
</columnRef>
<hidden>false</hidden>
<columnType>DIMENSION</columnType>
</column>
<column>
<name>PROCESS_TYPE</name>
<id>dd66ecc769834ca8b9b514665dc67742</id>
<displayName>Process Type</displayName>
<internal>false</internal>
<useHive>false</useHive>
<systemManaged>false</systemManaged>
<isEditable>true</isEditable>
<columnRef>
<dataObject>ORACLE_PROCESSANALYTICS_PROCESS_DEFINITION</dataObject>
<column>PROCESS_TYPE</column>
</columnRef>
<hidden>false</hidden>
<columnType>ATTRIBUTE</columnType>
</column>
<column>
<name>PROCESS_DEPLOYMENT_STATUS</name>
<id>00401726802347778ec3f2b52a6bfeaf</id>
<displayName>Process Deployment Status</displayName>
<internal>false</internal>
<useHive>false</useHive>
<systemManaged>false</systemManaged>
<isEditable>true</isEditable>
<columnRef>
<dataObject>ORACLE_PROCESSANALYTICS_PROCESS_DEFINITION</dataObject>
<column>PROCESS_DEPLOYMENT_STATUS</column>
</columnRef>
<hidden>false</hidden>
<columnType>ATTRIBUTE</columnType>
</column>
<column>
<name>PROCESS_MIGRATION_STATUS</name>
<id>400b8c30185e42cb9d5cd01da9501737</id>
<displayName>Process Migration Status</displayName>
<internal>false</internal>
<useHive>false</useHive>
<systemManaged>false</systemManaged>
<isEditable>true</isEditable>
<columnRef>
<dataObject>ORACLE_PROCESSANALYTICS_PROCESS_DEFINITION</dataObject>
<column>PROCESS_MIGRATION_STATUS</column>
</columnRef>
<hidden>false</hidden>
<columnType>ATTRIBUTE</columnType>
</column>
<column>
<name>ORGUNITID</name>
<id>80afa061c72c4a63a31a945554f1b142</id>
<displayName>Organization Unit ID</displayName>
<internal>false</internal>
<useHive>false</useHive>
<systemManaged>false</systemManaged>
<isEditable>true</isEditable>
<columnRef>
<dataObject>ORACLE_PROCESSANALYTICS_PROCESS_DEFINITION</dataObject>
<column>ORGUNITID</column>
</columnRef>
<hidden>false</hidden>
<columnType>ATTRIBUTE</columnType>
</column>
<column>
<name>PROCESS_DEPLOYDATE</name>
<id>7e63d4441b7041dd981dd58d83f9ad6b</id>
<displayName>Process Deploy Date</displayName>
<internal>false</internal>
<useHive>false</useHive>
<systemManaged>false</systemManaged>
<isEditable>true</isEditable>
<columnRef>
<dataObject>ORACLE_PROCESSANALYTICS_PROCESS_DEFINITION</dataObject>
<column>PROCESS_DEPLOYDATE</column>
</columnRef>
<hidden>false</hidden>
<columnType>ATTRIBUTE</columnType>
</column>
<column>
<name>PROCESS_UNDEPLOYDATE</name>
<id>97b34c116ced492ba06147cf6083f414</id>
<displayName>Process Undeploy Date</displayName>
<internal>false</internal>
<useHive>false</useHive>
<systemManaged>false</systemManaged>
<isEditable>true</isEditable>
<columnRef>
<dataObject>ORACLE_PROCESSANALYTICS_PROCESS_DEFINITION</dataObject>
<column>PROCESS_UNDEPLOYDATE</column>
</columnRef>
<hidden>false</hidden>
<columnType>ATTRIBUTE</columnType>
</column>
<column>
<name>PROCESS_DEFN_LASTUPDATED</name>
<id>45a102fe6e9b4f2a9b78c963d055b3cb</id>
<displayName>Process Definition Last Updated Date</displayName>
<internal>false</internal>
<useHive>false</useHive>
<systemManaged>false</systemManaged>
<isEditable>true</isEditable>
<columnRef>
<dataObject>ORACLE_PROCESSANALYTICS_PROCESS_DEFINITION</dataObject>
<column>PROCESS_DEFN_LASTUPDATED</column>
</columnRef>
<hidden>false</hidden>
<columnType>ATTRIBUTE</columnType>
</column>
<column>
<name>PROCESS_OWNER_ROLE</name>
<id>364ea1ae784b47179196c9b06c04f8b8</id>
<displayName>Process Owner Role</displayName>
<internal>false</internal>
<useHive>false</useHive>
<systemManaged>false</systemManaged>
<isEditable>true</isEditable>
<columnRef>
<dataObject>ORACLE_PROCESSANALYTICS_PROCESS_DEFINITION</dataObject>
<column>PROCESS_OWNER_ROLE</column>
</columnRef>
<hidden>false</hidden>
<columnType>ATTRIBUTE</columnType>
</column>
<column>
<name>PROCESS_REVIEWER_ROLE</name>
<id>85ef88505cc244618691e72e0402e2c6</id>
<displayName>Process Reviewer Role</displayName>
<internal>false</internal>
<useHive>false</useHive>
<systemManaged>false</systemManaged>
<isEditable>true</isEditable>
<columnRef>
<dataObject>ORACLE_PROCESSANALYTICS_PROCESS_DEFINITION</dataObject>
<column>PROCESS_REVIEWER_ROLE</column>
</columnRef>
<hidden>false</hidden>
<columnType>ATTRIBUTE</columnType>
</column>
<column>
<name>PROCESS_ISPRIMARY</name>
<id>23ef8c244ce546ea88311634eb610798</id>
<displayName>Is Primary Process</displayName>
<internal>false</internal>
<useHive>false</useHive>
<systemManaged>false</systemManaged>
<isEditable>true</isEditable>
<columnRef>
<dataObject>ORACLE_PROCESSANALYTICS_PROCESS_DEFINITION</dataObject>
<column>PROCESS_ISPRIMARY</column>
</columnRef>
<hidden>false</hidden>
<columnType>ATTRIBUTE</columnType>
</column>
<column>
<name>PROCESS_INSTANCE_TITLE</name>
<id>dcc4bf6ac273434e8133f65a6fcacb99</id>
<displayName>Process Instance Title</displayName>
<internal>false</internal>
<useHive>false</useHive>
<systemManaged>false</systemManaged>
<isEditable>true</isEditable>
<columnRef>
<dataObject>ORACLE_PROCESSANALYTICS_PROCESS</dataObject>
<column>PROCESS_INSTANCE_TITLE</column>
</columnRef>
<hidden>false</hidden>
<columnType>ATTRIBUTE</columnType>
</column>
<column>
<name>CASE_DEFINITION_ID</name>
<id>2315f96b1e4f43de8a64260ea7b75cb5</id>
<displayName>Case Definition ID</displayName>
<internal>false</internal>
<useHive>false</useHive>
<systemManaged>false</systemManaged>
<isEditable>true</isEditable>
<columnRef>
<dataObject>ORACLE_PROCESSANALYTICS_PROCESS</dataObject>
<column>CASE_DEFINITION_ID</column>
</columnRef>
<hidden>false</hidden>
<columnType>ATTRIBUTE</columnType>
</column>
<column>
<name>PROCESS_DUE_TIME</name>
<id>0ce2cb205b494928a3a238d3934f5d47</id>
<displayName>Process Due Time</displayName>
<internal>false</internal>
<useHive>false</useHive>
<systemManaged>false</systemManaged>
<isEditable>true</isEditable>
<columnRef>
<dataObject>ORACLE_PROCESSANALYTICS_PROCESS</dataObject>
<column>PROCESS_DUE_TIME</column>
</columnRef>
<hidden>false</hidden>
<columnType>ATTRIBUTE</columnType>
</column>
<column>
<name>PROCESS_ESTIMATED_TIME</name>
<id>932bc5fa91ab405cb0d843ac2afaa899</id>
<displayName>Process Estimated Time</displayName>
<internal>false</internal>
<useHive>false</useHive>
<systemManaged>false</systemManaged>
<isEditable>true</isEditable>
<columnRef>
<dataObject>ORACLE_PROCESSANALYTICS_PROCESS</dataObject>
<column>PROCESS_ESTIMATED_TIME</column>
</columnRef>
<hidden>false</hidden>
<columnType>ATTRIBUTE</columnType>
</column>
<column>
<name>PROCESS_EXPIRATION_TIME</name>
<id>a0ce356989af4aebad86a3f1346dc848</id>
<displayName>Process Expiration Time</displayName>
<internal>false</internal>
<useHive>false</useHive>
<systemManaged>false</systemManaged>
<isEditable>true</isEditable>
<columnRef>
<dataObject>ORACLE_PROCESSANALYTICS_PROCESS</dataObject>
<column>PROCESS_EXPIRATION_TIME</column>
</columnRef>
<hidden>false</hidden>
<columnType>ATTRIBUTE</columnType>
</column>
<column>
<name>DATAOBJECT_CREATED</name>
<id>e57091c7cb3f49edb7c1bd682e17170a</id>
<displayName>DATAOBJECT_CREATED</displayName>
<internal>false</internal>
<useHive>false</useHive>
<systemManaged>false</systemManaged>
<isEditable>true</isEditable>
<columnRef>
<dataObject>ORACLE_PROCESSANALYTICS_PROCESS</dataObject>
<column>DATAOBJECT_CREATED</column>
</columnRef>
<hidden>false</hidden>
<columnType>ATTRIBUTE</columnType>
</column>
<column>
<name>DATAOBJECT_MODIFIED</name>
<id>29a0bbcbe6e14540a1c49cd30a1b8658</id>
<displayName>DATAOBJECT_MODIFIED</displayName>
<internal>false</internal>
<useHive>false</useHive>
<systemManaged>false</systemManaged>
<isEditable>true</isEditable>
<columnRef>
<dataObject>ORACLE_PROCESSANALYTICS_PROCESS</dataObject>
<column>DATAOBJECT_MODIFIED</column>
</columnRef>
<hidden>false</hidden>
<columnType>ATTRIBUTE</columnType>
</column>
<column>
<name>IS_RECOVERABLE</name>
<id>e84d357ff7284721a23004175d6bdec9</id>
<displayName>Is Recoverable</displayName>
<internal>false</internal>
<useHive>false</useHive>
<systemManaged>false</systemManaged>
<isEditable>true</isEditable>
<columnRef>
<dataObject>ORACLE_PROCESSANALYTICS_PROCESS</dataObject>
<column>IS_RECOVERABLE</column>
</columnRef>
<hidden>false</hidden>
<columnType>ATTRIBUTE</columnType>
</column>
</columns>
<hierarchies>
<hierarchy>
<name>CompositeProcessStatusHierarchy</name>
<id>ee7a8274808844768d5c65dd23f8e258</id>
<displayName>CompositeProcessStatusHierarchy</displayName>
<internal>false</internal>
<useHive>false</useHive>
<systemManaged>false</systemManaged>
<isEditable>true</isEditable>
<columns>
<column>
<dataObject>ORACLE_PROCESSANALYTICS_BPM_PROCESS</dataObject>
<column>COMPOSITE_NAME</column>
</column>
<column>
<dataObject>ORACLE_PROCESSANALYTICS_BPM_PROCESS</dataObject>
<column>PROCESS_LABEL</column>
</column>
<column>
<dataObject>ORACLE_PROCESSANALYTICS_BPM_PROCESS</dataObject>
<column>PROCESS_INSTANCE_STATUS</column>
</column>
</columns>
</hierarchy>
<hierarchy>
<name>CompositeProcessHierarchy</name>
<id>2872fc8a1c484c0bb28302350494d277</id>
<displayName>CompositeProcessHierarchy</displayName>
<internal>false</internal>
<useHive>false</useHive>
<systemManaged>false</systemManaged>
<isEditable>true</isEditable>
<columns>
<column>
<dataObject>ORACLE_PROCESSANALYTICS_BPM_PROCESS</dataObject>
<column>COMPOSITE_NAME</column>
</column>
<column>
<dataObject>ORACLE_PROCESSANALYTICS_BPM_PROCESS</dataObject>
<column>PROCESS_LABEL</column>
</column>
</columns>
</hierarchy>
<hierarchy>
<name>ProcessStatusHierarchy</name>
<id>09b06721259a49bf90498633a790fa66</id>
<displayName>ProcessStatusHierarchy</displayName>
<internal>false</internal>
<useHive>false</useHive>
<systemManaged>false</systemManaged>
<isEditable>true</isEditable>
<columns>
<column>
<dataObject>ORACLE_PROCESSANALYTICS_BPM_PROCESS</dataObject>
<column>PROCESS_LABEL</column>
</column>
<column>
<dataObject>ORACLE_PROCESSANALYTICS_BPM_PROCESS</dataObject>
<column>PROCESS_INSTANCE_STATUS</column>
</column>
</columns>
</hierarchy>
</hierarchies>
<joins>
<join>
<id>7f55f96d95f84b848a1d76aa3f7da656</id>
<internal>false</internal>
<useHive>false</useHive>
<systemManaged>false</systemManaged>
<isEditable>true</isEditable>
<leftColumns>
<column>
<dataObject>ORACLE_PROCESSANALYTICS_PROCESS</dataObject>
<column>PROCESS_DEFINITION_ID</column>
</column>
</leftColumns>
<rightColumns>
<column>
<dataObject>ORACLE_PROCESSANALYTICS_PROCESS_DEFINITION</dataObject>
<column>BEAM_ID</column>
</column>
</rightColumns>
<joinType>innerJoin</joinType>
</join>
<join>
<id>7680014d705f469c856e05ff879be1b7</id>
<internal>false</internal>
<useHive>false</useHive>
<systemManaged>false</systemManaged>
<isEditable>true</isEditable>
<leftColumns>
<column>
<dataObject>ORACLE_PROCESSANALYTICS_PROCESS</dataObject>
<column>COMPOSITE_DEFINITION_ID</column>
</column>
</leftColumns>
<rightColumns>
<column>
<dataObject>ORACLE_PROCESSANALYTICS_COMPOSITE_DEFINITION</dataObject>
<column>BEAM_ID</column>
</column>
</rightColumns>
<joinType>innerJoin</joinType>
</join>
</joins>
<filter>
<type>ALL</type>
<branches>
<branch>
<type>ANY</type>
<branches/>
<entries>
<entry>
<column>PROCESS_DEPLOYMENT_STATUS</column>
<lhsColumn>
<name>PROCESS_DEPLOYMENT_STATUS</name>
<displayName>Process Deployment Status</displayName>
</lhsColumn>
<operator>EQ</operator>
<rhsValue>
<value xmlns:xsd="http://www.w3.org/2001/XMLSchema" xmlns:xsi="http://www.w3.org/2001/XMLSchema-instance" xsi:type="xsd:decimal">1</value>
</rhsValue>
<isDateTimeLike>false</isDateTimeLike>
<dateCompareMode>DATETIME</dateCompareMode>
</entry>
<entry>
<column>PROCESS_INSTANCE_STATUS</column>
<lhsColumn>
<name>PROCESS_INSTANCE_STATUS</name>
<displayName>Process Instance Status</displayName>
</lhsColumn>
<operator>EQ</operator>
<rhsValue>
<value xmlns:xsd="http://www.w3.org/2001/XMLSchema" xmlns:xsi="http://www.w3.org/2001/XMLSchema-instance" xsi:type="xsd:string">COMPLETED</value>
</rhsValue>
<isDateTimeLike>false</isDateTimeLike>
<dateCompareMode>DATETIME</dateCompareMode>
</entry>
</entries>
<none>false</none>
</branch>
</branches>
<entries/>
<none>false</none>
</filter>
<eventIdColName>BEAM_ID</eventIdColName>
<bIncludeCFinView>false</bIncludeCFinView>
</ns0:logicalDataObject>